GNU Make 4.3
Built for x86_64-slackware-linux-gnu
Copyright (C) 1988-2020 Free Software Foundation, Inc.
License GPLv3+: GNU GPL version 3 or later <http://gnu.org/licenses/gpl.html>
This is free software: you are free to change and redistribute it.
There is NO WARRANTY, to the extent permitted by law.
Reading makefiles...
Reading makefile 'Makefile'...
Reading makefile '/home/jaloo/slackware/qemu/bios/seabios/src/seabios/.config' (search path) (don't care) (no ~ expansion)...
Reading makefile 'out/*.d' (search path) (don't care) (no ~ expansion)...
Reading makefile 'out/src/*.d' (search path) (don't care) (no ~ expansion)...
Reading makefile 'out/src/hw/*.d' (search path) (don't care) (no ~ expansion)...
Reading makefile 'out/src/fw/*.d' (search path) (don't care) (no ~ expansion)...
Reading makefile 'out/vgasrc/*.d' (search path) (don't care) (no ~ expansion)...
Updating makefiles....
 Considering target file 'out/vgasrc/*.d'.
  File 'out/vgasrc/*.d' does not exist.
  Looking for an implicit rule for 'out/vgasrc/*.d'.
  Trying pattern rule with stem '*.d'.
  Trying implicit prerequisite 'out/vgasrc/*.d.o'.
  Trying pattern rule with stem '*.d'.
  Trying implicit prerequisite 'out/vgasrc/*.d.c'.
  Trying pattern rule with stem '*.d'.
  Trying implicit prerequisite 'out/vgasrc/*.d.cc'.
  Trying pattern rule with stem '*.d'.
  Trying implicit prerequisite 'out/vgasrc/*.d.C'.
  Trying pattern rule with stem '*.d'.
  Trying implicit prerequisite 'out/vgasrc/*.d.cpp'.
  Trying pattern rule with stem '*.d'.
  Trying implicit prerequisite 'out/vgasrc/*.d.p'.
  Trying pattern rule with stem '*.d'.
  Trying implicit prerequisite 'out/vgasrc/*.d.f'.
  Trying pattern rule with stem '*.d'.
  Trying implicit prerequisite 'out/vgasrc/*.d.F'.
  Trying pattern rule with stem '*.d'.
  Trying implicit prerequisite 'out/vgasrc/*.d.m'.
  Trying pattern rule with stem '*.d'.
  Trying implicit prerequisite 'out/vgasrc/*.d.r'.
  Trying pattern rule with stem '*.d'.
  Trying implicit prerequisite 'out/vgasrc/*.d.s'.
  Trying pattern rule with stem '*.d'.
  Trying implicit prerequisite 'out/vgasrc/*.d.S'.
  Trying pattern rule with stem '*.d'.
  Trying implicit prerequisite 'out/vgasrc/*.d.mod'.
  Trying pattern rule with stem '*.d'.
  Trying implicit prerequisite 'out/vgasrc/*.d.sh'.
  Trying pattern rule with stem '*.d'.
  Trying implicit prerequisite 'out/vgasrc/*.d,v'.
  Trying pattern rule with stem '*.d'.
  Trying implicit prerequisite 'out/vgasrc/RCS/*.d,v'.
  Trying pattern rule with stem '*.d'.
  Trying implicit prerequisite 'out/vgasrc/RCS/*.d'.
  Trying pattern rule with stem '*.d'.
  Trying implicit prerequisite 'out/vgasrc/s.*.d'.
  Trying pattern rule with stem '*.d'.
  Trying implicit prerequisite 'out/vgasrc/SCCS/s.*.d'.
  Trying pattern rule with stem '*.d'.
  Trying implicit prerequisite 'out/vgasrc/*.d.o'.
  Looking for a rule with intermediate file 'out/vgasrc/*.d.o'.
   Avoiding implicit rule recursion.
   Trying pattern rule with stem 'vgasrc/*.d'.
   Trying implicit prerequisite 'vgasrc/*.d.c'.
   Trying pattern rule with stem '*.d'.
   Trying implicit prerequisite 'out/vgasrc/*.d.c'.
   Trying pattern rule with stem '*.d'.
   Trying implicit prerequisite 'out/vgasrc/*.d.cc'.
   Trying pattern rule with stem '*.d'.
   Trying implicit prerequisite 'out/vgasrc/*.d.C'.
   Trying pattern rule with stem '*.d'.
   Trying implicit prerequisite 'out/vgasrc/*.d.cpp'.
   Trying pattern rule with stem '*.d'.
   Trying implicit prerequisite 'out/vgasrc/*.d.p'.
   Trying pattern rule with stem '*.d'.
   Trying implicit prerequisite 'out/vgasrc/*.d.f'.
   Trying pattern rule with stem '*.d'.
   Trying implicit prerequisite 'out/vgasrc/*.d.F'.
   Trying pattern rule with stem '*.d'.
   Trying implicit prerequisite 'out/vgasrc/*.d.m'.
   Trying pattern rule with stem '*.d'.
   Trying implicit prerequisite 'out/vgasrc/*.d.r'.
   Trying pattern rule with stem '*.d'.
   Trying implicit prerequisite 'out/vgasrc/*.d.s'.
   Trying pattern rule with stem '*.d'.
   Trying implicit prerequisite 'out/vgasrc/*.d.S'.
   Trying pattern rule with stem '*.d'.
   Trying implicit prerequisite 'out/vgasrc/*.d.mod'.
   Trying pattern rule with stem '*.d.o'.
   Trying implicit prerequisite 'out/vgasrc/*.d.o,v'.
   Trying pattern rule with stem '*.d.o'.
   Trying implicit prerequisite 'out/vgasrc/RCS/*.d.o,v'.
   Trying pattern rule with stem '*.d.o'.
   Trying implicit prerequisite 'out/vgasrc/RCS/*.d.o'.
   Trying pattern rule with stem '*.d.o'.
   Trying implicit prerequisite 'out/vgasrc/s.*.d.o'.
   Trying pattern rule with stem '*.d.o'.
   Trying implicit prerequisite 'out/vgasrc/SCCS/s.*.d.o'.
   Trying pattern rule with stem 'vgasrc/*.d'.
   Trying implicit prerequisite 'vgasrc/*.d.c'.
   Looking for a rule with intermediate file 'vgasrc/*.d.c'.
    Avoiding implicit rule recursion.
    Avoiding implicit rule recursion.
    Trying pattern rule with stem '*.d'.
    Trying implicit prerequisite 'vgasrc/*.d.y'.
    Trying pattern rule with stem '*.d'.
    Trying implicit prerequisite 'vgasrc/*.d.l'.
    Trying pattern rule with stem '*.d'.
    Trying implicit prerequisite 'vgasrc/*.d.w'.
    Trying pattern rule with stem '*.d'.
    Trying implicit prerequisite 'vgasrc/*.d.w'.
    Trying pattern rule with stem '*.d.c'.
    Trying implicit prerequisite 'vgasrc/*.d.c,v'.
    Trying pattern rule with stem '*.d.c'.
    Trying implicit prerequisite 'vgasrc/RCS/*.d.c,v'.
    Trying pattern rule with stem '*.d.c'.
    Trying implicit prerequisite 'vgasrc/RCS/*.d.c'.
    Trying pattern rule with stem '*.d.c'.
    Trying implicit prerequisite 'vgasrc/s.*.d.c'.
    Trying pattern rule with stem '*.d.c'.
    Trying implicit prerequisite 'vgasrc/SCCS/s.*.d.c'.
    Trying pattern rule with stem '*.d'.
    Trying implicit prerequisite 'vgasrc/*.d.y'.
    Looking for a rule with intermediate file 'vgasrc/*.d.y'.
     Avoiding implicit rule recursion.
     Avoiding implicit rule recursion.
     Avoiding implicit rule recursion.
     Trying pattern rule with stem '*.d.y'.
     Trying implicit prerequisite 'vgasrc/*.d.y,v'.
     Trying pattern rule with stem '*.d.y'.
     Trying implicit prerequisite 'vgasrc/RCS/*.d.y,v'.
     Trying pattern rule with stem '*.d.y'.
     Trying implicit prerequisite 'vgasrc/RCS/*.d.y'.
     Trying pattern rule with stem '*.d.y'.
     Trying implicit prerequisite 'vgasrc/s.*.d.y'.
     Trying pattern rule with stem '*.d.y'.
     Trying implicit prerequisite 'vgasrc/SCCS/s.*.d.y'.
    Trying pattern rule with stem '*.d'.
    Trying implicit prerequisite 'vgasrc/*.d.l'.
    Looking for a rule with intermediate file 'vgasrc/*.d.l'.
     Avoiding implicit rule recursion.
     Avoiding implicit rule recursion.
     Avoiding implicit rule recursion.
     Trying pattern rule with stem '*.d.l'.
     Trying implicit prerequisite 'vgasrc/*.d.l,v'.
     Trying pattern rule with stem '*.d.l'.
     Trying implicit prerequisite 'vgasrc/RCS/*.d.l,v'.
     Trying pattern rule with stem '*.d.l'.
     Trying implicit prerequisite 'vgasrc/RCS/*.d.l'.
     Trying pattern rule with stem '*.d.l'.
     Trying implicit prerequisite 'vgasrc/s.*.d.l'.
     Trying pattern rule with stem '*.d.l'.
     Trying implicit prerequisite 'vgasrc/SCCS/s.*.d.l'.
    Trying pattern rule with stem '*.d'.
    Trying implicit prerequisite 'vgasrc/*.d.w'.
    Looking for a rule with intermediate file 'vgasrc/*.d.w'.
     Avoiding implicit rule recursion.
     Avoiding implicit rule recursion.
     Avoiding implicit rule recursion.
     Trying pattern rule with stem '*.d.w'.
     Trying implicit prerequisite 'vgasrc/*.d.w,v'.
     Trying pattern rule with stem '*.d.w'.
     Trying implicit prerequisite 'vgasrc/RCS/*.d.w,v'.
     Trying pattern rule with stem '*.d.w'.
     Trying implicit prerequisite 'vgasrc/RCS/*.d.w'.
     Trying pattern rule with stem '*.d.w'.
     Trying implicit prerequisite 'vgasrc/s.*.d.w'.
     Trying pattern rule with stem '*.d.w'.
     Trying implicit prerequisite 'vgasrc/SCCS/s.*.d.w'.
    Trying pattern rule with stem '*.d'.
    Rejecting impossible implicit prerequisite 'vgasrc/*.d.w'.
   Trying pattern rule with stem '*.d'.
   Trying implicit prerequisite 'out/vgasrc/*.d.c'.
   Looking for a rule with intermediate file 'out/vgasrc/*.d.c'.
    Avoiding implicit rule recursion.
    Avoiding implicit rule recursion.
    Trying pattern rule with stem '*.d'.
    Trying implicit prerequisite 'out/vgasrc/*.d.y'.
    Trying pattern rule with stem '*.d'.
    Trying implicit prerequisite 'out/vgasrc/*.d.l'.
    Trying pattern rule with stem '*.d'.
    Trying implicit prerequisite 'out/vgasrc/*.d.w'.
    Trying pattern rule with stem '*.d'.
    Trying implicit prerequisite 'out/vgasrc/*.d.w'.
    Trying pattern rule with stem '*.d.c'.
    Trying implicit prerequisite 'out/vgasrc/*.d.c,v'.
    Trying pattern rule with stem '*.d.c'.
    Trying implicit prerequisite 'out/vgasrc/RCS/*.d.c,v'.
    Trying pattern rule with stem '*.d.c'.
    Trying implicit prerequisite 'out/vgasrc/RCS/*.d.c'.
    Trying pattern rule with stem '*.d.c'.
    Trying implicit prerequisite 'out/vgasrc/s.*.d.c'.
    Trying pattern rule with stem '*.d.c'.
    Trying implicit prerequisite 'out/vgasrc/SCCS/s.*.d.c'.
    Trying pattern rule with stem '*.d'.
    Trying implicit prerequisite 'out/vgasrc/*.d.y'.
    Looking for a rule with intermediate file 'out/vgasrc/*.d.y'.
     Avoiding implicit rule recursion.
     Avoiding implicit rule recursion.
     Avoiding implicit rule recursion.
     Trying pattern rule with stem '*.d.y'.
     Trying implicit prerequisite 'out/vgasrc/*.d.y,v'.
     Trying pattern rule with stem '*.d.y'.
     Trying implicit prerequisite 'out/vgasrc/RCS/*.d.y,v'.
     Trying pattern rule with stem '*.d.y'.
     Trying implicit prerequisite 'out/vgasrc/RCS/*.d.y'.
     Trying pattern rule with stem '*.d.y'.
     Trying implicit prerequisite 'out/vgasrc/s.*.d.y'.
     Trying pattern rule with stem '*.d.y'.
     Trying implicit prerequisite 'out/vgasrc/SCCS/s.*.d.y'.
    Trying pattern rule with stem '*.d'.
    Trying implicit prerequisite 'out/vgasrc/*.d.l'.
    Looking for a rule with intermediate file 'out/vgasrc/*.d.l'.
     Avoiding implicit rule recursion.
     Avoiding implicit rule recursion.
     Avoiding implicit rule recursion.
     Trying pattern rule with stem '*.d.l'.
     Trying implicit prerequisite 'out/vgasrc/*.d.l,v'.
     Trying pattern rule with stem '*.d.l'.
     Trying implicit prerequisite 'out/vgasrc/RCS/*.d.l,v'.
     Trying pattern rule with stem '*.d.l'.
     Trying implicit prerequisite 'out/vgasrc/RCS/*.d.l'.
     Trying pattern rule with stem '*.d.l'.
     Trying implicit prerequisite 'out/vgasrc/s.*.d.l'.
     Trying pattern rule with stem '*.d.l'.
     Trying implicit prerequisite 'out/vgasrc/SCCS/s.*.d.l'.
    Trying pattern rule with stem '*.d'.
    Trying implicit prerequisite 'out/vgasrc/*.d.w'.
    Looking for a rule with intermediate file 'out/vgasrc/*.d.w'.
     Avoiding implicit rule recursion.
     Avoiding implicit rule recursion.
     Avoiding implicit rule recursion.
     Trying pattern rule with stem '*.d.w'.
     Trying implicit prerequisite 'out/vgasrc/*.d.w,v'.
     Trying pattern rule with stem '*.d.w'.
     Trying implicit prerequisite 'out/vgasrc/RCS/*.d.w,v'.
     Trying pattern rule with stem '*.d.w'.
     Trying implicit prerequisite 'out/vgasrc/RCS/*.d.w'.
     Trying pattern rule with stem '*.d.w'.
     Trying implicit prerequisite 'out/vgasrc/s.*.d.w'.
     Trying pattern rule with stem '*.d.w'.
     Trying implicit prerequisite 'out/vgasrc/SCCS/s.*.d.w'.
    Trying pattern rule with stem '*.d'.
    Rejecting impossible implicit prerequisite 'out/vgasrc/*.d.w'.
   Trying pattern rule with stem '*.d'.
   Trying implicit prerequisite 'out/vgasrc/*.d.cc'.
   Looking for a rule with intermediate file 'out/vgasrc/*.d.cc'.
    Avoiding implicit rule recursion.
    Avoiding implicit rule recursion.
    Trying pattern rule with stem '*.d.cc'.
    Trying implicit prerequisite 'out/vgasrc/*.d.cc,v'.
    Trying pattern rule with stem '*.d.cc'.
    Trying implicit prerequisite 'out/vgasrc/RCS/*.d.cc,v'.
    Trying pattern rule with stem '*.d.cc'.
    Trying implicit prerequisite 'out/vgasrc/RCS/*.d.cc'.
    Trying pattern rule with stem '*.d.cc'.
    Trying implicit prerequisite 'out/vgasrc/s.*.d.cc'.
    Trying pattern rule with stem '*.d.cc'.
    Trying implicit prerequisite 'out/vgasrc/SCCS/s.*.d.cc'.
   Trying pattern rule with stem '*.d'.
   Trying implicit prerequisite 'out/vgasrc/*.d.C'.
   Looking for a rule with intermediate file 'out/vgasrc/*.d.C'.
    Avoiding implicit rule recursion.
    Avoiding implicit rule recursion.
    Trying pattern rule with stem '*.d.C'.
    Trying implicit prerequisite 'out/vgasrc/*.d.C,v'.
    Trying pattern rule with stem '*.d.C'.
    Trying implicit prerequisite 'out/vgasrc/RCS/*.d.C,v'.
    Trying pattern rule with stem '*.d.C'.
    Trying implicit prerequisite 'out/vgasrc/RCS/*.d.C'.
    Trying pattern rule with stem '*.d.C'.
    Trying implicit prerequisite 'out/vgasrc/s.*.d.C'.
    Trying pattern rule with stem '*.d.C'.
    Trying implicit prerequisite 'out/vgasrc/SCCS/s.*.d.C'.
   Trying pattern rule with stem '*.d'.
   Trying implicit prerequisite 'out/vgasrc/*.d.cpp'.
   Looking for a rule with intermediate file 'out/vgasrc/*.d.cpp'.
    Avoiding implicit rule recursion.
    Avoiding implicit rule recursion.
    Trying pattern rule with stem '*.d.cpp'.
    Trying implicit prerequisite 'out/vgasrc/*.d.cpp,v'.
    Trying pattern rule with stem '*.d.cpp'.
    Trying implicit prerequisite 'out/vgasrc/RCS/*.d.cpp,v'.
    Trying pattern rule with stem '*.d.cpp'.
    Trying implicit prerequisite 'out/vgasrc/RCS/*.d.cpp'.
    Trying pattern rule with stem '*.d.cpp'.
    Trying implicit prerequisite 'out/vgasrc/s.*.d.cpp'.
    Trying pattern rule with stem '*.d.cpp'.
    Trying implicit prerequisite 'out/vgasrc/SCCS/s.*.d.cpp'.
   Trying pattern rule with stem '*.d'.
   Trying implicit prerequisite 'out/vgasrc/*.d.p'.
   Looking for a rule with intermediate file 'out/vgasrc/*.d.p'.
    Avoiding implicit rule recursion.
    Avoiding implicit rule recursion.
    Trying pattern rule with stem '*.d'.
    Trying implicit prerequisite 'out/vgasrc/*.d.web'.
    Trying pattern rule with stem '*.d.p'.
    Trying implicit prerequisite 'out/vgasrc/*.d.p,v'.
    Trying pattern rule with stem '*.d.p'.
    Trying implicit prerequisite 'out/vgasrc/RCS/*.d.p,v'.
    Trying pattern rule with stem '*.d.p'.
    Trying implicit prerequisite 'out/vgasrc/RCS/*.d.p'.
    Trying pattern rule with stem '*.d.p'.
    Trying implicit prerequisite 'out/vgasrc/s.*.d.p'.
    Trying pattern rule with stem '*.d.p'.
    Trying implicit prerequisite 'out/vgasrc/SCCS/s.*.d.p'.
    Trying pattern rule with stem '*.d'.
    Trying implicit prerequisite 'out/vgasrc/*.d.web'.
    Looking for a rule with intermediate file 'out/vgasrc/*.d.web'.
     Avoiding implicit rule recursion.
     Avoiding implicit rule recursion.
     Avoiding implicit rule recursion.
     Trying pattern rule with stem '*.d.web'.
     Trying implicit prerequisite 'out/vgasrc/*.d.web,v'.
     Trying pattern rule with stem '*.d.web'.
     Trying implicit prerequisite 'out/vgasrc/RCS/*.d.web,v'.
     Trying pattern rule with stem '*.d.web'.
     Trying implicit prerequisite 'out/vgasrc/RCS/*.d.web'.
     Trying pattern rule with stem '*.d.web'.
     Trying implicit prerequisite 'out/vgasrc/s.*.d.web'.
     Trying pattern rule with stem '*.d.web'.
     Trying implicit prerequisite 'out/vgasrc/SCCS/s.*.d.web'.
   Trying pattern rule with stem '*.d'.
   Trying implicit prerequisite 'out/vgasrc/*.d.f'.
   Looking for a rule with intermediate file 'out/vgasrc/*.d.f'.
    Avoiding implicit rule recursion.
    Avoiding implicit rule recursion.
    Trying pattern rule with stem '*.d'.
    Trying implicit prerequisite 'out/vgasrc/*.d.F'.
    Trying pattern rule with stem '*.d'.
    Trying implicit prerequisite 'out/vgasrc/*.d.r'.
    Trying pattern rule with stem '*.d.f'.
    Trying implicit prerequisite 'out/vgasrc/*.d.f,v'.
    Trying pattern rule with stem '*.d.f'.
    Trying implicit prerequisite 'out/vgasrc/RCS/*.d.f,v'.
    Trying pattern rule with stem '*.d.f'.
    Trying implicit prerequisite 'out/vgasrc/RCS/*.d.f'.
    Trying pattern rule with stem '*.d.f'.
    Trying implicit prerequisite 'out/vgasrc/s.*.d.f'.
    Trying pattern rule with stem '*.d.f'.
    Trying implicit prerequisite 'out/vgasrc/SCCS/s.*.d.f'.
    Trying pattern rule with stem '*.d'.
    Trying implicit prerequisite 'out/vgasrc/*.d.F'.
    Looking for a rule with intermediate file 'out/vgasrc/*.d.F'.
     Avoiding implicit rule recursion.
     Avoiding implicit rule recursion.
     Avoiding implicit rule recursion.
     Trying pattern rule with stem '*.d.F'.
     Trying implicit prerequisite 'out/vgasrc/*.d.F,v'.
     Trying pattern rule with stem '*.d.F'.
     Trying implicit prerequisite 'out/vgasrc/RCS/*.d.F,v'.
     Trying pattern rule with stem '*.d.F'.
     Trying implicit prerequisite 'out/vgasrc/RCS/*.d.F'.
     Trying pattern rule with stem '*.d.F'.
     Trying implicit prerequisite 'out/vgasrc/s.*.d.F'.
     Trying pattern rule with stem '*.d.F'.
     Trying implicit prerequisite 'out/vgasrc/SCCS/s.*.d.F'.
    Trying pattern rule with stem '*.d'.
    Trying implicit prerequisite 'out/vgasrc/*.d.r'.
    Looking for a rule with intermediate file 'out/vgasrc/*.d.r'.
     Avoiding implicit rule recursion.
     Avoiding implicit rule recursion.
     Avoiding implicit rule recursion.
     Trying pattern rule with stem '*.d'.
     Rejecting impossible implicit prerequisite 'out/vgasrc/*.d.l'.
     Trying pattern rule with stem '*.d.r'.
     Trying implicit prerequisite 'out/vgasrc/*.d.r,v'.
     Trying pattern rule with stem '*.d.r'.
     Trying implicit prerequisite 'out/vgasrc/RCS/*.d.r,v'.
     Trying pattern rule with stem '*.d.r'.
     Trying implicit prerequisite 'out/vgasrc/RCS/*.d.r'.
     Trying pattern rule with stem '*.d.r'.
     Trying implicit prerequisite 'out/vgasrc/s.*.d.r'.
     Trying pattern rule with stem '*.d.r'.
     Trying implicit prerequisite 'out/vgasrc/SCCS/s.*.d.r'.
   Trying pattern rule with stem '*.d'.
   Rejecting impossible implicit prerequisite 'out/vgasrc/*.d.F'.
   Trying pattern rule with stem '*.d'.
   Trying implicit prerequisite 'out/vgasrc/*.d.m'.
   Looking for a rule with intermediate file 'out/vgasrc/*.d.m'.
    Avoiding implicit rule recursion.
    Avoiding implicit rule recursion.
    Trying pattern rule with stem '*.d'.
    Trying implicit prerequisite 'out/vgasrc/*.d.ym'.
    Trying pattern rule with stem '*.d.m'.
    Trying implicit prerequisite 'out/vgasrc/*.d.m,v'.
    Trying pattern rule with stem '*.d.m'.
    Trying implicit prerequisite 'out/vgasrc/RCS/*.d.m,v'.
    Trying pattern rule with stem '*.d.m'.
    Trying implicit prerequisite 'out/vgasrc/RCS/*.d.m'.
    Trying pattern rule with stem '*.d.m'.
    Trying implicit prerequisite 'out/vgasrc/s.*.d.m'.
    Trying pattern rule with stem '*.d.m'.
    Trying implicit prerequisite 'out/vgasrc/SCCS/s.*.d.m'.
    Trying pattern rule with stem '*.d'.
    Trying implicit prerequisite 'out/vgasrc/*.d.ym'.
    Looking for a rule with intermediate file 'out/vgasrc/*.d.ym'.
     Avoiding implicit rule recursion.
     Avoiding implicit rule recursion.
     Avoiding implicit rule recursion.
     Trying pattern rule with stem '*.d.ym'.
     Trying implicit prerequisite 'out/vgasrc/*.d.ym,v'.
     Trying pattern rule with stem '*.d.ym'.
     Trying implicit prerequisite 'out/vgasrc/RCS/*.d.ym,v'.
     Trying pattern rule with stem '*.d.ym'.
     Trying implicit prerequisite 'out/vgasrc/RCS/*.d.ym'.
     Trying pattern rule with stem '*.d.ym'.
     Trying implicit prerequisite 'out/vgasrc/s.*.d.ym'.
     Trying pattern rule with stem '*.d.ym'.
     Trying implicit prerequisite 'out/vgasrc/SCCS/s.*.d.ym'.
   Trying pattern rule with stem '*.d'.
   Rejecting impossible implicit prerequisite 'out/vgasrc/*.d.r'.
   Trying pattern rule with stem '*.d'.
   Trying implicit prerequisite 'out/vgasrc/*.d.s'.
   Looking for a rule with intermediate file 'out/vgasrc/*.d.s'.
    Avoiding implicit rule recursion.
    Avoiding implicit rule recursion.
    Trying pattern rule with stem 'vgasrc/*.d'.
    Rejecting impossible implicit prerequisite 'vgasrc/*.d.c'.
    Trying pattern rule with stem '*.d'.
    Trying implicit prerequisite 'out/vgasrc/*.d.S'.
    Trying pattern rule with stem '*.d.s'.
    Trying implicit prerequisite 'out/vgasrc/*.d.s,v'.
    Trying pattern rule with stem '*.d.s'.
    Trying implicit prerequisite 'out/vgasrc/RCS/*.d.s,v'.
    Trying pattern rule with stem '*.d.s'.
    Trying implicit prerequisite 'out/vgasrc/RCS/*.d.s'.
    Trying pattern rule with stem '*.d.s'.
    Trying implicit prerequisite 'out/vgasrc/s.*.d.s'.
    Trying pattern rule with stem '*.d.s'.
    Trying implicit prerequisite 'out/vgasrc/SCCS/s.*.d.s'.
    Trying pattern rule with stem '*.d'.
    Trying implicit prerequisite 'out/vgasrc/*.d.S'.
    Looking for a rule with intermediate file 'out/vgasrc/*.d.S'.
     Avoiding implicit rule recursion.
     Avoiding implicit rule recursion.
     Avoiding implicit rule recursion.
     Trying pattern rule with stem '*.d.S'.
     Trying implicit prerequisite 'out/vgasrc/*.d.S,v'.
     Trying pattern rule with stem '*.d.S'.
     Trying implicit prerequisite 'out/vgasrc/RCS/*.d.S,v'.
     Trying pattern rule with stem '*.d.S'.
     Trying implicit prerequisite 'out/vgasrc/RCS/*.d.S'.
     Trying pattern rule with stem '*.d.S'.
     Trying implicit prerequisite 'out/vgasrc/s.*.d.S'.
     Trying pattern rule with stem '*.d.S'.
     Trying implicit prerequisite 'out/vgasrc/SCCS/s.*.d.S'.
   Trying pattern rule with stem '*.d'.
   Rejecting impossible implicit prerequisite 'out/vgasrc/*.d.S'.
   Trying pattern rule with stem '*.d'.
   Trying implicit prerequisite 'out/vgasrc/*.d.mod'.
   Looking for a rule with intermediate file 'out/vgasrc/*.d.mod'.
    Avoiding implicit rule recursion.
    Avoiding implicit rule recursion.
    Trying pattern rule with stem '*.d.mod'.
    Trying implicit prerequisite 'out/vgasrc/*.d.mod,v'.
    Trying pattern rule with stem '*.d.mod'.
    Trying implicit prerequisite 'out/vgasrc/RCS/*.d.mod,v'.
    Trying pattern rule with stem '*.d.mod'.
    Trying implicit prerequisite 'out/vgasrc/RCS/*.d.mod'.
    Trying pattern rule with stem '*.d.mod'.
    Trying implicit prerequisite 'out/vgasrc/s.*.d.mod'.
    Trying pattern rule with stem '*.d.mod'.
    Trying implicit prerequisite 'out/vgasrc/SCCS/s.*.d.mod'.
  Trying pattern rule with stem '*.d'.
  Rejecting impossible implicit prerequisite 'out/vgasrc/*.d.c'.
  Trying pattern rule with stem '*.d'.
  Rejecting impossible implicit prerequisite 'out/vgasrc/*.d.cc'.
  Trying pattern rule with stem '*.d'.
  Rejecting impossible implicit prerequisite 'out/vgasrc/*.d.C'.
  Trying pattern rule with stem '*.d'.
  Rejecting impossible implicit prerequisite 'out/vgasrc/*.d.cpp'.
  Trying pattern rule with stem '*.d'.
  Rejecting impossible implicit prerequisite 'out/vgasrc/*.d.p'.
  Trying pattern rule with stem '*.d'.
  Rejecting impossible implicit prerequisite 'out/vgasrc/*.d.f'.
  Trying pattern rule with stem '*.d'.
  Rejecting impossible implicit prerequisite 'out/vgasrc/*.d.F'.
  Trying pattern rule with stem '*.d'.
  Rejecting impossible implicit prerequisite 'out/vgasrc/*.d.m'.
  Trying pattern rule with stem '*.d'.
  Rejecting impossible implicit prerequisite 'out/vgasrc/*.d.r'.
  Trying pattern rule with stem '*.d'.
  Rejecting impossible implicit prerequisite 'out/vgasrc/*.d.s'.
  Trying pattern rule with stem '*.d'.
  Rejecting impossible implicit prerequisite 'out/vgasrc/*.d.S'.
  Trying pattern rule with stem '*.d'.
  Rejecting impossible implicit prerequisite 'out/vgasrc/*.d.mod'.
  Trying pattern rule with stem '*.d'.
  Trying implicit prerequisite 'out/vgasrc/*.d.sh'.
  Looking for a rule with intermediate file 'out/vgasrc/*.d.sh'.
   Avoiding implicit rule recursion.
   Trying pattern rule with stem '*.d.sh'.
   Trying implicit prerequisite 'out/vgasrc/*.d.sh,v'.
   Trying pattern rule with stem '*.d.sh'.
   Trying implicit prerequisite 'out/vgasrc/RCS/*.d.sh,v'.
   Trying pattern rule with stem '*.d.sh'.
   Trying implicit prerequisite 'out/vgasrc/RCS/*.d.sh'.
   Trying pattern rule with stem '*.d.sh'.
   Trying implicit prerequisite 'out/vgasrc/s.*.d.sh'.
   Trying pattern rule with stem '*.d.sh'.
   Trying implicit prerequisite 'out/vgasrc/SCCS/s.*.d.sh'.
  No implicit rule found for 'out/vgasrc/*.d'.
  Finished prerequisites of target file 'out/vgasrc/*.d'.
 Must remake target 'out/vgasrc/*.d'.
 Failed to remake target file 'out/vgasrc/*.d'.
 Considering target file 'out/src/fw/*.d'.
  File 'out/src/fw/*.d' does not exist.
  Looking for an implicit rule for 'out/src/fw/*.d'.
  Trying pattern rule with stem '*.d'.
  Trying implicit prerequisite 'out/src/fw/*.d.o'.
  Trying pattern rule with stem '*.d'.
  Trying implicit prerequisite 'out/src/fw/*.d.c'.
  Trying pattern rule with stem '*.d'.
  Trying implicit prerequisite 'out/src/fw/*.d.cc'.
  Trying pattern rule with stem '*.d'.
  Trying implicit prerequisite 'out/src/fw/*.d.C'.
  Trying pattern rule with stem '*.d'.
  Trying implicit prerequisite 'out/src/fw/*.d.cpp'.
  Trying pattern rule with stem '*.d'.
  Trying implicit prerequisite 'out/src/fw/*.d.p'.
  Trying pattern rule with stem '*.d'.
  Trying implicit prerequisite 'out/src/fw/*.d.f'.
  Trying pattern rule with stem '*.d'.
  Trying implicit prerequisite 'out/src/fw/*.d.F'.
  Trying pattern rule with stem '*.d'.
  Trying implicit prerequisite 'out/src/fw/*.d.m'.
  Trying pattern rule with stem '*.d'.
  Trying implicit prerequisite 'out/src/fw/*.d.r'.
  Trying pattern rule with stem '*.d'.
  Trying implicit prerequisite 'out/src/fw/*.d.s'.
  Trying pattern rule with stem '*.d'.
  Trying implicit prerequisite 'out/src/fw/*.d.S'.
  Trying pattern rule with stem '*.d'.
  Trying implicit prerequisite 'out/src/fw/*.d.mod'.
  Trying pattern rule with stem '*.d'.
  Trying implicit prerequisite 'out/src/fw/*.d.sh'.
  Trying pattern rule with stem '*.d'.
  Trying implicit prerequisite 'out/src/fw/*.d,v'.
  Trying pattern rule with stem '*.d'.
  Trying implicit prerequisite 'out/src/fw/RCS/*.d,v'.
  Trying pattern rule with stem '*.d'.
  Trying implicit prerequisite 'out/src/fw/RCS/*.d'.
  Trying pattern rule with stem '*.d'.
  Trying implicit prerequisite 'out/src/fw/s.*.d'.
  Trying pattern rule with stem '*.d'.
  Trying implicit prerequisite 'out/src/fw/SCCS/s.*.d'.
  Trying pattern rule with stem '*.d'.
  Trying implicit prerequisite 'out/src/fw/*.d.o'.
  Looking for a rule with intermediate file 'out/src/fw/*.d.o'.
   Avoiding implicit rule recursion.
   Trying pattern rule with stem 'src/fw/*.d'.
   Trying implicit prerequisite 'src/fw/*.d.c'.
   Trying pattern rule with stem '*.d'.
   Trying implicit prerequisite 'out/src/fw/*.d.c'.
   Trying pattern rule with stem '*.d'.
   Trying implicit prerequisite 'out/src/fw/*.d.cc'.
   Trying pattern rule with stem '*.d'.
   Trying implicit prerequisite 'out/src/fw/*.d.C'.
   Trying pattern rule with stem '*.d'.
   Trying implicit prerequisite 'out/src/fw/*.d.cpp'.
   Trying pattern rule with stem '*.d'.
   Trying implicit prerequisite 'out/src/fw/*.d.p'.
   Trying pattern rule with stem '*.d'.
   Trying implicit prerequisite 'out/src/fw/*.d.f'.
   Trying pattern rule with stem '*.d'.
   Trying implicit prerequisite 'out/src/fw/*.d.F'.
   Trying pattern rule with stem '*.d'.
   Trying implicit prerequisite 'out/src/fw/*.d.m'.
   Trying pattern rule with stem '*.d'.
   Trying implicit prerequisite 'out/src/fw/*.d.r'.
   Trying pattern rule with stem '*.d'.
   Trying implicit prerequisite 'out/src/fw/*.d.s'.
   Trying pattern rule with stem '*.d'.
   Trying implicit prerequisite 'out/src/fw/*.d.S'.
   Trying pattern rule with stem '*.d'.
   Trying implicit prerequisite 'out/src/fw/*.d.mod'.
   Trying pattern rule with stem '*.d.o'.
   Trying implicit prerequisite 'out/src/fw/*.d.o,v'.
   Trying pattern rule with stem '*.d.o'.
   Trying implicit prerequisite 'out/src/fw/RCS/*.d.o,v'.
   Trying pattern rule with stem '*.d.o'.
   Trying implicit prerequisite 'out/src/fw/RCS/*.d.o'.
   Trying pattern rule with stem '*.d.o'.
   Trying implicit prerequisite 'out/src/fw/s.*.d.o'.
   Trying pattern rule with stem '*.d.o'.
   Trying implicit prerequisite 'out/src/fw/SCCS/s.*.d.o'.
   Trying pattern rule with stem 'src/fw/*.d'.
   Trying implicit prerequisite 'src/fw/*.d.c'.
   Looking for a rule with intermediate file 'src/fw/*.d.c'.
    Avoiding implicit rule recursion.
    Avoiding implicit rule recursion.
    Trying pattern rule with stem '*.d'.
    Trying implicit prerequisite 'src/fw/*.d.y'.
    Trying pattern rule with stem '*.d'.
    Trying implicit prerequisite 'src/fw/*.d.l'.
    Trying pattern rule with stem '*.d'.
    Trying implicit prerequisite 'src/fw/*.d.w'.
    Trying pattern rule with stem '*.d'.
    Trying implicit prerequisite 'src/fw/*.d.w'.
    Trying pattern rule with stem '*.d.c'.
    Trying implicit prerequisite 'src/fw/*.d.c,v'.
    Trying pattern rule with stem '*.d.c'.
    Trying implicit prerequisite 'src/fw/RCS/*.d.c,v'.
    Trying pattern rule with stem '*.d.c'.
    Trying implicit prerequisite 'src/fw/RCS/*.d.c'.
    Trying pattern rule with stem '*.d.c'.
    Trying implicit prerequisite 'src/fw/s.*.d.c'.
    Trying pattern rule with stem '*.d.c'.
    Trying implicit prerequisite 'src/fw/SCCS/s.*.d.c'.
    Trying pattern rule with stem '*.d'.
    Trying implicit prerequisite 'src/fw/*.d.y'.
    Looking for a rule with intermediate file 'src/fw/*.d.y'.
     Avoiding implicit rule recursion.
     Avoiding implicit rule recursion.
     Avoiding implicit rule recursion.
     Trying pattern rule with stem '*.d.y'.
     Trying implicit prerequisite 'src/fw/*.d.y,v'.
     Trying pattern rule with stem '*.d.y'.
     Trying implicit prerequisite 'src/fw/RCS/*.d.y,v'.
     Trying pattern rule with stem '*.d.y'.
     Trying implicit prerequisite 'src/fw/RCS/*.d.y'.
     Trying pattern rule with stem '*.d.y'.
     Trying implicit prerequisite 'src/fw/s.*.d.y'.
     Trying pattern rule with stem '*.d.y'.
     Trying implicit prerequisite 'src/fw/SCCS/s.*.d.y'.
    Trying pattern rule with stem '*.d'.
    Trying implicit prerequisite 'src/fw/*.d.l'.
    Looking for a rule with intermediate file 'src/fw/*.d.l'.
     Avoiding implicit rule recursion.
     Avoiding implicit rule recursion.
     Avoiding implicit rule recursion.
     Trying pattern rule with stem '*.d.l'.
     Trying implicit prerequisite 'src/fw/*.d.l,v'.
     Trying pattern rule with stem '*.d.l'.
     Trying implicit prerequisite 'src/fw/RCS/*.d.l,v'.
     Trying pattern rule with stem '*.d.l'.
     Trying implicit prerequisite 'src/fw/RCS/*.d.l'.
     Trying pattern rule with stem '*.d.l'.
     Trying implicit prerequisite 'src/fw/s.*.d.l'.
     Trying pattern rule with stem '*.d.l'.
     Trying implicit prerequisite 'src/fw/SCCS/s.*.d.l'.
    Trying pattern rule with stem '*.d'.
    Trying implicit prerequisite 'src/fw/*.d.w'.
    Looking for a rule with intermediate file 'src/fw/*.d.w'.
     Avoiding implicit rule recursion.
     Avoiding implicit rule recursion.
     Avoiding implicit rule recursion.
     Trying pattern rule with stem '*.d.w'.
     Trying implicit prerequisite 'src/fw/*.d.w,v'.
     Trying pattern rule with stem '*.d.w'.
     Trying implicit prerequisite 'src/fw/RCS/*.d.w,v'.
     Trying pattern rule with stem '*.d.w'.
     Trying implicit prerequisite 'src/fw/RCS/*.d.w'.
     Trying pattern rule with stem '*.d.w'.
     Trying implicit prerequisite 'src/fw/s.*.d.w'.
     Trying pattern rule with stem '*.d.w'.
     Trying implicit prerequisite 'src/fw/SCCS/s.*.d.w'.
    Trying pattern rule with stem '*.d'.
    Rejecting impossible implicit prerequisite 'src/fw/*.d.w'.
   Trying pattern rule with stem '*.d'.
   Trying implicit prerequisite 'out/src/fw/*.d.c'.
   Looking for a rule with intermediate file 'out/src/fw/*.d.c'.
    Avoiding implicit rule recursion.
    Avoiding implicit rule recursion.
    Trying pattern rule with stem '*.d'.
    Trying implicit prerequisite 'out/src/fw/*.d.y'.
    Trying pattern rule with stem '*.d'.
    Trying implicit prerequisite 'out/src/fw/*.d.l'.
    Trying pattern rule with stem '*.d'.
    Trying implicit prerequisite 'out/src/fw/*.d.w'.
    Trying pattern rule with stem '*.d'.
    Trying implicit prerequisite 'out/src/fw/*.d.w'.
    Trying pattern rule with stem '*.d.c'.
    Trying implicit prerequisite 'out/src/fw/*.d.c,v'.
    Trying pattern rule with stem '*.d.c'.
    Trying implicit prerequisite 'out/src/fw/RCS/*.d.c,v'.
    Trying pattern rule with stem '*.d.c'.
    Trying implicit prerequisite 'out/src/fw/RCS/*.d.c'.
    Trying pattern rule with stem '*.d.c'.
    Trying implicit prerequisite 'out/src/fw/s.*.d.c'.
    Trying pattern rule with stem '*.d.c'.
    Trying implicit prerequisite 'out/src/fw/SCCS/s.*.d.c'.
    Trying pattern rule with stem '*.d'.
    Trying implicit prerequisite 'out/src/fw/*.d.y'.
    Looking for a rule with intermediate file 'out/src/fw/*.d.y'.
     Avoiding implicit rule recursion.
     Avoiding implicit rule recursion.
     Avoiding implicit rule recursion.
     Trying pattern rule with stem '*.d.y'.
     Trying implicit prerequisite 'out/src/fw/*.d.y,v'.
     Trying pattern rule with stem '*.d.y'.
     Trying implicit prerequisite 'out/src/fw/RCS/*.d.y,v'.
     Trying pattern rule with stem '*.d.y'.
     Trying implicit prerequisite 'out/src/fw/RCS/*.d.y'.
     Trying pattern rule with stem '*.d.y'.
     Trying implicit prerequisite 'out/src/fw/s.*.d.y'.
     Trying pattern rule with stem '*.d.y'.
     Trying implicit prerequisite 'out/src/fw/SCCS/s.*.d.y'.
    Trying pattern rule with stem '*.d'.
    Trying implicit prerequisite 'out/src/fw/*.d.l'.
    Looking for a rule with intermediate file 'out/src/fw/*.d.l'.
     Avoiding implicit rule recursion.
     Avoiding implicit rule recursion.
     Avoiding implicit rule recursion.
     Trying pattern rule with stem '*.d.l'.
     Trying implicit prerequisite 'out/src/fw/*.d.l,v'.
     Trying pattern rule with stem '*.d.l'.
     Trying implicit prerequisite 'out/src/fw/RCS/*.d.l,v'.
     Trying pattern rule with stem '*.d.l'.
     Trying implicit prerequisite 'out/src/fw/RCS/*.d.l'.
     Trying pattern rule with stem '*.d.l'.
     Trying implicit prerequisite 'out/src/fw/s.*.d.l'.
     Trying pattern rule with stem '*.d.l'.
     Trying implicit prerequisite 'out/src/fw/SCCS/s.*.d.l'.
    Trying pattern rule with stem '*.d'.
    Trying implicit prerequisite 'out/src/fw/*.d.w'.
    Looking for a rule with intermediate file 'out/src/fw/*.d.w'.
     Avoiding implicit rule recursion.
     Avoiding implicit rule recursion.
     Avoiding implicit rule recursion.
     Trying pattern rule with stem '*.d.w'.
     Trying implicit prerequisite 'out/src/fw/*.d.w,v'.
     Trying pattern rule with stem '*.d.w'.
     Trying implicit prerequisite 'out/src/fw/RCS/*.d.w,v'.
     Trying pattern rule with stem '*.d.w'.
     Trying implicit prerequisite 'out/src/fw/RCS/*.d.w'.
     Trying pattern rule with stem '*.d.w'.
     Trying implicit prerequisite 'out/src/fw/s.*.d.w'.
     Trying pattern rule with stem '*.d.w'.
     Trying implicit prerequisite 'out/src/fw/SCCS/s.*.d.w'.
    Trying pattern rule with stem '*.d'.
    Rejecting impossible implicit prerequisite 'out/src/fw/*.d.w'.
   Trying pattern rule with stem '*.d'.
   Trying implicit prerequisite 'out/src/fw/*.d.cc'.
   Looking for a rule with intermediate file 'out/src/fw/*.d.cc'.
    Avoiding implicit rule recursion.
    Avoiding implicit rule recursion.
    Trying pattern rule with stem '*.d.cc'.
    Trying implicit prerequisite 'out/src/fw/*.d.cc,v'.
    Trying pattern rule with stem '*.d.cc'.
    Trying implicit prerequisite 'out/src/fw/RCS/*.d.cc,v'.
    Trying pattern rule with stem '*.d.cc'.
    Trying implicit prerequisite 'out/src/fw/RCS/*.d.cc'.
    Trying pattern rule with stem '*.d.cc'.
    Trying implicit prerequisite 'out/src/fw/s.*.d.cc'.
    Trying pattern rule with stem '*.d.cc'.
    Trying implicit prerequisite 'out/src/fw/SCCS/s.*.d.cc'.
   Trying pattern rule with stem '*.d'.
   Trying implicit prerequisite 'out/src/fw/*.d.C'.
   Looking for a rule with intermediate file 'out/src/fw/*.d.C'.
    Avoiding implicit rule recursion.
    Avoiding implicit rule recursion.
    Trying pattern rule with stem '*.d.C'.
    Trying implicit prerequisite 'out/src/fw/*.d.C,v'.
    Trying pattern rule with stem '*.d.C'.
    Trying implicit prerequisite 'out/src/fw/RCS/*.d.C,v'.
    Trying pattern rule with stem '*.d.C'.
    Trying implicit prerequisite 'out/src/fw/RCS/*.d.C'.
    Trying pattern rule with stem '*.d.C'.
    Trying implicit prerequisite 'out/src/fw/s.*.d.C'.
    Trying pattern rule with stem '*.d.C'.
    Trying implicit prerequisite 'out/src/fw/SCCS/s.*.d.C'.
   Trying pattern rule with stem '*.d'.
   Trying implicit prerequisite 'out/src/fw/*.d.cpp'.
   Looking for a rule with intermediate file 'out/src/fw/*.d.cpp'.
    Avoiding implicit rule recursion.
    Avoiding implicit rule recursion.
    Trying pattern rule with stem '*.d.cpp'.
    Trying implicit prerequisite 'out/src/fw/*.d.cpp,v'.
    Trying pattern rule with stem '*.d.cpp'.
    Trying implicit prerequisite 'out/src/fw/RCS/*.d.cpp,v'.
    Trying pattern rule with stem '*.d.cpp'.
    Trying implicit prerequisite 'out/src/fw/RCS/*.d.cpp'.
    Trying pattern rule with stem '*.d.cpp'.
    Trying implicit prerequisite 'out/src/fw/s.*.d.cpp'.
    Trying pattern rule with stem '*.d.cpp'.
    Trying implicit prerequisite 'out/src/fw/SCCS/s.*.d.cpp'.
   Trying pattern rule with stem '*.d'.
   Trying implicit prerequisite 'out/src/fw/*.d.p'.
   Looking for a rule with intermediate file 'out/src/fw/*.d.p'.
    Avoiding implicit rule recursion.
    Avoiding implicit rule recursion.
    Trying pattern rule with stem '*.d'.
    Trying implicit prerequisite 'out/src/fw/*.d.web'.
    Trying pattern rule with stem '*.d.p'.
    Trying implicit prerequisite 'out/src/fw/*.d.p,v'.
    Trying pattern rule with stem '*.d.p'.
    Trying implicit prerequisite 'out/src/fw/RCS/*.d.p,v'.
    Trying pattern rule with stem '*.d.p'.
    Trying implicit prerequisite 'out/src/fw/RCS/*.d.p'.
    Trying pattern rule with stem '*.d.p'.
    Trying implicit prerequisite 'out/src/fw/s.*.d.p'.
    Trying pattern rule with stem '*.d.p'.
    Trying implicit prerequisite 'out/src/fw/SCCS/s.*.d.p'.
    Trying pattern rule with stem '*.d'.
    Trying implicit prerequisite 'out/src/fw/*.d.web'.
    Looking for a rule with intermediate file 'out/src/fw/*.d.web'.
     Avoiding implicit rule recursion.
     Avoiding implicit rule recursion.
     Avoiding implicit rule recursion.
     Trying pattern rule with stem '*.d.web'.
     Trying implicit prerequisite 'out/src/fw/*.d.web,v'.
     Trying pattern rule with stem '*.d.web'.
     Trying implicit prerequisite 'out/src/fw/RCS/*.d.web,v'.
     Trying pattern rule with stem '*.d.web'.
     Trying implicit prerequisite 'out/src/fw/RCS/*.d.web'.
     Trying pattern rule with stem '*.d.web'.
     Trying implicit prerequisite 'out/src/fw/s.*.d.web'.
     Trying pattern rule with stem '*.d.web'.
     Trying implicit prerequisite 'out/src/fw/SCCS/s.*.d.web'.
   Trying pattern rule with stem '*.d'.
   Trying implicit prerequisite 'out/src/fw/*.d.f'.
   Looking for a rule with intermediate file 'out/src/fw/*.d.f'.
    Avoiding implicit rule recursion.
    Avoiding implicit rule recursion.
    Trying pattern rule with stem '*.d'.
    Trying implicit prerequisite 'out/src/fw/*.d.F'.
    Trying pattern rule with stem '*.d'.
    Trying implicit prerequisite 'out/src/fw/*.d.r'.
    Trying pattern rule with stem '*.d.f'.
    Trying implicit prerequisite 'out/src/fw/*.d.f,v'.
    Trying pattern rule with stem '*.d.f'.
    Trying implicit prerequisite 'out/src/fw/RCS/*.d.f,v'.
    Trying pattern rule with stem '*.d.f'.
    Trying implicit prerequisite 'out/src/fw/RCS/*.d.f'.
    Trying pattern rule with stem '*.d.f'.
    Trying implicit prerequisite 'out/src/fw/s.*.d.f'.
    Trying pattern rule with stem '*.d.f'.
    Trying implicit prerequisite 'out/src/fw/SCCS/s.*.d.f'.
    Trying pattern rule with stem '*.d'.
    Trying implicit prerequisite 'out/src/fw/*.d.F'.
    Looking for a rule with intermediate file 'out/src/fw/*.d.F'.
     Avoiding implicit rule recursion.
     Avoiding implicit rule recursion.
     Avoiding implicit rule recursion.
     Trying pattern rule with stem '*.d.F'.
     Trying implicit prerequisite 'out/src/fw/*.d.F,v'.
     Trying pattern rule with stem '*.d.F'.
     Trying implicit prerequisite 'out/src/fw/RCS/*.d.F,v'.
     Trying pattern rule with stem '*.d.F'.
     Trying implicit prerequisite 'out/src/fw/RCS/*.d.F'.
     Trying pattern rule with stem '*.d.F'.
     Trying implicit prerequisite 'out/src/fw/s.*.d.F'.
     Trying pattern rule with stem '*.d.F'.
     Trying implicit prerequisite 'out/src/fw/SCCS/s.*.d.F'.
    Trying pattern rule with stem '*.d'.
    Trying implicit prerequisite 'out/src/fw/*.d.r'.
    Looking for a rule with intermediate file 'out/src/fw/*.d.r'.
     Avoiding implicit rule recursion.
     Avoiding implicit rule recursion.
     Avoiding implicit rule recursion.
     Trying pattern rule with stem '*.d'.
     Rejecting impossible implicit prerequisite 'out/src/fw/*.d.l'.
     Trying pattern rule with stem '*.d.r'.
     Trying implicit prerequisite 'out/src/fw/*.d.r,v'.
     Trying pattern rule with stem '*.d.r'.
     Trying implicit prerequisite 'out/src/fw/RCS/*.d.r,v'.
     Trying pattern rule with stem '*.d.r'.
     Trying implicit prerequisite 'out/src/fw/RCS/*.d.r'.
     Trying pattern rule with stem '*.d.r'.
     Trying implicit prerequisite 'out/src/fw/s.*.d.r'.
     Trying pattern rule with stem '*.d.r'.
     Trying implicit prerequisite 'out/src/fw/SCCS/s.*.d.r'.
   Trying pattern rule with stem '*.d'.
   Rejecting impossible implicit prerequisite 'out/src/fw/*.d.F'.
   Trying pattern rule with stem '*.d'.
   Trying implicit prerequisite 'out/src/fw/*.d.m'.
   Looking for a rule with intermediate file 'out/src/fw/*.d.m'.
    Avoiding implicit rule recursion.
    Avoiding implicit rule recursion.
    Trying pattern rule with stem '*.d'.
    Trying implicit prerequisite 'out/src/fw/*.d.ym'.
    Trying pattern rule with stem '*.d.m'.
    Trying implicit prerequisite 'out/src/fw/*.d.m,v'.
    Trying pattern rule with stem '*.d.m'.
    Trying implicit prerequisite 'out/src/fw/RCS/*.d.m,v'.
    Trying pattern rule with stem '*.d.m'.
    Trying implicit prerequisite 'out/src/fw/RCS/*.d.m'.
    Trying pattern rule with stem '*.d.m'.
    Trying implicit prerequisite 'out/src/fw/s.*.d.m'.
    Trying pattern rule with stem '*.d.m'.
    Trying implicit prerequisite 'out/src/fw/SCCS/s.*.d.m'.
    Trying pattern rule with stem '*.d'.
    Trying implicit prerequisite 'out/src/fw/*.d.ym'.
    Looking for a rule with intermediate file 'out/src/fw/*.d.ym'.
     Avoiding implicit rule recursion.
     Avoiding implicit rule recursion.
     Avoiding implicit rule recursion.
     Trying pattern rule with stem '*.d.ym'.
     Trying implicit prerequisite 'out/src/fw/*.d.ym,v'.
     Trying pattern rule with stem '*.d.ym'.
     Trying implicit prerequisite 'out/src/fw/RCS/*.d.ym,v'.
     Trying pattern rule with stem '*.d.ym'.
     Trying implicit prerequisite 'out/src/fw/RCS/*.d.ym'.
     Trying pattern rule with stem '*.d.ym'.
     Trying implicit prerequisite 'out/src/fw/s.*.d.ym'.
     Trying pattern rule with stem '*.d.ym'.
     Trying implicit prerequisite 'out/src/fw/SCCS/s.*.d.ym'.
   Trying pattern rule with stem '*.d'.
   Rejecting impossible implicit prerequisite 'out/src/fw/*.d.r'.
   Trying pattern rule with stem '*.d'.
   Trying implicit prerequisite 'out/src/fw/*.d.s'.
   Looking for a rule with intermediate file 'out/src/fw/*.d.s'.
    Avoiding implicit rule recursion.
    Avoiding implicit rule recursion.
    Trying pattern rule with stem 'src/fw/*.d'.
    Rejecting impossible implicit prerequisite 'src/fw/*.d.c'.
    Trying pattern rule with stem '*.d'.
    Trying implicit prerequisite 'out/src/fw/*.d.S'.
    Trying pattern rule with stem '*.d.s'.
    Trying implicit prerequisite 'out/src/fw/*.d.s,v'.
    Trying pattern rule with stem '*.d.s'.
    Trying implicit prerequisite 'out/src/fw/RCS/*.d.s,v'.
    Trying pattern rule with stem '*.d.s'.
    Trying implicit prerequisite 'out/src/fw/RCS/*.d.s'.
    Trying pattern rule with stem '*.d.s'.
    Trying implicit prerequisite 'out/src/fw/s.*.d.s'.
    Trying pattern rule with stem '*.d.s'.
    Trying implicit prerequisite 'out/src/fw/SCCS/s.*.d.s'.
    Trying pattern rule with stem '*.d'.
    Trying implicit prerequisite 'out/src/fw/*.d.S'.
    Looking for a rule with intermediate file 'out/src/fw/*.d.S'.
     Avoiding implicit rule recursion.
     Avoiding implicit rule recursion.
     Avoiding implicit rule recursion.
     Trying pattern rule with stem '*.d.S'.
     Trying implicit prerequisite 'out/src/fw/*.d.S,v'.
     Trying pattern rule with stem '*.d.S'.
     Trying implicit prerequisite 'out/src/fw/RCS/*.d.S,v'.
     Trying pattern rule with stem '*.d.S'.
     Trying implicit prerequisite 'out/src/fw/RCS/*.d.S'.
     Trying pattern rule with stem '*.d.S'.
     Trying implicit prerequisite 'out/src/fw/s.*.d.S'.
     Trying pattern rule with stem '*.d.S'.
     Trying implicit prerequisite 'out/src/fw/SCCS/s.*.d.S'.
   Trying pattern rule with stem '*.d'.
   Rejecting impossible implicit prerequisite 'out/src/fw/*.d.S'.
   Trying pattern rule with stem '*.d'.
   Trying implicit prerequisite 'out/src/fw/*.d.mod'.
   Looking for a rule with intermediate file 'out/src/fw/*.d.mod'.
    Avoiding implicit rule recursion.
    Avoiding implicit rule recursion.
    Trying pattern rule with stem '*.d.mod'.
    Trying implicit prerequisite 'out/src/fw/*.d.mod,v'.
    Trying pattern rule with stem '*.d.mod'.
    Trying implicit prerequisite 'out/src/fw/RCS/*.d.mod,v'.
    Trying pattern rule with stem '*.d.mod'.
    Trying implicit prerequisite 'out/src/fw/RCS/*.d.mod'.
    Trying pattern rule with stem '*.d.mod'.
    Trying implicit prerequisite 'out/src/fw/s.*.d.mod'.
    Trying pattern rule with stem '*.d.mod'.
    Trying implicit prerequisite 'out/src/fw/SCCS/s.*.d.mod'.
  Trying pattern rule with stem '*.d'.
  Rejecting impossible implicit prerequisite 'out/src/fw/*.d.c'.
  Trying pattern rule with stem '*.d'.
  Rejecting impossible implicit prerequisite 'out/src/fw/*.d.cc'.
  Trying pattern rule with stem '*.d'.
  Rejecting impossible implicit prerequisite 'out/src/fw/*.d.C'.
  Trying pattern rule with stem '*.d'.
  Rejecting impossible implicit prerequisite 'out/src/fw/*.d.cpp'.
  Trying pattern rule with stem '*.d'.
  Rejecting impossible implicit prerequisite 'out/src/fw/*.d.p'.
  Trying pattern rule with stem '*.d'.
  Rejecting impossible implicit prerequisite 'out/src/fw/*.d.f'.
  Trying pattern rule with stem '*.d'.
  Rejecting impossible implicit prerequisite 'out/src/fw/*.d.F'.
  Trying pattern rule with stem '*.d'.
  Rejecting impossible implicit prerequisite 'out/src/fw/*.d.m'.
  Trying pattern rule with stem '*.d'.
  Rejecting impossible implicit prerequisite 'out/src/fw/*.d.r'.
  Trying pattern rule with stem '*.d'.
  Rejecting impossible implicit prerequisite 'out/src/fw/*.d.s'.
  Trying pattern rule with stem '*.d'.
  Rejecting impossible implicit prerequisite 'out/src/fw/*.d.S'.
  Trying pattern rule with stem '*.d'.
  Rejecting impossible implicit prerequisite 'out/src/fw/*.d.mod'.
  Trying pattern rule with stem '*.d'.
  Trying implicit prerequisite 'out/src/fw/*.d.sh'.
  Looking for a rule with intermediate file 'out/src/fw/*.d.sh'.
   Avoiding implicit rule recursion.
   Trying pattern rule with stem '*.d.sh'.
   Trying implicit prerequisite 'out/src/fw/*.d.sh,v'.
   Trying pattern rule with stem '*.d.sh'.
   Trying implicit prerequisite 'out/src/fw/RCS/*.d.sh,v'.
   Trying pattern rule with stem '*.d.sh'.
   Trying implicit prerequisite 'out/src/fw/RCS/*.d.sh'.
   Trying pattern rule with stem '*.d.sh'.
   Trying implicit prerequisite 'out/src/fw/s.*.d.sh'.
   Trying pattern rule with stem '*.d.sh'.
   Trying implicit prerequisite 'out/src/fw/SCCS/s.*.d.sh'.
  No implicit rule found for 'out/src/fw/*.d'.
  Finished prerequisites of target file 'out/src/fw/*.d'.
 Must remake target 'out/src/fw/*.d'.
 Failed to remake target file 'out/src/fw/*.d'.
 Considering target file 'out/src/hw/*.d'.
  File 'out/src/hw/*.d' does not exist.
  Looking for an implicit rule for 'out/src/hw/*.d'.
  Trying pattern rule with stem '*.d'.
  Trying implicit prerequisite 'out/src/hw/*.d.o'.
  Trying pattern rule with stem '*.d'.
  Trying implicit prerequisite 'out/src/hw/*.d.c'.
  Trying pattern rule with stem '*.d'.
  Trying implicit prerequisite 'out/src/hw/*.d.cc'.
  Trying pattern rule with stem '*.d'.
  Trying implicit prerequisite 'out/src/hw/*.d.C'.
  Trying pattern rule with stem '*.d'.
  Trying implicit prerequisite 'out/src/hw/*.d.cpp'.
  Trying pattern rule with stem '*.d'.
  Trying implicit prerequisite 'out/src/hw/*.d.p'.
  Trying pattern rule with stem '*.d'.
  Trying implicit prerequisite 'out/src/hw/*.d.f'.
  Trying pattern rule with stem '*.d'.
  Trying implicit prerequisite 'out/src/hw/*.d.F'.
  Trying pattern rule with stem '*.d'.
  Trying implicit prerequisite 'out/src/hw/*.d.m'.
  Trying pattern rule with stem '*.d'.
  Trying implicit prerequisite 'out/src/hw/*.d.r'.
  Trying pattern rule with stem '*.d'.
  Trying implicit prerequisite 'out/src/hw/*.d.s'.
  Trying pattern rule with stem '*.d'.
  Trying implicit prerequisite 'out/src/hw/*.d.S'.
  Trying pattern rule with stem '*.d'.
  Trying implicit prerequisite 'out/src/hw/*.d.mod'.
  Trying pattern rule with stem '*.d'.
  Trying implicit prerequisite 'out/src/hw/*.d.sh'.
  Trying pattern rule with stem '*.d'.
  Trying implicit prerequisite 'out/src/hw/*.d,v'.
  Trying pattern rule with stem '*.d'.
  Trying implicit prerequisite 'out/src/hw/RCS/*.d,v'.
  Trying pattern rule with stem '*.d'.
  Trying implicit prerequisite 'out/src/hw/RCS/*.d'.
  Trying pattern rule with stem '*.d'.
  Trying implicit prerequisite 'out/src/hw/s.*.d'.
  Trying pattern rule with stem '*.d'.
  Trying implicit prerequisite 'out/src/hw/SCCS/s.*.d'.
  Trying pattern rule with stem '*.d'.
  Trying implicit prerequisite 'out/src/hw/*.d.o'.
  Looking for a rule with intermediate file 'out/src/hw/*.d.o'.
   Avoiding implicit rule recursion.
   Trying pattern rule with stem 'src/hw/*.d'.
   Trying implicit prerequisite 'src/hw/*.d.c'.
   Trying pattern rule with stem '*.d'.
   Trying implicit prerequisite 'out/src/hw/*.d.c'.
   Trying pattern rule with stem '*.d'.
   Trying implicit prerequisite 'out/src/hw/*.d.cc'.
   Trying pattern rule with stem '*.d'.
   Trying implicit prerequisite 'out/src/hw/*.d.C'.
   Trying pattern rule with stem '*.d'.
   Trying implicit prerequisite 'out/src/hw/*.d.cpp'.
   Trying pattern rule with stem '*.d'.
   Trying implicit prerequisite 'out/src/hw/*.d.p'.
   Trying pattern rule with stem '*.d'.
   Trying implicit prerequisite 'out/src/hw/*.d.f'.
   Trying pattern rule with stem '*.d'.
   Trying implicit prerequisite 'out/src/hw/*.d.F'.
   Trying pattern rule with stem '*.d'.
   Trying implicit prerequisite 'out/src/hw/*.d.m'.
   Trying pattern rule with stem '*.d'.
   Trying implicit prerequisite 'out/src/hw/*.d.r'.
   Trying pattern rule with stem '*.d'.
   Trying implicit prerequisite 'out/src/hw/*.d.s'.
   Trying pattern rule with stem '*.d'.
   Trying implicit prerequisite 'out/src/hw/*.d.S'.
   Trying pattern rule with stem '*.d'.
   Trying implicit prerequisite 'out/src/hw/*.d.mod'.
   Trying pattern rule with stem '*.d.o'.
   Trying implicit prerequisite 'out/src/hw/*.d.o,v'.
   Trying pattern rule with stem '*.d.o'.
   Trying implicit prerequisite 'out/src/hw/RCS/*.d.o,v'.
   Trying pattern rule with stem '*.d.o'.
   Trying implicit prerequisite 'out/src/hw/RCS/*.d.o'.
   Trying pattern rule with stem '*.d.o'.
   Trying implicit prerequisite 'out/src/hw/s.*.d.o'.
   Trying pattern rule with stem '*.d.o'.
   Trying implicit prerequisite 'out/src/hw/SCCS/s.*.d.o'.
   Trying pattern rule with stem 'src/hw/*.d'.
   Trying implicit prerequisite 'src/hw/*.d.c'.
   Looking for a rule with intermediate file 'src/hw/*.d.c'.
    Avoiding implicit rule recursion.
    Avoiding implicit rule recursion.
    Trying pattern rule with stem '*.d'.
    Trying implicit prerequisite 'src/hw/*.d.y'.
    Trying pattern rule with stem '*.d'.
    Trying implicit prerequisite 'src/hw/*.d.l'.
    Trying pattern rule with stem '*.d'.
    Trying implicit prerequisite 'src/hw/*.d.w'.
    Trying pattern rule with stem '*.d'.
    Trying implicit prerequisite 'src/hw/*.d.w'.
    Trying pattern rule with stem '*.d.c'.
    Trying implicit prerequisite 'src/hw/*.d.c,v'.
    Trying pattern rule with stem '*.d.c'.
    Trying implicit prerequisite 'src/hw/RCS/*.d.c,v'.
    Trying pattern rule with stem '*.d.c'.
    Trying implicit prerequisite 'src/hw/RCS/*.d.c'.
    Trying pattern rule with stem '*.d.c'.
    Trying implicit prerequisite 'src/hw/s.*.d.c'.
    Trying pattern rule with stem '*.d.c'.
    Trying implicit prerequisite 'src/hw/SCCS/s.*.d.c'.
    Trying pattern rule with stem '*.d'.
    Trying implicit prerequisite 'src/hw/*.d.y'.
    Looking for a rule with intermediate file 'src/hw/*.d.y'.
     Avoiding implicit rule recursion.
     Avoiding implicit rule recursion.
     Avoiding implicit rule recursion.
     Trying pattern rule with stem '*.d.y'.
     Trying implicit prerequisite 'src/hw/*.d.y,v'.
     Trying pattern rule with stem '*.d.y'.
     Trying implicit prerequisite 'src/hw/RCS/*.d.y,v'.
     Trying pattern rule with stem '*.d.y'.
     Trying implicit prerequisite 'src/hw/RCS/*.d.y'.
     Trying pattern rule with stem '*.d.y'.
     Trying implicit prerequisite 'src/hw/s.*.d.y'.
     Trying pattern rule with stem '*.d.y'.
     Trying implicit prerequisite 'src/hw/SCCS/s.*.d.y'.
    Trying pattern rule with stem '*.d'.
    Trying implicit prerequisite 'src/hw/*.d.l'.
    Looking for a rule with intermediate file 'src/hw/*.d.l'.
     Avoiding implicit rule recursion.
     Avoiding implicit rule recursion.
     Avoiding implicit rule recursion.
     Trying pattern rule with stem '*.d.l'.
     Trying implicit prerequisite 'src/hw/*.d.l,v'.
     Trying pattern rule with stem '*.d.l'.
     Trying implicit prerequisite 'src/hw/RCS/*.d.l,v'.
     Trying pattern rule with stem '*.d.l'.
     Trying implicit prerequisite 'src/hw/RCS/*.d.l'.
     Trying pattern rule with stem '*.d.l'.
     Trying implicit prerequisite 'src/hw/s.*.d.l'.
     Trying pattern rule with stem '*.d.l'.
     Trying implicit prerequisite 'src/hw/SCCS/s.*.d.l'.
    Trying pattern rule with stem '*.d'.
    Trying implicit prerequisite 'src/hw/*.d.w'.
    Looking for a rule with intermediate file 'src/hw/*.d.w'.
     Avoiding implicit rule recursion.
     Avoiding implicit rule recursion.
     Avoiding implicit rule recursion.
     Trying pattern rule with stem '*.d.w'.
     Trying implicit prerequisite 'src/hw/*.d.w,v'.
     Trying pattern rule with stem '*.d.w'.
     Trying implicit prerequisite 'src/hw/RCS/*.d.w,v'.
     Trying pattern rule with stem '*.d.w'.
     Trying implicit prerequisite 'src/hw/RCS/*.d.w'.
     Trying pattern rule with stem '*.d.w'.
     Trying implicit prerequisite 'src/hw/s.*.d.w'.
     Trying pattern rule with stem '*.d.w'.
     Trying implicit prerequisite 'src/hw/SCCS/s.*.d.w'.
    Trying pattern rule with stem '*.d'.
    Rejecting impossible implicit prerequisite 'src/hw/*.d.w'.
   Trying pattern rule with stem '*.d'.
   Trying implicit prerequisite 'out/src/hw/*.d.c'.
   Looking for a rule with intermediate file 'out/src/hw/*.d.c'.
    Avoiding implicit rule recursion.
    Avoiding implicit rule recursion.
    Trying pattern rule with stem '*.d'.
    Trying implicit prerequisite 'out/src/hw/*.d.y'.
    Trying pattern rule with stem '*.d'.
    Trying implicit prerequisite 'out/src/hw/*.d.l'.
    Trying pattern rule with stem '*.d'.
    Trying implicit prerequisite 'out/src/hw/*.d.w'.
    Trying pattern rule with stem '*.d'.
    Trying implicit prerequisite 'out/src/hw/*.d.w'.
    Trying pattern rule with stem '*.d.c'.
    Trying implicit prerequisite 'out/src/hw/*.d.c,v'.
    Trying pattern rule with stem '*.d.c'.
    Trying implicit prerequisite 'out/src/hw/RCS/*.d.c,v'.
    Trying pattern rule with stem '*.d.c'.
    Trying implicit prerequisite 'out/src/hw/RCS/*.d.c'.
    Trying pattern rule with stem '*.d.c'.
    Trying implicit prerequisite 'out/src/hw/s.*.d.c'.
    Trying pattern rule with stem '*.d.c'.
    Trying implicit prerequisite 'out/src/hw/SCCS/s.*.d.c'.
    Trying pattern rule with stem '*.d'.
    Trying implicit prerequisite 'out/src/hw/*.d.y'.
    Looking for a rule with intermediate file 'out/src/hw/*.d.y'.
     Avoiding implicit rule recursion.
     Avoiding implicit rule recursion.
     Avoiding implicit rule recursion.
     Trying pattern rule with stem '*.d.y'.
     Trying implicit prerequisite 'out/src/hw/*.d.y,v'.
     Trying pattern rule with stem '*.d.y'.
     Trying implicit prerequisite 'out/src/hw/RCS/*.d.y,v'.
     Trying pattern rule with stem '*.d.y'.
     Trying implicit prerequisite 'out/src/hw/RCS/*.d.y'.
     Trying pattern rule with stem '*.d.y'.
     Trying implicit prerequisite 'out/src/hw/s.*.d.y'.
     Trying pattern rule with stem '*.d.y'.
     Trying implicit prerequisite 'out/src/hw/SCCS/s.*.d.y'.
    Trying pattern rule with stem '*.d'.
    Trying implicit prerequisite 'out/src/hw/*.d.l'.
    Looking for a rule with intermediate file 'out/src/hw/*.d.l'.
     Avoiding implicit rule recursion.
     Avoiding implicit rule recursion.
     Avoiding implicit rule recursion.
     Trying pattern rule with stem '*.d.l'.
     Trying implicit prerequisite 'out/src/hw/*.d.l,v'.
     Trying pattern rule with stem '*.d.l'.
     Trying implicit prerequisite 'out/src/hw/RCS/*.d.l,v'.
     Trying pattern rule with stem '*.d.l'.
     Trying implicit prerequisite 'out/src/hw/RCS/*.d.l'.
     Trying pattern rule with stem '*.d.l'.
     Trying implicit prerequisite 'out/src/hw/s.*.d.l'.
     Trying pattern rule with stem '*.d.l'.
     Trying implicit prerequisite 'out/src/hw/SCCS/s.*.d.l'.
    Trying pattern rule with stem '*.d'.
    Trying implicit prerequisite 'out/src/hw/*.d.w'.
    Looking for a rule with intermediate file 'out/src/hw/*.d.w'.
     Avoiding implicit rule recursion.
     Avoiding implicit rule recursion.
     Avoiding implicit rule recursion.
     Trying pattern rule with stem '*.d.w'.
     Trying implicit prerequisite 'out/src/hw/*.d.w,v'.
     Trying pattern rule with stem '*.d.w'.
     Trying implicit prerequisite 'out/src/hw/RCS/*.d.w,v'.
     Trying pattern rule with stem '*.d.w'.
     Trying implicit prerequisite 'out/src/hw/RCS/*.d.w'.
     Trying pattern rule with stem '*.d.w'.
     Trying implicit prerequisite 'out/src/hw/s.*.d.w'.
     Trying pattern rule with stem '*.d.w'.
     Trying implicit prerequisite 'out/src/hw/SCCS/s.*.d.w'.
    Trying pattern rule with stem '*.d'.
    Rejecting impossible implicit prerequisite 'out/src/hw/*.d.w'.
   Trying pattern rule with stem '*.d'.
   Trying implicit prerequisite 'out/src/hw/*.d.cc'.
   Looking for a rule with intermediate file 'out/src/hw/*.d.cc'.
    Avoiding implicit rule recursion.
    Avoiding implicit rule recursion.
    Trying pattern rule with stem '*.d.cc'.
    Trying implicit prerequisite 'out/src/hw/*.d.cc,v'.
    Trying pattern rule with stem '*.d.cc'.
    Trying implicit prerequisite 'out/src/hw/RCS/*.d.cc,v'.
    Trying pattern rule with stem '*.d.cc'.
    Trying implicit prerequisite 'out/src/hw/RCS/*.d.cc'.
    Trying pattern rule with stem '*.d.cc'.
    Trying implicit prerequisite 'out/src/hw/s.*.d.cc'.
    Trying pattern rule with stem '*.d.cc'.
    Trying implicit prerequisite 'out/src/hw/SCCS/s.*.d.cc'.
   Trying pattern rule with stem '*.d'.
   Trying implicit prerequisite 'out/src/hw/*.d.C'.
   Looking for a rule with intermediate file 'out/src/hw/*.d.C'.
    Avoiding implicit rule recursion.
    Avoiding implicit rule recursion.
    Trying pattern rule with stem '*.d.C'.
    Trying implicit prerequisite 'out/src/hw/*.d.C,v'.
    Trying pattern rule with stem '*.d.C'.
    Trying implicit prerequisite 'out/src/hw/RCS/*.d.C,v'.
    Trying pattern rule with stem '*.d.C'.
    Trying implicit prerequisite 'out/src/hw/RCS/*.d.C'.
    Trying pattern rule with stem '*.d.C'.
    Trying implicit prerequisite 'out/src/hw/s.*.d.C'.
    Trying pattern rule with stem '*.d.C'.
    Trying implicit prerequisite 'out/src/hw/SCCS/s.*.d.C'.
   Trying pattern rule with stem '*.d'.
   Trying implicit prerequisite 'out/src/hw/*.d.cpp'.
   Looking for a rule with intermediate file 'out/src/hw/*.d.cpp'.
    Avoiding implicit rule recursion.
    Avoiding implicit rule recursion.
    Trying pattern rule with stem '*.d.cpp'.
    Trying implicit prerequisite 'out/src/hw/*.d.cpp,v'.
    Trying pattern rule with stem '*.d.cpp'.
    Trying implicit prerequisite 'out/src/hw/RCS/*.d.cpp,v'.
    Trying pattern rule with stem '*.d.cpp'.
    Trying implicit prerequisite 'out/src/hw/RCS/*.d.cpp'.
    Trying pattern rule with stem '*.d.cpp'.
    Trying implicit prerequisite 'out/src/hw/s.*.d.cpp'.
    Trying pattern rule with stem '*.d.cpp'.
    Trying implicit prerequisite 'out/src/hw/SCCS/s.*.d.cpp'.
   Trying pattern rule with stem '*.d'.
   Trying implicit prerequisite 'out/src/hw/*.d.p'.
   Looking for a rule with intermediate file 'out/src/hw/*.d.p'.
    Avoiding implicit rule recursion.
    Avoiding implicit rule recursion.
    Trying pattern rule with stem '*.d'.
    Trying implicit prerequisite 'out/src/hw/*.d.web'.
    Trying pattern rule with stem '*.d.p'.
    Trying implicit prerequisite 'out/src/hw/*.d.p,v'.
    Trying pattern rule with stem '*.d.p'.
    Trying implicit prerequisite 'out/src/hw/RCS/*.d.p,v'.
    Trying pattern rule with stem '*.d.p'.
    Trying implicit prerequisite 'out/src/hw/RCS/*.d.p'.
    Trying pattern rule with stem '*.d.p'.
    Trying implicit prerequisite 'out/src/hw/s.*.d.p'.
    Trying pattern rule with stem '*.d.p'.
    Trying implicit prerequisite 'out/src/hw/SCCS/s.*.d.p'.
    Trying pattern rule with stem '*.d'.
    Trying implicit prerequisite 'out/src/hw/*.d.web'.
    Looking for a rule with intermediate file 'out/src/hw/*.d.web'.
     Avoiding implicit rule recursion.
     Avoiding implicit rule recursion.
     Avoiding implicit rule recursion.
     Trying pattern rule with stem '*.d.web'.
     Trying implicit prerequisite 'out/src/hw/*.d.web,v'.
     Trying pattern rule with stem '*.d.web'.
     Trying implicit prerequisite 'out/src/hw/RCS/*.d.web,v'.
     Trying pattern rule with stem '*.d.web'.
     Trying implicit prerequisite 'out/src/hw/RCS/*.d.web'.
     Trying pattern rule with stem '*.d.web'.
     Trying implicit prerequisite 'out/src/hw/s.*.d.web'.
     Trying pattern rule with stem '*.d.web'.
     Trying implicit prerequisite 'out/src/hw/SCCS/s.*.d.web'.
   Trying pattern rule with stem '*.d'.
   Trying implicit prerequisite 'out/src/hw/*.d.f'.
   Looking for a rule with intermediate file 'out/src/hw/*.d.f'.
    Avoiding implicit rule recursion.
    Avoiding implicit rule recursion.
    Trying pattern rule with stem '*.d'.
    Trying implicit prerequisite 'out/src/hw/*.d.F'.
    Trying pattern rule with stem '*.d'.
    Trying implicit prerequisite 'out/src/hw/*.d.r'.
    Trying pattern rule with stem '*.d.f'.
    Trying implicit prerequisite 'out/src/hw/*.d.f,v'.
    Trying pattern rule with stem '*.d.f'.
    Trying implicit prerequisite 'out/src/hw/RCS/*.d.f,v'.
    Trying pattern rule with stem '*.d.f'.
    Trying implicit prerequisite 'out/src/hw/RCS/*.d.f'.
    Trying pattern rule with stem '*.d.f'.
    Trying implicit prerequisite 'out/src/hw/s.*.d.f'.
    Trying pattern rule with stem '*.d.f'.
    Trying implicit prerequisite 'out/src/hw/SCCS/s.*.d.f'.
    Trying pattern rule with stem '*.d'.
    Trying implicit prerequisite 'out/src/hw/*.d.F'.
    Looking for a rule with intermediate file 'out/src/hw/*.d.F'.
     Avoiding implicit rule recursion.
     Avoiding implicit rule recursion.
     Avoiding implicit rule recursion.
     Trying pattern rule with stem '*.d.F'.
     Trying implicit prerequisite 'out/src/hw/*.d.F,v'.
     Trying pattern rule with stem '*.d.F'.
     Trying implicit prerequisite 'out/src/hw/RCS/*.d.F,v'.
     Trying pattern rule with stem '*.d.F'.
     Trying implicit prerequisite 'out/src/hw/RCS/*.d.F'.
     Trying pattern rule with stem '*.d.F'.
     Trying implicit prerequisite 'out/src/hw/s.*.d.F'.
     Trying pattern rule with stem '*.d.F'.
     Trying implicit prerequisite 'out/src/hw/SCCS/s.*.d.F'.
    Trying pattern rule with stem '*.d'.
    Trying implicit prerequisite 'out/src/hw/*.d.r'.
    Looking for a rule with intermediate file 'out/src/hw/*.d.r'.
     Avoiding implicit rule recursion.
     Avoiding implicit rule recursion.
     Avoiding implicit rule recursion.
     Trying pattern rule with stem '*.d'.
     Rejecting impossible implicit prerequisite 'out/src/hw/*.d.l'.
     Trying pattern rule with stem '*.d.r'.
     Trying implicit prerequisite 'out/src/hw/*.d.r,v'.
     Trying pattern rule with stem '*.d.r'.
     Trying implicit prerequisite 'out/src/hw/RCS/*.d.r,v'.
     Trying pattern rule with stem '*.d.r'.
     Trying implicit prerequisite 'out/src/hw/RCS/*.d.r'.
     Trying pattern rule with stem '*.d.r'.
     Trying implicit prerequisite 'out/src/hw/s.*.d.r'.
     Trying pattern rule with stem '*.d.r'.
     Trying implicit prerequisite 'out/src/hw/SCCS/s.*.d.r'.
   Trying pattern rule with stem '*.d'.
   Rejecting impossible implicit prerequisite 'out/src/hw/*.d.F'.
   Trying pattern rule with stem '*.d'.
   Trying implicit prerequisite 'out/src/hw/*.d.m'.
   Looking for a rule with intermediate file 'out/src/hw/*.d.m'.
    Avoiding implicit rule recursion.
    Avoiding implicit rule recursion.
    Trying pattern rule with stem '*.d'.
    Trying implicit prerequisite 'out/src/hw/*.d.ym'.
    Trying pattern rule with stem '*.d.m'.
    Trying implicit prerequisite 'out/src/hw/*.d.m,v'.
    Trying pattern rule with stem '*.d.m'.
    Trying implicit prerequisite 'out/src/hw/RCS/*.d.m,v'.
    Trying pattern rule with stem '*.d.m'.
    Trying implicit prerequisite 'out/src/hw/RCS/*.d.m'.
    Trying pattern rule with stem '*.d.m'.
    Trying implicit prerequisite 'out/src/hw/s.*.d.m'.
    Trying pattern rule with stem '*.d.m'.
    Trying implicit prerequisite 'out/src/hw/SCCS/s.*.d.m'.
    Trying pattern rule with stem '*.d'.
    Trying implicit prerequisite 'out/src/hw/*.d.ym'.
    Looking for a rule with intermediate file 'out/src/hw/*.d.ym'.
     Avoiding implicit rule recursion.
     Avoiding implicit rule recursion.
     Avoiding implicit rule recursion.
     Trying pattern rule with stem '*.d.ym'.
     Trying implicit prerequisite 'out/src/hw/*.d.ym,v'.
     Trying pattern rule with stem '*.d.ym'.
     Trying implicit prerequisite 'out/src/hw/RCS/*.d.ym,v'.
     Trying pattern rule with stem '*.d.ym'.
     Trying implicit prerequisite 'out/src/hw/RCS/*.d.ym'.
     Trying pattern rule with stem '*.d.ym'.
     Trying implicit prerequisite 'out/src/hw/s.*.d.ym'.
     Trying pattern rule with stem '*.d.ym'.
     Trying implicit prerequisite 'out/src/hw/SCCS/s.*.d.ym'.
   Trying pattern rule with stem '*.d'.
   Rejecting impossible implicit prerequisite 'out/src/hw/*.d.r'.
   Trying pattern rule with stem '*.d'.
   Trying implicit prerequisite 'out/src/hw/*.d.s'.
   Looking for a rule with intermediate file 'out/src/hw/*.d.s'.
    Avoiding implicit rule recursion.
    Avoiding implicit rule recursion.
    Trying pattern rule with stem 'src/hw/*.d'.
    Rejecting impossible implicit prerequisite 'src/hw/*.d.c'.
    Trying pattern rule with stem '*.d'.
    Trying implicit prerequisite 'out/src/hw/*.d.S'.
    Trying pattern rule with stem '*.d.s'.
    Trying implicit prerequisite 'out/src/hw/*.d.s,v'.
    Trying pattern rule with stem '*.d.s'.
    Trying implicit prerequisite 'out/src/hw/RCS/*.d.s,v'.
    Trying pattern rule with stem '*.d.s'.
    Trying implicit prerequisite 'out/src/hw/RCS/*.d.s'.
    Trying pattern rule with stem '*.d.s'.
    Trying implicit prerequisite 'out/src/hw/s.*.d.s'.
    Trying pattern rule with stem '*.d.s'.
    Trying implicit prerequisite 'out/src/hw/SCCS/s.*.d.s'.
    Trying pattern rule with stem '*.d'.
    Trying implicit prerequisite 'out/src/hw/*.d.S'.
    Looking for a rule with intermediate file 'out/src/hw/*.d.S'.
     Avoiding implicit rule recursion.
     Avoiding implicit rule recursion.
     Avoiding implicit rule recursion.
     Trying pattern rule with stem '*.d.S'.
     Trying implicit prerequisite 'out/src/hw/*.d.S,v'.
     Trying pattern rule with stem '*.d.S'.
     Trying implicit prerequisite 'out/src/hw/RCS/*.d.S,v'.
     Trying pattern rule with stem '*.d.S'.
     Trying implicit prerequisite 'out/src/hw/RCS/*.d.S'.
     Trying pattern rule with stem '*.d.S'.
     Trying implicit prerequisite 'out/src/hw/s.*.d.S'.
     Trying pattern rule with stem '*.d.S'.
     Trying implicit prerequisite 'out/src/hw/SCCS/s.*.d.S'.
   Trying pattern rule with stem '*.d'.
   Rejecting impossible implicit prerequisite 'out/src/hw/*.d.S'.
   Trying pattern rule with stem '*.d'.
   Trying implicit prerequisite 'out/src/hw/*.d.mod'.
   Looking for a rule with intermediate file 'out/src/hw/*.d.mod'.
    Avoiding implicit rule recursion.
    Avoiding implicit rule recursion.
    Trying pattern rule with stem '*.d.mod'.
    Trying implicit prerequisite 'out/src/hw/*.d.mod,v'.
    Trying pattern rule with stem '*.d.mod'.
    Trying implicit prerequisite 'out/src/hw/RCS/*.d.mod,v'.
    Trying pattern rule with stem '*.d.mod'.
    Trying implicit prerequisite 'out/src/hw/RCS/*.d.mod'.
    Trying pattern rule with stem '*.d.mod'.
    Trying implicit prerequisite 'out/src/hw/s.*.d.mod'.
    Trying pattern rule with stem '*.d.mod'.
    Trying implicit prerequisite 'out/src/hw/SCCS/s.*.d.mod'.
  Trying pattern rule with stem '*.d'.
  Rejecting impossible implicit prerequisite 'out/src/hw/*.d.c'.
  Trying pattern rule with stem '*.d'.
  Rejecting impossible implicit prerequisite 'out/src/hw/*.d.cc'.
  Trying pattern rule with stem '*.d'.
  Rejecting impossible implicit prerequisite 'out/src/hw/*.d.C'.
  Trying pattern rule with stem '*.d'.
  Rejecting impossible implicit prerequisite 'out/src/hw/*.d.cpp'.
  Trying pattern rule with stem '*.d'.
  Rejecting impossible implicit prerequisite 'out/src/hw/*.d.p'.
  Trying pattern rule with stem '*.d'.
  Rejecting impossible implicit prerequisite 'out/src/hw/*.d.f'.
  Trying pattern rule with stem '*.d'.
  Rejecting impossible implicit prerequisite 'out/src/hw/*.d.F'.
  Trying pattern rule with stem '*.d'.
  Rejecting impossible implicit prerequisite 'out/src/hw/*.d.m'.
  Trying pattern rule with stem '*.d'.
  Rejecting impossible implicit prerequisite 'out/src/hw/*.d.r'.
  Trying pattern rule with stem '*.d'.
  Rejecting impossible implicit prerequisite 'out/src/hw/*.d.s'.
  Trying pattern rule with stem '*.d'.
  Rejecting impossible implicit prerequisite 'out/src/hw/*.d.S'.
  Trying pattern rule with stem '*.d'.
  Rejecting impossible implicit prerequisite 'out/src/hw/*.d.mod'.
  Trying pattern rule with stem '*.d'.
  Trying implicit prerequisite 'out/src/hw/*.d.sh'.
  Looking for a rule with intermediate file 'out/src/hw/*.d.sh'.
   Avoiding implicit rule recursion.
   Trying pattern rule with stem '*.d.sh'.
   Trying implicit prerequisite 'out/src/hw/*.d.sh,v'.
   Trying pattern rule with stem '*.d.sh'.
   Trying implicit prerequisite 'out/src/hw/RCS/*.d.sh,v'.
   Trying pattern rule with stem '*.d.sh'.
   Trying implicit prerequisite 'out/src/hw/RCS/*.d.sh'.
   Trying pattern rule with stem '*.d.sh'.
   Trying implicit prerequisite 'out/src/hw/s.*.d.sh'.
   Trying pattern rule with stem '*.d.sh'.
   Trying implicit prerequisite 'out/src/hw/SCCS/s.*.d.sh'.
  No implicit rule found for 'out/src/hw/*.d'.
  Finished prerequisites of target file 'out/src/hw/*.d'.
 Must remake target 'out/src/hw/*.d'.
 Failed to remake target file 'out/src/hw/*.d'.
 Considering target file 'out/src/*.d'.
  File 'out/src/*.d' does not exist.
  Looking for an implicit rule for 'out/src/*.d'.
  Trying pattern rule with stem '*.d'.
  Trying implicit prerequisite 'out/src/*.d.o'.
  Trying pattern rule with stem '*.d'.
  Trying implicit prerequisite 'out/src/*.d.c'.
  Trying pattern rule with stem '*.d'.
  Trying implicit prerequisite 'out/src/*.d.cc'.
  Trying pattern rule with stem '*.d'.
  Trying implicit prerequisite 'out/src/*.d.C'.
  Trying pattern rule with stem '*.d'.
  Trying implicit prerequisite 'out/src/*.d.cpp'.
  Trying pattern rule with stem '*.d'.
  Trying implicit prerequisite 'out/src/*.d.p'.
  Trying pattern rule with stem '*.d'.
  Trying implicit prerequisite 'out/src/*.d.f'.
  Trying pattern rule with stem '*.d'.
  Trying implicit prerequisite 'out/src/*.d.F'.
  Trying pattern rule with stem '*.d'.
  Trying implicit prerequisite 'out/src/*.d.m'.
  Trying pattern rule with stem '*.d'.
  Trying implicit prerequisite 'out/src/*.d.r'.
  Trying pattern rule with stem '*.d'.
  Trying implicit prerequisite 'out/src/*.d.s'.
  Trying pattern rule with stem '*.d'.
  Trying implicit prerequisite 'out/src/*.d.S'.
  Trying pattern rule with stem '*.d'.
  Trying implicit prerequisite 'out/src/*.d.mod'.
  Trying pattern rule with stem '*.d'.
  Trying implicit prerequisite 'out/src/*.d.sh'.
  Trying pattern rule with stem '*.d'.
  Trying implicit prerequisite 'out/src/*.d,v'.
  Trying pattern rule with stem '*.d'.
  Trying implicit prerequisite 'out/src/RCS/*.d,v'.
  Trying pattern rule with stem '*.d'.
  Trying implicit prerequisite 'out/src/RCS/*.d'.
  Trying pattern rule with stem '*.d'.
  Trying implicit prerequisite 'out/src/s.*.d'.
  Trying pattern rule with stem '*.d'.
  Trying implicit prerequisite 'out/src/SCCS/s.*.d'.
  Trying pattern rule with stem '*.d'.
  Trying implicit prerequisite 'out/src/*.d.o'.
  Looking for a rule with intermediate file 'out/src/*.d.o'.
   Avoiding implicit rule recursion.
   Trying pattern rule with stem 'src/*.d'.
   Trying implicit prerequisite 'src/*.d.c'.
   Trying pattern rule with stem '*.d'.
   Trying implicit prerequisite 'out/src/*.d.c'.
   Trying pattern rule with stem '*.d'.
   Trying implicit prerequisite 'out/src/*.d.cc'.
   Trying pattern rule with stem '*.d'.
   Trying implicit prerequisite 'out/src/*.d.C'.
   Trying pattern rule with stem '*.d'.
   Trying implicit prerequisite 'out/src/*.d.cpp'.
   Trying pattern rule with stem '*.d'.
   Trying implicit prerequisite 'out/src/*.d.p'.
   Trying pattern rule with stem '*.d'.
   Trying implicit prerequisite 'out/src/*.d.f'.
   Trying pattern rule with stem '*.d'.
   Trying implicit prerequisite 'out/src/*.d.F'.
   Trying pattern rule with stem '*.d'.
   Trying implicit prerequisite 'out/src/*.d.m'.
   Trying pattern rule with stem '*.d'.
   Trying implicit prerequisite 'out/src/*.d.r'.
   Trying pattern rule with stem '*.d'.
   Trying implicit prerequisite 'out/src/*.d.s'.
   Trying pattern rule with stem '*.d'.
   Trying implicit prerequisite 'out/src/*.d.S'.
   Trying pattern rule with stem '*.d'.
   Trying implicit prerequisite 'out/src/*.d.mod'.
   Trying pattern rule with stem '*.d.o'.
   Trying implicit prerequisite 'out/src/*.d.o,v'.
   Trying pattern rule with stem '*.d.o'.
   Trying implicit prerequisite 'out/src/RCS/*.d.o,v'.
   Trying pattern rule with stem '*.d.o'.
   Trying implicit prerequisite 'out/src/RCS/*.d.o'.
   Trying pattern rule with stem '*.d.o'.
   Trying implicit prerequisite 'out/src/s.*.d.o'.
   Trying pattern rule with stem '*.d.o'.
   Trying implicit prerequisite 'out/src/SCCS/s.*.d.o'.
   Trying pattern rule with stem 'src/*.d'.
   Trying implicit prerequisite 'src/*.d.c'.
   Looking for a rule with intermediate file 'src/*.d.c'.
    Avoiding implicit rule recursion.
    Avoiding implicit rule recursion.
    Trying pattern rule with stem '*.d'.
    Trying implicit prerequisite 'src/*.d.y'.
    Trying pattern rule with stem '*.d'.
    Trying implicit prerequisite 'src/*.d.l'.
    Trying pattern rule with stem '*.d'.
    Trying implicit prerequisite 'src/*.d.w'.
    Trying pattern rule with stem '*.d'.
    Trying implicit prerequisite 'src/*.d.w'.
    Trying pattern rule with stem '*.d.c'.
    Trying implicit prerequisite 'src/*.d.c,v'.
    Trying pattern rule with stem '*.d.c'.
    Trying implicit prerequisite 'src/RCS/*.d.c,v'.
    Trying pattern rule with stem '*.d.c'.
    Trying implicit prerequisite 'src/RCS/*.d.c'.
    Trying pattern rule with stem '*.d.c'.
    Trying implicit prerequisite 'src/s.*.d.c'.
    Trying pattern rule with stem '*.d.c'.
    Trying implicit prerequisite 'src/SCCS/s.*.d.c'.
    Trying pattern rule with stem '*.d'.
    Trying implicit prerequisite 'src/*.d.y'.
    Looking for a rule with intermediate file 'src/*.d.y'.
     Avoiding implicit rule recursion.
     Avoiding implicit rule recursion.
     Avoiding implicit rule recursion.
     Trying pattern rule with stem '*.d.y'.
     Trying implicit prerequisite 'src/*.d.y,v'.
     Trying pattern rule with stem '*.d.y'.
     Trying implicit prerequisite 'src/RCS/*.d.y,v'.
     Trying pattern rule with stem '*.d.y'.
     Trying implicit prerequisite 'src/RCS/*.d.y'.
     Trying pattern rule with stem '*.d.y'.
     Trying implicit prerequisite 'src/s.*.d.y'.
     Trying pattern rule with stem '*.d.y'.
     Trying implicit prerequisite 'src/SCCS/s.*.d.y'.
    Trying pattern rule with stem '*.d'.
    Trying implicit prerequisite 'src/*.d.l'.
    Looking for a rule with intermediate file 'src/*.d.l'.
     Avoiding implicit rule recursion.
     Avoiding implicit rule recursion.
     Avoiding implicit rule recursion.
     Trying pattern rule with stem '*.d.l'.
     Trying implicit prerequisite 'src/*.d.l,v'.
     Trying pattern rule with stem '*.d.l'.
     Trying implicit prerequisite 'src/RCS/*.d.l,v'.
     Trying pattern rule with stem '*.d.l'.
     Trying implicit prerequisite 'src/RCS/*.d.l'.
     Trying pattern rule with stem '*.d.l'.
     Trying implicit prerequisite 'src/s.*.d.l'.
     Trying pattern rule with stem '*.d.l'.
     Trying implicit prerequisite 'src/SCCS/s.*.d.l'.
    Trying pattern rule with stem '*.d'.
    Trying implicit prerequisite 'src/*.d.w'.
    Looking for a rule with intermediate file 'src/*.d.w'.
     Avoiding implicit rule recursion.
     Avoiding implicit rule recursion.
     Avoiding implicit rule recursion.
     Trying pattern rule with stem '*.d.w'.
     Trying implicit prerequisite 'src/*.d.w,v'.
     Trying pattern rule with stem '*.d.w'.
     Trying implicit prerequisite 'src/RCS/*.d.w,v'.
     Trying pattern rule with stem '*.d.w'.
     Trying implicit prerequisite 'src/RCS/*.d.w'.
     Trying pattern rule with stem '*.d.w'.
     Trying implicit prerequisite 'src/s.*.d.w'.
     Trying pattern rule with stem '*.d.w'.
     Trying implicit prerequisite 'src/SCCS/s.*.d.w'.
    Trying pattern rule with stem '*.d'.
    Rejecting impossible implicit prerequisite 'src/*.d.w'.
   Trying pattern rule with stem '*.d'.
   Trying implicit prerequisite 'out/src/*.d.c'.
   Looking for a rule with intermediate file 'out/src/*.d.c'.
    Avoiding implicit rule recursion.
    Avoiding implicit rule recursion.
    Trying pattern rule with stem '*.d'.
    Trying implicit prerequisite 'out/src/*.d.y'.
    Trying pattern rule with stem '*.d'.
    Trying implicit prerequisite 'out/src/*.d.l'.
    Trying pattern rule with stem '*.d'.
    Trying implicit prerequisite 'out/src/*.d.w'.
    Trying pattern rule with stem '*.d'.
    Trying implicit prerequisite 'out/src/*.d.w'.
    Trying pattern rule with stem '*.d.c'.
    Trying implicit prerequisite 'out/src/*.d.c,v'.
    Trying pattern rule with stem '*.d.c'.
    Trying implicit prerequisite 'out/src/RCS/*.d.c,v'.
    Trying pattern rule with stem '*.d.c'.
    Trying implicit prerequisite 'out/src/RCS/*.d.c'.
    Trying pattern rule with stem '*.d.c'.
    Trying implicit prerequisite 'out/src/s.*.d.c'.
    Trying pattern rule with stem '*.d.c'.
    Trying implicit prerequisite 'out/src/SCCS/s.*.d.c'.
    Trying pattern rule with stem '*.d'.
    Trying implicit prerequisite 'out/src/*.d.y'.
    Looking for a rule with intermediate file 'out/src/*.d.y'.
     Avoiding implicit rule recursion.
     Avoiding implicit rule recursion.
     Avoiding implicit rule recursion.
     Trying pattern rule with stem '*.d.y'.
     Trying implicit prerequisite 'out/src/*.d.y,v'.
     Trying pattern rule with stem '*.d.y'.
     Trying implicit prerequisite 'out/src/RCS/*.d.y,v'.
     Trying pattern rule with stem '*.d.y'.
     Trying implicit prerequisite 'out/src/RCS/*.d.y'.
     Trying pattern rule with stem '*.d.y'.
     Trying implicit prerequisite 'out/src/s.*.d.y'.
     Trying pattern rule with stem '*.d.y'.
     Trying implicit prerequisite 'out/src/SCCS/s.*.d.y'.
    Trying pattern rule with stem '*.d'.
    Trying implicit prerequisite 'out/src/*.d.l'.
    Looking for a rule with intermediate file 'out/src/*.d.l'.
     Avoiding implicit rule recursion.
     Avoiding implicit rule recursion.
     Avoiding implicit rule recursion.
     Trying pattern rule with stem '*.d.l'.
     Trying implicit prerequisite 'out/src/*.d.l,v'.
     Trying pattern rule with stem '*.d.l'.
     Trying implicit prerequisite 'out/src/RCS/*.d.l,v'.
     Trying pattern rule with stem '*.d.l'.
     Trying implicit prerequisite 'out/src/RCS/*.d.l'.
     Trying pattern rule with stem '*.d.l'.
     Trying implicit prerequisite 'out/src/s.*.d.l'.
     Trying pattern rule with stem '*.d.l'.
     Trying implicit prerequisite 'out/src/SCCS/s.*.d.l'.
    Trying pattern rule with stem '*.d'.
    Trying implicit prerequisite 'out/src/*.d.w'.
    Looking for a rule with intermediate file 'out/src/*.d.w'.
     Avoiding implicit rule recursion.
     Avoiding implicit rule recursion.
     Avoiding implicit rule recursion.
     Trying pattern rule with stem '*.d.w'.
     Trying implicit prerequisite 'out/src/*.d.w,v'.
     Trying pattern rule with stem '*.d.w'.
     Trying implicit prerequisite 'out/src/RCS/*.d.w,v'.
     Trying pattern rule with stem '*.d.w'.
     Trying implicit prerequisite 'out/src/RCS/*.d.w'.
     Trying pattern rule with stem '*.d.w'.
     Trying implicit prerequisite 'out/src/s.*.d.w'.
     Trying pattern rule with stem '*.d.w'.
     Trying implicit prerequisite 'out/src/SCCS/s.*.d.w'.
    Trying pattern rule with stem '*.d'.
    Rejecting impossible implicit prerequisite 'out/src/*.d.w'.
   Trying pattern rule with stem '*.d'.
   Trying implicit prerequisite 'out/src/*.d.cc'.
   Looking for a rule with intermediate file 'out/src/*.d.cc'.
    Avoiding implicit rule recursion.
    Avoiding implicit rule recursion.
    Trying pattern rule with stem '*.d.cc'.
    Trying implicit prerequisite 'out/src/*.d.cc,v'.
    Trying pattern rule with stem '*.d.cc'.
    Trying implicit prerequisite 'out/src/RCS/*.d.cc,v'.
    Trying pattern rule with stem '*.d.cc'.
    Trying implicit prerequisite 'out/src/RCS/*.d.cc'.
    Trying pattern rule with stem '*.d.cc'.
    Trying implicit prerequisite 'out/src/s.*.d.cc'.
    Trying pattern rule with stem '*.d.cc'.
    Trying implicit prerequisite 'out/src/SCCS/s.*.d.cc'.
   Trying pattern rule with stem '*.d'.
   Trying implicit prerequisite 'out/src/*.d.C'.
   Looking for a rule with intermediate file 'out/src/*.d.C'.
    Avoiding implicit rule recursion.
    Avoiding implicit rule recursion.
    Trying pattern rule with stem '*.d.C'.
    Trying implicit prerequisite 'out/src/*.d.C,v'.
    Trying pattern rule with stem '*.d.C'.
    Trying implicit prerequisite 'out/src/RCS/*.d.C,v'.
    Trying pattern rule with stem '*.d.C'.
    Trying implicit prerequisite 'out/src/RCS/*.d.C'.
    Trying pattern rule with stem '*.d.C'.
    Trying implicit prerequisite 'out/src/s.*.d.C'.
    Trying pattern rule with stem '*.d.C'.
    Trying implicit prerequisite 'out/src/SCCS/s.*.d.C'.
   Trying pattern rule with stem '*.d'.
   Trying implicit prerequisite 'out/src/*.d.cpp'.
   Looking for a rule with intermediate file 'out/src/*.d.cpp'.
    Avoiding implicit rule recursion.
    Avoiding implicit rule recursion.
    Trying pattern rule with stem '*.d.cpp'.
    Trying implicit prerequisite 'out/src/*.d.cpp,v'.
    Trying pattern rule with stem '*.d.cpp'.
    Trying implicit prerequisite 'out/src/RCS/*.d.cpp,v'.
    Trying pattern rule with stem '*.d.cpp'.
    Trying implicit prerequisite 'out/src/RCS/*.d.cpp'.
    Trying pattern rule with stem '*.d.cpp'.
    Trying implicit prerequisite 'out/src/s.*.d.cpp'.
    Trying pattern rule with stem '*.d.cpp'.
    Trying implicit prerequisite 'out/src/SCCS/s.*.d.cpp'.
   Trying pattern rule with stem '*.d'.
   Trying implicit prerequisite 'out/src/*.d.p'.
   Looking for a rule with intermediate file 'out/src/*.d.p'.
    Avoiding implicit rule recursion.
    Avoiding implicit rule recursion.
    Trying pattern rule with stem '*.d'.
    Trying implicit prerequisite 'out/src/*.d.web'.
    Trying pattern rule with stem '*.d.p'.
    Trying implicit prerequisite 'out/src/*.d.p,v'.
    Trying pattern rule with stem '*.d.p'.
    Trying implicit prerequisite 'out/src/RCS/*.d.p,v'.
    Trying pattern rule with stem '*.d.p'.
    Trying implicit prerequisite 'out/src/RCS/*.d.p'.
    Trying pattern rule with stem '*.d.p'.
    Trying implicit prerequisite 'out/src/s.*.d.p'.
    Trying pattern rule with stem '*.d.p'.
    Trying implicit prerequisite 'out/src/SCCS/s.*.d.p'.
    Trying pattern rule with stem '*.d'.
    Trying implicit prerequisite 'out/src/*.d.web'.
    Looking for a rule with intermediate file 'out/src/*.d.web'.
     Avoiding implicit rule recursion.
     Avoiding implicit rule recursion.
     Avoiding implicit rule recursion.
     Trying pattern rule with stem '*.d.web'.
     Trying implicit prerequisite 'out/src/*.d.web,v'.
     Trying pattern rule with stem '*.d.web'.
     Trying implicit prerequisite 'out/src/RCS/*.d.web,v'.
     Trying pattern rule with stem '*.d.web'.
     Trying implicit prerequisite 'out/src/RCS/*.d.web'.
     Trying pattern rule with stem '*.d.web'.
     Trying implicit prerequisite 'out/src/s.*.d.web'.
     Trying pattern rule with stem '*.d.web'.
     Trying implicit prerequisite 'out/src/SCCS/s.*.d.web'.
   Trying pattern rule with stem '*.d'.
   Trying implicit prerequisite 'out/src/*.d.f'.
   Looking for a rule with intermediate file 'out/src/*.d.f'.
    Avoiding implicit rule recursion.
    Avoiding implicit rule recursion.
    Trying pattern rule with stem '*.d'.
    Trying implicit prerequisite 'out/src/*.d.F'.
    Trying pattern rule with stem '*.d'.
    Trying implicit prerequisite 'out/src/*.d.r'.
    Trying pattern rule with stem '*.d.f'.
    Trying implicit prerequisite 'out/src/*.d.f,v'.
    Trying pattern rule with stem '*.d.f'.
    Trying implicit prerequisite 'out/src/RCS/*.d.f,v'.
    Trying pattern rule with stem '*.d.f'.
    Trying implicit prerequisite 'out/src/RCS/*.d.f'.
    Trying pattern rule with stem '*.d.f'.
    Trying implicit prerequisite 'out/src/s.*.d.f'.
    Trying pattern rule with stem '*.d.f'.
    Trying implicit prerequisite 'out/src/SCCS/s.*.d.f'.
    Trying pattern rule with stem '*.d'.
    Trying implicit prerequisite 'out/src/*.d.F'.
    Looking for a rule with intermediate file 'out/src/*.d.F'.
     Avoiding implicit rule recursion.
     Avoiding implicit rule recursion.
     Avoiding implicit rule recursion.
     Trying pattern rule with stem '*.d.F'.
     Trying implicit prerequisite 'out/src/*.d.F,v'.
     Trying pattern rule with stem '*.d.F'.
     Trying implicit prerequisite 'out/src/RCS/*.d.F,v'.
     Trying pattern rule with stem '*.d.F'.
     Trying implicit prerequisite 'out/src/RCS/*.d.F'.
     Trying pattern rule with stem '*.d.F'.
     Trying implicit prerequisite 'out/src/s.*.d.F'.
     Trying pattern rule with stem '*.d.F'.
     Trying implicit prerequisite 'out/src/SCCS/s.*.d.F'.
    Trying pattern rule with stem '*.d'.
    Trying implicit prerequisite 'out/src/*.d.r'.
    Looking for a rule with intermediate file 'out/src/*.d.r'.
     Avoiding implicit rule recursion.
     Avoiding implicit rule recursion.
     Avoiding implicit rule recursion.
     Trying pattern rule with stem '*.d'.
     Rejecting impossible implicit prerequisite 'out/src/*.d.l'.
     Trying pattern rule with stem '*.d.r'.
     Trying implicit prerequisite 'out/src/*.d.r,v'.
     Trying pattern rule with stem '*.d.r'.
     Trying implicit prerequisite 'out/src/RCS/*.d.r,v'.
     Trying pattern rule with stem '*.d.r'.
     Trying implicit prerequisite 'out/src/RCS/*.d.r'.
     Trying pattern rule with stem '*.d.r'.
     Trying implicit prerequisite 'out/src/s.*.d.r'.
     Trying pattern rule with stem '*.d.r'.
     Trying implicit prerequisite 'out/src/SCCS/s.*.d.r'.
   Trying pattern rule with stem '*.d'.
   Rejecting impossible implicit prerequisite 'out/src/*.d.F'.
   Trying pattern rule with stem '*.d'.
   Trying implicit prerequisite 'out/src/*.d.m'.
   Looking for a rule with intermediate file 'out/src/*.d.m'.
    Avoiding implicit rule recursion.
    Avoiding implicit rule recursion.
    Trying pattern rule with stem '*.d'.
    Trying implicit prerequisite 'out/src/*.d.ym'.
    Trying pattern rule with stem '*.d.m'.
    Trying implicit prerequisite 'out/src/*.d.m,v'.
    Trying pattern rule with stem '*.d.m'.
    Trying implicit prerequisite 'out/src/RCS/*.d.m,v'.
    Trying pattern rule with stem '*.d.m'.
    Trying implicit prerequisite 'out/src/RCS/*.d.m'.
    Trying pattern rule with stem '*.d.m'.
    Trying implicit prerequisite 'out/src/s.*.d.m'.
    Trying pattern rule with stem '*.d.m'.
    Trying implicit prerequisite 'out/src/SCCS/s.*.d.m'.
    Trying pattern rule with stem '*.d'.
    Trying implicit prerequisite 'out/src/*.d.ym'.
    Looking for a rule with intermediate file 'out/src/*.d.ym'.
     Avoiding implicit rule recursion.
     Avoiding implicit rule recursion.
     Avoiding implicit rule recursion.
     Trying pattern rule with stem '*.d.ym'.
     Trying implicit prerequisite 'out/src/*.d.ym,v'.
     Trying pattern rule with stem '*.d.ym'.
     Trying implicit prerequisite 'out/src/RCS/*.d.ym,v'.
     Trying pattern rule with stem '*.d.ym'.
     Trying implicit prerequisite 'out/src/RCS/*.d.ym'.
     Trying pattern rule with stem '*.d.ym'.
     Trying implicit prerequisite 'out/src/s.*.d.ym'.
     Trying pattern rule with stem '*.d.ym'.
     Trying implicit prerequisite 'out/src/SCCS/s.*.d.ym'.
   Trying pattern rule with stem '*.d'.
   Rejecting impossible implicit prerequisite 'out/src/*.d.r'.
   Trying pattern rule with stem '*.d'.
   Trying implicit prerequisite 'out/src/*.d.s'.
   Looking for a rule with intermediate file 'out/src/*.d.s'.
    Avoiding implicit rule recursion.
    Avoiding implicit rule recursion.
    Trying pattern rule with stem 'src/*.d'.
    Rejecting impossible implicit prerequisite 'src/*.d.c'.
    Trying pattern rule with stem '*.d'.
    Trying implicit prerequisite 'out/src/*.d.S'.
    Trying pattern rule with stem '*.d.s'.
    Trying implicit prerequisite 'out/src/*.d.s,v'.
    Trying pattern rule with stem '*.d.s'.
    Trying implicit prerequisite 'out/src/RCS/*.d.s,v'.
    Trying pattern rule with stem '*.d.s'.
    Trying implicit prerequisite 'out/src/RCS/*.d.s'.
    Trying pattern rule with stem '*.d.s'.
    Trying implicit prerequisite 'out/src/s.*.d.s'.
    Trying pattern rule with stem '*.d.s'.
    Trying implicit prerequisite 'out/src/SCCS/s.*.d.s'.
    Trying pattern rule with stem '*.d'.
    Trying implicit prerequisite 'out/src/*.d.S'.
    Looking for a rule with intermediate file 'out/src/*.d.S'.
     Avoiding implicit rule recursion.
     Avoiding implicit rule recursion.
     Avoiding implicit rule recursion.
     Trying pattern rule with stem '*.d.S'.
     Trying implicit prerequisite 'out/src/*.d.S,v'.
     Trying pattern rule with stem '*.d.S'.
     Trying implicit prerequisite 'out/src/RCS/*.d.S,v'.
     Trying pattern rule with stem '*.d.S'.
     Trying implicit prerequisite 'out/src/RCS/*.d.S'.
     Trying pattern rule with stem '*.d.S'.
     Trying implicit prerequisite 'out/src/s.*.d.S'.
     Trying pattern rule with stem '*.d.S'.
     Trying implicit prerequisite 'out/src/SCCS/s.*.d.S'.
   Trying pattern rule with stem '*.d'.
   Rejecting impossible implicit prerequisite 'out/src/*.d.S'.
   Trying pattern rule with stem '*.d'.
   Trying implicit prerequisite 'out/src/*.d.mod'.
   Looking for a rule with intermediate file 'out/src/*.d.mod'.
    Avoiding implicit rule recursion.
    Avoiding implicit rule recursion.
    Trying pattern rule with stem '*.d.mod'.
    Trying implicit prerequisite 'out/src/*.d.mod,v'.
    Trying pattern rule with stem '*.d.mod'.
    Trying implicit prerequisite 'out/src/RCS/*.d.mod,v'.
    Trying pattern rule with stem '*.d.mod'.
    Trying implicit prerequisite 'out/src/RCS/*.d.mod'.
    Trying pattern rule with stem '*.d.mod'.
    Trying implicit prerequisite 'out/src/s.*.d.mod'.
    Trying pattern rule with stem '*.d.mod'.
    Trying implicit prerequisite 'out/src/SCCS/s.*.d.mod'.
  Trying pattern rule with stem '*.d'.
  Rejecting impossible implicit prerequisite 'out/src/*.d.c'.
  Trying pattern rule with stem '*.d'.
  Rejecting impossible implicit prerequisite 'out/src/*.d.cc'.
  Trying pattern rule with stem '*.d'.
  Rejecting impossible implicit prerequisite 'out/src/*.d.C'.
  Trying pattern rule with stem '*.d'.
  Rejecting impossible implicit prerequisite 'out/src/*.d.cpp'.
  Trying pattern rule with stem '*.d'.
  Rejecting impossible implicit prerequisite 'out/src/*.d.p'.
  Trying pattern rule with stem '*.d'.
  Rejecting impossible implicit prerequisite 'out/src/*.d.f'.
  Trying pattern rule with stem '*.d'.
  Rejecting impossible implicit prerequisite 'out/src/*.d.F'.
  Trying pattern rule with stem '*.d'.
  Rejecting impossible implicit prerequisite 'out/src/*.d.m'.
  Trying pattern rule with stem '*.d'.
  Rejecting impossible implicit prerequisite 'out/src/*.d.r'.
  Trying pattern rule with stem '*.d'.
  Rejecting impossible implicit prerequisite 'out/src/*.d.s'.
  Trying pattern rule with stem '*.d'.
  Rejecting impossible implicit prerequisite 'out/src/*.d.S'.
  Trying pattern rule with stem '*.d'.
  Rejecting impossible implicit prerequisite 'out/src/*.d.mod'.
  Trying pattern rule with stem '*.d'.
  Trying implicit prerequisite 'out/src/*.d.sh'.
  Looking for a rule with intermediate file 'out/src/*.d.sh'.
   Avoiding implicit rule recursion.
   Trying pattern rule with stem '*.d.sh'.
   Trying implicit prerequisite 'out/src/*.d.sh,v'.
   Trying pattern rule with stem '*.d.sh'.
   Trying implicit prerequisite 'out/src/RCS/*.d.sh,v'.
   Trying pattern rule with stem '*.d.sh'.
   Trying implicit prerequisite 'out/src/RCS/*.d.sh'.
   Trying pattern rule with stem '*.d.sh'.
   Trying implicit prerequisite 'out/src/s.*.d.sh'.
   Trying pattern rule with stem '*.d.sh'.
   Trying implicit prerequisite 'out/src/SCCS/s.*.d.sh'.
  No implicit rule found for 'out/src/*.d'.
  Finished prerequisites of target file 'out/src/*.d'.
 Must remake target 'out/src/*.d'.
 Failed to remake target file 'out/src/*.d'.
 Considering target file 'out/*.d'.
  File 'out/*.d' does not exist.
  Looking for an implicit rule for 'out/*.d'.
  Trying pattern rule with stem '*.d'.
  Trying implicit prerequisite 'out/*.d.o'.
  Trying pattern rule with stem '*.d'.
  Trying implicit prerequisite 'out/*.d.c'.
  Trying pattern rule with stem '*.d'.
  Trying implicit prerequisite 'out/*.d.cc'.
  Trying pattern rule with stem '*.d'.
  Trying implicit prerequisite 'out/*.d.C'.
  Trying pattern rule with stem '*.d'.
  Trying implicit prerequisite 'out/*.d.cpp'.
  Trying pattern rule with stem '*.d'.
  Trying implicit prerequisite 'out/*.d.p'.
  Trying pattern rule with stem '*.d'.
  Trying implicit prerequisite 'out/*.d.f'.
  Trying pattern rule with stem '*.d'.
  Trying implicit prerequisite 'out/*.d.F'.
  Trying pattern rule with stem '*.d'.
  Trying implicit prerequisite 'out/*.d.m'.
  Trying pattern rule with stem '*.d'.
  Trying implicit prerequisite 'out/*.d.r'.
  Trying pattern rule with stem '*.d'.
  Trying implicit prerequisite 'out/*.d.s'.
  Trying pattern rule with stem '*.d'.
  Trying implicit prerequisite 'out/*.d.S'.
  Trying pattern rule with stem '*.d'.
  Trying implicit prerequisite 'out/*.d.mod'.
  Trying pattern rule with stem '*.d'.
  Trying implicit prerequisite 'out/*.d.sh'.
  Trying pattern rule with stem '*.d'.
  Trying implicit prerequisite 'out/*.d,v'.
  Trying pattern rule with stem '*.d'.
  Trying implicit prerequisite 'out/RCS/*.d,v'.
  Trying pattern rule with stem '*.d'.
  Trying implicit prerequisite 'out/RCS/*.d'.
  Trying pattern rule with stem '*.d'.
  Trying implicit prerequisite 'out/s.*.d'.
  Trying pattern rule with stem '*.d'.
  Trying implicit prerequisite 'out/SCCS/s.*.d'.
  Trying pattern rule with stem '*.d'.
  Trying implicit prerequisite 'out/*.d.o'.
  Looking for a rule with intermediate file 'out/*.d.o'.
   Avoiding implicit rule recursion.
   Trying pattern rule with stem '*.d'.
   Trying implicit prerequisite '*.d.c'.
   Trying pattern rule with stem '*.d'.
   Trying implicit prerequisite 'out/*.d.c'.
   Trying pattern rule with stem '*.d'.
   Trying implicit prerequisite 'out/*.d.cc'.
   Trying pattern rule with stem '*.d'.
   Trying implicit prerequisite 'out/*.d.C'.
   Trying pattern rule with stem '*.d'.
   Trying implicit prerequisite 'out/*.d.cpp'.
   Trying pattern rule with stem '*.d'.
   Trying implicit prerequisite 'out/*.d.p'.
   Trying pattern rule with stem '*.d'.
   Trying implicit prerequisite 'out/*.d.f'.
   Trying pattern rule with stem '*.d'.
   Trying implicit prerequisite 'out/*.d.F'.
   Trying pattern rule with stem '*.d'.
   Trying implicit prerequisite 'out/*.d.m'.
   Trying pattern rule with stem '*.d'.
   Trying implicit prerequisite 'out/*.d.r'.
   Trying pattern rule with stem '*.d'.
   Trying implicit prerequisite 'out/*.d.s'.
   Trying pattern rule with stem '*.d'.
   Trying implicit prerequisite 'out/*.d.S'.
   Trying pattern rule with stem '*.d'.
   Trying implicit prerequisite 'out/*.d.mod'.
   Trying pattern rule with stem '*.d.o'.
   Trying implicit prerequisite 'out/*.d.o,v'.
   Trying pattern rule with stem '*.d.o'.
   Trying implicit prerequisite 'out/RCS/*.d.o,v'.
   Trying pattern rule with stem '*.d.o'.
   Trying implicit prerequisite 'out/RCS/*.d.o'.
   Trying pattern rule with stem '*.d.o'.
   Trying implicit prerequisite 'out/s.*.d.o'.
   Trying pattern rule with stem '*.d.o'.
   Trying implicit prerequisite 'out/SCCS/s.*.d.o'.
   Trying pattern rule with stem '*.d'.
   Trying implicit prerequisite '*.d.c'.
   Looking for a rule with intermediate file '*.d.c'.
    Avoiding implicit rule recursion.
    Avoiding implicit rule recursion.
    Trying pattern rule with stem '*.d'.
    Trying implicit prerequisite '*.d.y'.
    Trying pattern rule with stem '*.d'.
    Trying implicit prerequisite '*.d.l'.
    Trying pattern rule with stem '*.d'.
    Trying implicit prerequisite '*.d.w'.
    Trying pattern rule with stem '*.d'.
    Trying implicit prerequisite '*.d.w'.
    Trying pattern rule with stem '*.d.c'.
    Trying implicit prerequisite '*.d.c,v'.
    Trying pattern rule with stem '*.d.c'.
    Trying implicit prerequisite 'RCS/*.d.c,v'.
    Trying pattern rule with stem '*.d.c'.
    Trying implicit prerequisite 'RCS/*.d.c'.
    Trying pattern rule with stem '*.d.c'.
    Trying implicit prerequisite 's.*.d.c'.
    Trying pattern rule with stem '*.d.c'.
    Trying implicit prerequisite 'SCCS/s.*.d.c'.
    Trying pattern rule with stem '*.d'.
    Trying implicit prerequisite '*.d.y'.
    Looking for a rule with intermediate file '*.d.y'.
     Avoiding implicit rule recursion.
     Avoiding implicit rule recursion.
     Avoiding implicit rule recursion.
     Trying pattern rule with stem '*.d.y'.
     Trying implicit prerequisite '*.d.y,v'.
     Trying pattern rule with stem '*.d.y'.
     Trying implicit prerequisite 'RCS/*.d.y,v'.
     Trying pattern rule with stem '*.d.y'.
     Trying implicit prerequisite 'RCS/*.d.y'.
     Trying pattern rule with stem '*.d.y'.
     Trying implicit prerequisite 's.*.d.y'.
     Trying pattern rule with stem '*.d.y'.
     Trying implicit prerequisite 'SCCS/s.*.d.y'.
    Trying pattern rule with stem '*.d'.
    Trying implicit prerequisite '*.d.l'.
    Looking for a rule with intermediate file '*.d.l'.
     Avoiding implicit rule recursion.
     Avoiding implicit rule recursion.
     Avoiding implicit rule recursion.
     Trying pattern rule with stem '*.d.l'.
     Trying implicit prerequisite '*.d.l,v'.
     Trying pattern rule with stem '*.d.l'.
     Trying implicit prerequisite 'RCS/*.d.l,v'.
     Trying pattern rule with stem '*.d.l'.
     Trying implicit prerequisite 'RCS/*.d.l'.
     Trying pattern rule with stem '*.d.l'.
     Trying implicit prerequisite 's.*.d.l'.
     Trying pattern rule with stem '*.d.l'.
     Trying implicit prerequisite 'SCCS/s.*.d.l'.
    Trying pattern rule with stem '*.d'.
    Trying implicit prerequisite '*.d.w'.
    Looking for a rule with intermediate file '*.d.w'.
     Avoiding implicit rule recursion.
     Avoiding implicit rule recursion.
     Avoiding implicit rule recursion.
     Trying pattern rule with stem '*.d.w'.
     Trying implicit prerequisite '*.d.w,v'.
     Trying pattern rule with stem '*.d.w'.
     Trying implicit prerequisite 'RCS/*.d.w,v'.
     Trying pattern rule with stem '*.d.w'.
     Trying implicit prerequisite 'RCS/*.d.w'.
     Trying pattern rule with stem '*.d.w'.
     Trying implicit prerequisite 's.*.d.w'.
     Trying pattern rule with stem '*.d.w'.
     Trying implicit prerequisite 'SCCS/s.*.d.w'.
    Trying pattern rule with stem '*.d'.
    Rejecting impossible implicit prerequisite '*.d.w'.
   Trying pattern rule with stem '*.d'.
   Trying implicit prerequisite 'out/*.d.c'.
   Looking for a rule with intermediate file 'out/*.d.c'.
    Avoiding implicit rule recursion.
    Avoiding implicit rule recursion.
    Trying pattern rule with stem '*.d'.
    Trying implicit prerequisite 'out/*.d.y'.
    Trying pattern rule with stem '*.d'.
    Trying implicit prerequisite 'out/*.d.l'.
    Trying pattern rule with stem '*.d'.
    Trying implicit prerequisite 'out/*.d.w'.
    Trying pattern rule with stem '*.d'.
    Trying implicit prerequisite 'out/*.d.w'.
    Trying pattern rule with stem '*.d.c'.
    Trying implicit prerequisite 'out/*.d.c,v'.
    Trying pattern rule with stem '*.d.c'.
    Trying implicit prerequisite 'out/RCS/*.d.c,v'.
    Trying pattern rule with stem '*.d.c'.
    Trying implicit prerequisite 'out/RCS/*.d.c'.
    Trying pattern rule with stem '*.d.c'.
    Trying implicit prerequisite 'out/s.*.d.c'.
    Trying pattern rule with stem '*.d.c'.
    Trying implicit prerequisite 'out/SCCS/s.*.d.c'.
    Trying pattern rule with stem '*.d'.
    Trying implicit prerequisite 'out/*.d.y'.
    Looking for a rule with intermediate file 'out/*.d.y'.
     Avoiding implicit rule recursion.
     Avoiding implicit rule recursion.
     Avoiding implicit rule recursion.
     Trying pattern rule with stem '*.d.y'.
     Trying implicit prerequisite 'out/*.d.y,v'.
     Trying pattern rule with stem '*.d.y'.
     Trying implicit prerequisite 'out/RCS/*.d.y,v'.
     Trying pattern rule with stem '*.d.y'.
     Trying implicit prerequisite 'out/RCS/*.d.y'.
     Trying pattern rule with stem '*.d.y'.
     Trying implicit prerequisite 'out/s.*.d.y'.
     Trying pattern rule with stem '*.d.y'.
     Trying implicit prerequisite 'out/SCCS/s.*.d.y'.
    Trying pattern rule with stem '*.d'.
    Trying implicit prerequisite 'out/*.d.l'.
    Looking for a rule with intermediate file 'out/*.d.l'.
     Avoiding implicit rule recursion.
     Avoiding implicit rule recursion.
     Avoiding implicit rule recursion.
     Trying pattern rule with stem '*.d.l'.
     Trying implicit prerequisite 'out/*.d.l,v'.
     Trying pattern rule with stem '*.d.l'.
     Trying implicit prerequisite 'out/RCS/*.d.l,v'.
     Trying pattern rule with stem '*.d.l'.
     Trying implicit prerequisite 'out/RCS/*.d.l'.
     Trying pattern rule with stem '*.d.l'.
     Trying implicit prerequisite 'out/s.*.d.l'.
     Trying pattern rule with stem '*.d.l'.
     Trying implicit prerequisite 'out/SCCS/s.*.d.l'.
    Trying pattern rule with stem '*.d'.
    Trying implicit prerequisite 'out/*.d.w'.
    Looking for a rule with intermediate file 'out/*.d.w'.
     Avoiding implicit rule recursion.
     Avoiding implicit rule recursion.
     Avoiding implicit rule recursion.
     Trying pattern rule with stem '*.d.w'.
     Trying implicit prerequisite 'out/*.d.w,v'.
     Trying pattern rule with stem '*.d.w'.
     Trying implicit prerequisite 'out/RCS/*.d.w,v'.
     Trying pattern rule with stem '*.d.w'.
     Trying implicit prerequisite 'out/RCS/*.d.w'.
     Trying pattern rule with stem '*.d.w'.
     Trying implicit prerequisite 'out/s.*.d.w'.
     Trying pattern rule with stem '*.d.w'.
     Trying implicit prerequisite 'out/SCCS/s.*.d.w'.
    Trying pattern rule with stem '*.d'.
    Rejecting impossible implicit prerequisite 'out/*.d.w'.
   Trying pattern rule with stem '*.d'.
   Trying implicit prerequisite 'out/*.d.cc'.
   Looking for a rule with intermediate file 'out/*.d.cc'.
    Avoiding implicit rule recursion.
    Avoiding implicit rule recursion.
    Trying pattern rule with stem '*.d.cc'.
    Trying implicit prerequisite 'out/*.d.cc,v'.
    Trying pattern rule with stem '*.d.cc'.
    Trying implicit prerequisite 'out/RCS/*.d.cc,v'.
    Trying pattern rule with stem '*.d.cc'.
    Trying implicit prerequisite 'out/RCS/*.d.cc'.
    Trying pattern rule with stem '*.d.cc'.
    Trying implicit prerequisite 'out/s.*.d.cc'.
    Trying pattern rule with stem '*.d.cc'.
    Trying implicit prerequisite 'out/SCCS/s.*.d.cc'.
   Trying pattern rule with stem '*.d'.
   Trying implicit prerequisite 'out/*.d.C'.
   Looking for a rule with intermediate file 'out/*.d.C'.
    Avoiding implicit rule recursion.
    Avoiding implicit rule recursion.
    Trying pattern rule with stem '*.d.C'.
    Trying implicit prerequisite 'out/*.d.C,v'.
    Trying pattern rule with stem '*.d.C'.
    Trying implicit prerequisite 'out/RCS/*.d.C,v'.
    Trying pattern rule with stem '*.d.C'.
    Trying implicit prerequisite 'out/RCS/*.d.C'.
    Trying pattern rule with stem '*.d.C'.
    Trying implicit prerequisite 'out/s.*.d.C'.
    Trying pattern rule with stem '*.d.C'.
    Trying implicit prerequisite 'out/SCCS/s.*.d.C'.
   Trying pattern rule with stem '*.d'.
   Trying implicit prerequisite 'out/*.d.cpp'.
   Looking for a rule with intermediate file 'out/*.d.cpp'.
    Avoiding implicit rule recursion.
    Avoiding implicit rule recursion.
    Trying pattern rule with stem '*.d.cpp'.
    Trying implicit prerequisite 'out/*.d.cpp,v'.
    Trying pattern rule with stem '*.d.cpp'.
    Trying implicit prerequisite 'out/RCS/*.d.cpp,v'.
    Trying pattern rule with stem '*.d.cpp'.
    Trying implicit prerequisite 'out/RCS/*.d.cpp'.
    Trying pattern rule with stem '*.d.cpp'.
    Trying implicit prerequisite 'out/s.*.d.cpp'.
    Trying pattern rule with stem '*.d.cpp'.
    Trying implicit prerequisite 'out/SCCS/s.*.d.cpp'.
   Trying pattern rule with stem '*.d'.
   Trying implicit prerequisite 'out/*.d.p'.
   Looking for a rule with intermediate file 'out/*.d.p'.
    Avoiding implicit rule recursion.
    Avoiding implicit rule recursion.
    Trying pattern rule with stem '*.d'.
    Trying implicit prerequisite 'out/*.d.web'.
    Trying pattern rule with stem '*.d.p'.
    Trying implicit prerequisite 'out/*.d.p,v'.
    Trying pattern rule with stem '*.d.p'.
    Trying implicit prerequisite 'out/RCS/*.d.p,v'.
    Trying pattern rule with stem '*.d.p'.
    Trying implicit prerequisite 'out/RCS/*.d.p'.
    Trying pattern rule with stem '*.d.p'.
    Trying implicit prerequisite 'out/s.*.d.p'.
    Trying pattern rule with stem '*.d.p'.
    Trying implicit prerequisite 'out/SCCS/s.*.d.p'.
    Trying pattern rule with stem '*.d'.
    Trying implicit prerequisite 'out/*.d.web'.
    Looking for a rule with intermediate file 'out/*.d.web'.
     Avoiding implicit rule recursion.
     Avoiding implicit rule recursion.
     Avoiding implicit rule recursion.
     Trying pattern rule with stem '*.d.web'.
     Trying implicit prerequisite 'out/*.d.web,v'.
     Trying pattern rule with stem '*.d.web'.
     Trying implicit prerequisite 'out/RCS/*.d.web,v'.
     Trying pattern rule with stem '*.d.web'.
     Trying implicit prerequisite 'out/RCS/*.d.web'.
     Trying pattern rule with stem '*.d.web'.
     Trying implicit prerequisite 'out/s.*.d.web'.
     Trying pattern rule with stem '*.d.web'.
     Trying implicit prerequisite 'out/SCCS/s.*.d.web'.
   Trying pattern rule with stem '*.d'.
   Trying implicit prerequisite 'out/*.d.f'.
   Looking for a rule with intermediate file 'out/*.d.f'.
    Avoiding implicit rule recursion.
    Avoiding implicit rule recursion.
    Trying pattern rule with stem '*.d'.
    Trying implicit prerequisite 'out/*.d.F'.
    Trying pattern rule with stem '*.d'.
    Trying implicit prerequisite 'out/*.d.r'.
    Trying pattern rule with stem '*.d.f'.
    Trying implicit prerequisite 'out/*.d.f,v'.
    Trying pattern rule with stem '*.d.f'.
    Trying implicit prerequisite 'out/RCS/*.d.f,v'.
    Trying pattern rule with stem '*.d.f'.
    Trying implicit prerequisite 'out/RCS/*.d.f'.
    Trying pattern rule with stem '*.d.f'.
    Trying implicit prerequisite 'out/s.*.d.f'.
    Trying pattern rule with stem '*.d.f'.
    Trying implicit prerequisite 'out/SCCS/s.*.d.f'.
    Trying pattern rule with stem '*.d'.
    Trying implicit prerequisite 'out/*.d.F'.
    Looking for a rule with intermediate file 'out/*.d.F'.
     Avoiding implicit rule recursion.
     Avoiding implicit rule recursion.
     Avoiding implicit rule recursion.
     Trying pattern rule with stem '*.d.F'.
     Trying implicit prerequisite 'out/*.d.F,v'.
     Trying pattern rule with stem '*.d.F'.
     Trying implicit prerequisite 'out/RCS/*.d.F,v'.
     Trying pattern rule with stem '*.d.F'.
     Trying implicit prerequisite 'out/RCS/*.d.F'.
     Trying pattern rule with stem '*.d.F'.
     Trying implicit prerequisite 'out/s.*.d.F'.
     Trying pattern rule with stem '*.d.F'.
     Trying implicit prerequisite 'out/SCCS/s.*.d.F'.
    Trying pattern rule with stem '*.d'.
    Trying implicit prerequisite 'out/*.d.r'.
    Looking for a rule with intermediate file 'out/*.d.r'.
     Avoiding implicit rule recursion.
     Avoiding implicit rule recursion.
     Avoiding implicit rule recursion.
     Trying pattern rule with stem '*.d'.
     Rejecting impossible implicit prerequisite 'out/*.d.l'.
     Trying pattern rule with stem '*.d.r'.
     Trying implicit prerequisite 'out/*.d.r,v'.
     Trying pattern rule with stem '*.d.r'.
     Trying implicit prerequisite 'out/RCS/*.d.r,v'.
     Trying pattern rule with stem '*.d.r'.
     Trying implicit prerequisite 'out/RCS/*.d.r'.
     Trying pattern rule with stem '*.d.r'.
     Trying implicit prerequisite 'out/s.*.d.r'.
     Trying pattern rule with stem '*.d.r'.
     Trying implicit prerequisite 'out/SCCS/s.*.d.r'.
   Trying pattern rule with stem '*.d'.
   Rejecting impossible implicit prerequisite 'out/*.d.F'.
   Trying pattern rule with stem '*.d'.
   Trying implicit prerequisite 'out/*.d.m'.
   Looking for a rule with intermediate file 'out/*.d.m'.
    Avoiding implicit rule recursion.
    Avoiding implicit rule recursion.
    Trying pattern rule with stem '*.d'.
    Trying implicit prerequisite 'out/*.d.ym'.
    Trying pattern rule with stem '*.d.m'.
    Trying implicit prerequisite 'out/*.d.m,v'.
    Trying pattern rule with stem '*.d.m'.
    Trying implicit prerequisite 'out/RCS/*.d.m,v'.
    Trying pattern rule with stem '*.d.m'.
    Trying implicit prerequisite 'out/RCS/*.d.m'.
    Trying pattern rule with stem '*.d.m'.
    Trying implicit prerequisite 'out/s.*.d.m'.
    Trying pattern rule with stem '*.d.m'.
    Trying implicit prerequisite 'out/SCCS/s.*.d.m'.
    Trying pattern rule with stem '*.d'.
    Trying implicit prerequisite 'out/*.d.ym'.
    Looking for a rule with intermediate file 'out/*.d.ym'.
     Avoiding implicit rule recursion.
     Avoiding implicit rule recursion.
     Avoiding implicit rule recursion.
     Trying pattern rule with stem '*.d.ym'.
     Trying implicit prerequisite 'out/*.d.ym,v'.
     Trying pattern rule with stem '*.d.ym'.
     Trying implicit prerequisite 'out/RCS/*.d.ym,v'.
     Trying pattern rule with stem '*.d.ym'.
     Trying implicit prerequisite 'out/RCS/*.d.ym'.
     Trying pattern rule with stem '*.d.ym'.
     Trying implicit prerequisite 'out/s.*.d.ym'.
     Trying pattern rule with stem '*.d.ym'.
     Trying implicit prerequisite 'out/SCCS/s.*.d.ym'.
   Trying pattern rule with stem '*.d'.
   Rejecting impossible implicit prerequisite 'out/*.d.r'.
   Trying pattern rule with stem '*.d'.
   Trying implicit prerequisite 'out/*.d.s'.
   Looking for a rule with intermediate file 'out/*.d.s'.
    Avoiding implicit rule recursion.
    Avoiding implicit rule recursion.
    Trying pattern rule with stem '*.d'.
    Rejecting impossible implicit prerequisite '*.d.c'.
    Trying pattern rule with stem '*.d'.
    Trying implicit prerequisite 'out/*.d.S'.
    Trying pattern rule with stem '*.d.s'.
    Trying implicit prerequisite 'out/*.d.s,v'.
    Trying pattern rule with stem '*.d.s'.
    Trying implicit prerequisite 'out/RCS/*.d.s,v'.
    Trying pattern rule with stem '*.d.s'.
    Trying implicit prerequisite 'out/RCS/*.d.s'.
    Trying pattern rule with stem '*.d.s'.
    Trying implicit prerequisite 'out/s.*.d.s'.
    Trying pattern rule with stem '*.d.s'.
    Trying implicit prerequisite 'out/SCCS/s.*.d.s'.
    Trying pattern rule with stem '*.d'.
    Trying implicit prerequisite 'out/*.d.S'.
    Looking for a rule with intermediate file 'out/*.d.S'.
     Avoiding implicit rule recursion.
     Avoiding implicit rule recursion.
     Avoiding implicit rule recursion.
     Trying pattern rule with stem '*.d.S'.
     Trying implicit prerequisite 'out/*.d.S,v'.
     Trying pattern rule with stem '*.d.S'.
     Trying implicit prerequisite 'out/RCS/*.d.S,v'.
     Trying pattern rule with stem '*.d.S'.
     Trying implicit prerequisite 'out/RCS/*.d.S'.
     Trying pattern rule with stem '*.d.S'.
     Trying implicit prerequisite 'out/s.*.d.S'.
     Trying pattern rule with stem '*.d.S'.
     Trying implicit prerequisite 'out/SCCS/s.*.d.S'.
   Trying pattern rule with stem '*.d'.
   Rejecting impossible implicit prerequisite 'out/*.d.S'.
   Trying pattern rule with stem '*.d'.
   Trying implicit prerequisite 'out/*.d.mod'.
   Looking for a rule with intermediate file 'out/*.d.mod'.
    Avoiding implicit rule recursion.
    Avoiding implicit rule recursion.
    Trying pattern rule with stem '*.d.mod'.
    Trying implicit prerequisite 'out/*.d.mod,v'.
    Trying pattern rule with stem '*.d.mod'.
    Trying implicit prerequisite 'out/RCS/*.d.mod,v'.
    Trying pattern rule with stem '*.d.mod'.
    Trying implicit prerequisite 'out/RCS/*.d.mod'.
    Trying pattern rule with stem '*.d.mod'.
    Trying implicit prerequisite 'out/s.*.d.mod'.
    Trying pattern rule with stem '*.d.mod'.
    Trying implicit prerequisite 'out/SCCS/s.*.d.mod'.
  Trying pattern rule with stem '*.d'.
  Rejecting impossible implicit prerequisite 'out/*.d.c'.
  Trying pattern rule with stem '*.d'.
  Rejecting impossible implicit prerequisite 'out/*.d.cc'.
  Trying pattern rule with stem '*.d'.
  Rejecting impossible implicit prerequisite 'out/*.d.C'.
  Trying pattern rule with stem '*.d'.
  Rejecting impossible implicit prerequisite 'out/*.d.cpp'.
  Trying pattern rule with stem '*.d'.
  Rejecting impossible implicit prerequisite 'out/*.d.p'.
  Trying pattern rule with stem '*.d'.
  Rejecting impossible implicit prerequisite 'out/*.d.f'.
  Trying pattern rule with stem '*.d'.
  Rejecting impossible implicit prerequisite 'out/*.d.F'.
  Trying pattern rule with stem '*.d'.
  Rejecting impossible implicit prerequisite 'out/*.d.m'.
  Trying pattern rule with stem '*.d'.
  Rejecting impossible implicit prerequisite 'out/*.d.r'.
  Trying pattern rule with stem '*.d'.
  Rejecting impossible implicit prerequisite 'out/*.d.s'.
  Trying pattern rule with stem '*.d'.
  Rejecting impossible implicit prerequisite 'out/*.d.S'.
  Trying pattern rule with stem '*.d'.
  Rejecting impossible implicit prerequisite 'out/*.d.mod'.
  Trying pattern rule with stem '*.d'.
  Trying implicit prerequisite 'out/*.d.sh'.
  Looking for a rule with intermediate file 'out/*.d.sh'.
   Avoiding implicit rule recursion.
   Trying pattern rule with stem '*.d.sh'.
   Trying implicit prerequisite 'out/*.d.sh,v'.
   Trying pattern rule with stem '*.d.sh'.
   Trying implicit prerequisite 'out/RCS/*.d.sh,v'.
   Trying pattern rule with stem '*.d.sh'.
   Trying implicit prerequisite 'out/RCS/*.d.sh'.
   Trying pattern rule with stem '*.d.sh'.
   Trying implicit prerequisite 'out/s.*.d.sh'.
   Trying pattern rule with stem '*.d.sh'.
   Trying implicit prerequisite 'out/SCCS/s.*.d.sh'.
  No implicit rule found for 'out/*.d'.
  Finished prerequisites of target file 'out/*.d'.
 Must remake target 'out/*.d'.
 Failed to remake target file 'out/*.d'.
 Considering target file '/home/jaloo/slackware/qemu/bios/seabios/src/seabios/.config'.
   Considering target file 'src/Kconfig'.
    Looking for an implicit rule for 'src/Kconfig'.
    Trying pattern rule with stem 'Kc'.
    Found an implicit rule for 'src/Kconfig'.
    Finished prerequisites of target file 'src/Kconfig'.
   No need to remake target 'src/Kconfig'.
   Considering target file 'vgasrc/Kconfig'.
    Looking for an implicit rule for 'vgasrc/Kconfig'.
    Trying pattern rule with stem 'Kc'.
    Found an implicit rule for 'vgasrc/Kconfig'.
    Finished prerequisites of target file 'vgasrc/Kconfig'.
   No need to remake target 'vgasrc/Kconfig'.
  Finished prerequisites of target file '/home/jaloo/slackware/qemu/bios/seabios/src/seabios/.config'.
  Prerequisite 'src/Kconfig' is older than target '/home/jaloo/slackware/qemu/bios/seabios/src/seabios/.config'.
  Prerequisite 'vgasrc/Kconfig' is older than target '/home/jaloo/slackware/qemu/bios/seabios/src/seabios/.config'.
 No need to remake target '/home/jaloo/slackware/qemu/bios/seabios/src/seabios/.config'.
 Considering target file 'Makefile'.
  Looking for an implicit rule for 'Makefile'.
  Trying pattern rule with stem 'Makefile'.
  Trying implicit prerequisite 'Makefile.o'.
  Trying pattern rule with stem 'Makefile'.
  Trying implicit prerequisite 'Makefile.c'.
  Trying pattern rule with stem 'Makefile'.
  Trying implicit prerequisite 'Makefile.cc'.
  Trying pattern rule with stem 'Makefile'.
  Trying implicit prerequisite 'Makefile.C'.
  Trying pattern rule with stem 'Makefile'.
  Trying implicit prerequisite 'Makefile.cpp'.
  Trying pattern rule with stem 'Makefile'.
  Trying implicit prerequisite 'Makefile.p'.
  Trying pattern rule with stem 'Makefile'.
  Trying implicit prerequisite 'Makefile.f'.
  Trying pattern rule with stem 'Makefile'.
  Trying implicit prerequisite 'Makefile.F'.
  Trying pattern rule with stem 'Makefile'.
  Trying implicit prerequisite 'Makefile.m'.
  Trying pattern rule with stem 'Makefile'.
  Trying implicit prerequisite 'Makefile.r'.
  Trying pattern rule with stem 'Makefile'.
  Trying implicit prerequisite 'Makefile.s'.
  Trying pattern rule with stem 'Makefile'.
  Trying implicit prerequisite 'Makefile.S'.
  Trying pattern rule with stem 'Makefile'.
  Trying implicit prerequisite 'Makefile.mod'.
  Trying pattern rule with stem 'Makefile'.
  Trying implicit prerequisite 'Makefile.sh'.
  Trying pattern rule with stem 'Makefile'.
  Trying implicit prerequisite 'Makefile,v'.
  Trying pattern rule with stem 'Makefile'.
  Trying implicit prerequisite 'RCS/Makefile,v'.
  Trying pattern rule with stem 'Makefile'.
  Trying implicit prerequisite 'RCS/Makefile'.
  Trying pattern rule with stem 'Makefile'.
  Trying implicit prerequisite 's.Makefile'.
  Trying pattern rule with stem 'Makefile'.
  Trying implicit prerequisite 'SCCS/s.Makefile'.
  Trying pattern rule with stem 'Makefile'.
  Trying implicit prerequisite 'Makefile.o'.
  Looking for a rule with intermediate file 'Makefile.o'.
   Avoiding implicit rule recursion.
   Trying pattern rule with stem 'Makefile'.
   Trying implicit prerequisite 'Makefile.c'.
   Trying pattern rule with stem 'Makefile'.
   Trying implicit prerequisite 'Makefile.cc'.
   Trying pattern rule with stem 'Makefile'.
   Trying implicit prerequisite 'Makefile.C'.
   Trying pattern rule with stem 'Makefile'.
   Trying implicit prerequisite 'Makefile.cpp'.
   Trying pattern rule with stem 'Makefile'.
   Trying implicit prerequisite 'Makefile.p'.
   Trying pattern rule with stem 'Makefile'.
   Trying implicit prerequisite 'Makefile.f'.
   Trying pattern rule with stem 'Makefile'.
   Trying implicit prerequisite 'Makefile.F'.
   Trying pattern rule with stem 'Makefile'.
   Trying implicit prerequisite 'Makefile.m'.
   Trying pattern rule with stem 'Makefile'.
   Trying implicit prerequisite 'Makefile.r'.
   Trying pattern rule with stem 'Makefile'.
   Trying implicit prerequisite 'Makefile.s'.
   Trying pattern rule with stem 'Makefile'.
   Trying implicit prerequisite 'Makefile.S'.
   Trying pattern rule with stem 'Makefile'.
   Trying implicit prerequisite 'Makefile.mod'.
   Trying pattern rule with stem 'Makefile.o'.
   Trying implicit prerequisite 'Makefile.o,v'.
   Trying pattern rule with stem 'Makefile.o'.
   Trying implicit prerequisite 'RCS/Makefile.o,v'.
   Trying pattern rule with stem 'Makefile.o'.
   Trying implicit prerequisite 'RCS/Makefile.o'.
   Trying pattern rule with stem 'Makefile.o'.
   Trying implicit prerequisite 's.Makefile.o'.
   Trying pattern rule with stem 'Makefile.o'.
   Trying implicit prerequisite 'SCCS/s.Makefile.o'.
   Trying pattern rule with stem 'Makefile'.
   Trying implicit prerequisite 'Makefile.c'.
   Looking for a rule with intermediate file 'Makefile.c'.
    Avoiding implicit rule recursion.
    Avoiding implicit rule recursion.
    Trying pattern rule with stem 'Makefile'.
    Trying implicit prerequisite 'Makefile.y'.
    Trying pattern rule with stem 'Makefile'.
    Trying implicit prerequisite 'Makefile.l'.
    Trying pattern rule with stem 'Makefile'.
    Trying implicit prerequisite 'Makefile.w'.
    Trying pattern rule with stem 'Makefile'.
    Trying implicit prerequisite 'Makefile.w'.
    Trying pattern rule with stem 'Makefile.c'.
    Trying implicit prerequisite 'Makefile.c,v'.
    Trying pattern rule with stem 'Makefile.c'.
    Trying implicit prerequisite 'RCS/Makefile.c,v'.
    Trying pattern rule with stem 'Makefile.c'.
    Trying implicit prerequisite 'RCS/Makefile.c'.
    Trying pattern rule with stem 'Makefile.c'.
    Trying implicit prerequisite 's.Makefile.c'.
    Trying pattern rule with stem 'Makefile.c'.
    Trying implicit prerequisite 'SCCS/s.Makefile.c'.
    Trying pattern rule with stem 'Makefile'.
    Trying implicit prerequisite 'Makefile.y'.
    Looking for a rule with intermediate file 'Makefile.y'.
     Avoiding implicit rule recursion.
     Avoiding implicit rule recursion.
     Avoiding implicit rule recursion.
     Trying pattern rule with stem 'Makefile.y'.
     Trying implicit prerequisite 'Makefile.y,v'.
     Trying pattern rule with stem 'Makefile.y'.
     Trying implicit prerequisite 'RCS/Makefile.y,v'.
     Trying pattern rule with stem 'Makefile.y'.
     Trying implicit prerequisite 'RCS/Makefile.y'.
     Trying pattern rule with stem 'Makefile.y'.
     Trying implicit prerequisite 's.Makefile.y'.
     Trying pattern rule with stem 'Makefile.y'.
     Trying implicit prerequisite 'SCCS/s.Makefile.y'.
    Trying pattern rule with stem 'Makefile'.
    Trying implicit prerequisite 'Makefile.l'.
    Looking for a rule with intermediate file 'Makefile.l'.
     Avoiding implicit rule recursion.
     Avoiding implicit rule recursion.
     Avoiding implicit rule recursion.
     Trying pattern rule with stem 'Makefile.l'.
     Trying implicit prerequisite 'Makefile.l,v'.
     Trying pattern rule with stem 'Makefile.l'.
     Trying implicit prerequisite 'RCS/Makefile.l,v'.
     Trying pattern rule with stem 'Makefile.l'.
     Trying implicit prerequisite 'RCS/Makefile.l'.
     Trying pattern rule with stem 'Makefile.l'.
     Trying implicit prerequisite 's.Makefile.l'.
     Trying pattern rule with stem 'Makefile.l'.
     Trying implicit prerequisite 'SCCS/s.Makefile.l'.
    Trying pattern rule with stem 'Makefile'.
    Trying implicit prerequisite 'Makefile.w'.
    Looking for a rule with intermediate file 'Makefile.w'.
     Avoiding implicit rule recursion.
     Avoiding implicit rule recursion.
     Avoiding implicit rule recursion.
     Trying pattern rule with stem 'Makefile.w'.
     Trying implicit prerequisite 'Makefile.w,v'.
     Trying pattern rule with stem 'Makefile.w'.
     Trying implicit prerequisite 'RCS/Makefile.w,v'.
     Trying pattern rule with stem 'Makefile.w'.
     Trying implicit prerequisite 'RCS/Makefile.w'.
     Trying pattern rule with stem 'Makefile.w'.
     Trying implicit prerequisite 's.Makefile.w'.
     Trying pattern rule with stem 'Makefile.w'.
     Trying implicit prerequisite 'SCCS/s.Makefile.w'.
    Trying pattern rule with stem 'Makefile'.
    Rejecting impossible implicit prerequisite 'Makefile.w'.
   Trying pattern rule with stem 'Makefile'.
   Trying implicit prerequisite 'Makefile.cc'.
   Looking for a rule with intermediate file 'Makefile.cc'.
    Avoiding implicit rule recursion.
    Avoiding implicit rule recursion.
    Trying pattern rule with stem 'Makefile.cc'.
    Trying implicit prerequisite 'Makefile.cc,v'.
    Trying pattern rule with stem 'Makefile.cc'.
    Trying implicit prerequisite 'RCS/Makefile.cc,v'.
    Trying pattern rule with stem 'Makefile.cc'.
    Trying implicit prerequisite 'RCS/Makefile.cc'.
    Trying pattern rule with stem 'Makefile.cc'.
    Trying implicit prerequisite 's.Makefile.cc'.
    Trying pattern rule with stem 'Makefile.cc'.
    Trying implicit prerequisite 'SCCS/s.Makefile.cc'.
   Trying pattern rule with stem 'Makefile'.
   Trying implicit prerequisite 'Makefile.C'.
   Looking for a rule with intermediate file 'Makefile.C'.
    Avoiding implicit rule recursion.
    Avoiding implicit rule recursion.
    Trying pattern rule with stem 'Makefile.C'.
    Trying implicit prerequisite 'Makefile.C,v'.
    Trying pattern rule with stem 'Makefile.C'.
    Trying implicit prerequisite 'RCS/Makefile.C,v'.
    Trying pattern rule with stem 'Makefile.C'.
    Trying implicit prerequisite 'RCS/Makefile.C'.
    Trying pattern rule with stem 'Makefile.C'.
    Trying implicit prerequisite 's.Makefile.C'.
    Trying pattern rule with stem 'Makefile.C'.
    Trying implicit prerequisite 'SCCS/s.Makefile.C'.
   Trying pattern rule with stem 'Makefile'.
   Trying implicit prerequisite 'Makefile.cpp'.
   Looking for a rule with intermediate file 'Makefile.cpp'.
    Avoiding implicit rule recursion.
    Avoiding implicit rule recursion.
    Trying pattern rule with stem 'Makefile.cpp'.
    Trying implicit prerequisite 'Makefile.cpp,v'.
    Trying pattern rule with stem 'Makefile.cpp'.
    Trying implicit prerequisite 'RCS/Makefile.cpp,v'.
    Trying pattern rule with stem 'Makefile.cpp'.
    Trying implicit prerequisite 'RCS/Makefile.cpp'.
    Trying pattern rule with stem 'Makefile.cpp'.
    Trying implicit prerequisite 's.Makefile.cpp'.
    Trying pattern rule with stem 'Makefile.cpp'.
    Trying implicit prerequisite 'SCCS/s.Makefile.cpp'.
   Trying pattern rule with stem 'Makefile'.
   Trying implicit prerequisite 'Makefile.p'.
   Looking for a rule with intermediate file 'Makefile.p'.
    Avoiding implicit rule recursion.
    Avoiding implicit rule recursion.
    Trying pattern rule with stem 'Makefile'.
    Trying implicit prerequisite 'Makefile.web'.
    Trying pattern rule with stem 'Makefile.p'.
    Trying implicit prerequisite 'Makefile.p,v'.
    Trying pattern rule with stem 'Makefile.p'.
    Trying implicit prerequisite 'RCS/Makefile.p,v'.
    Trying pattern rule with stem 'Makefile.p'.
    Trying implicit prerequisite 'RCS/Makefile.p'.
    Trying pattern rule with stem 'Makefile.p'.
    Trying implicit prerequisite 's.Makefile.p'.
    Trying pattern rule with stem 'Makefile.p'.
    Trying implicit prerequisite 'SCCS/s.Makefile.p'.
    Trying pattern rule with stem 'Makefile'.
    Trying implicit prerequisite 'Makefile.web'.
    Looking for a rule with intermediate file 'Makefile.web'.
     Avoiding implicit rule recursion.
     Avoiding implicit rule recursion.
     Avoiding implicit rule recursion.
     Trying pattern rule with stem 'Makefile.web'.
     Trying implicit prerequisite 'Makefile.web,v'.
     Trying pattern rule with stem 'Makefile.web'.
     Trying implicit prerequisite 'RCS/Makefile.web,v'.
     Trying pattern rule with stem 'Makefile.web'.
     Trying implicit prerequisite 'RCS/Makefile.web'.
     Trying pattern rule with stem 'Makefile.web'.
     Trying implicit prerequisite 's.Makefile.web'.
     Trying pattern rule with stem 'Makefile.web'.
     Trying implicit prerequisite 'SCCS/s.Makefile.web'.
   Trying pattern rule with stem 'Makefile'.
   Trying implicit prerequisite 'Makefile.f'.
   Looking for a rule with intermediate file 'Makefile.f'.
    Avoiding implicit rule recursion.
    Avoiding implicit rule recursion.
    Trying pattern rule with stem 'Makefile'.
    Trying implicit prerequisite 'Makefile.F'.
    Trying pattern rule with stem 'Makefile'.
    Trying implicit prerequisite 'Makefile.r'.
    Trying pattern rule with stem 'Makefile.f'.
    Trying implicit prerequisite 'Makefile.f,v'.
    Trying pattern rule with stem 'Makefile.f'.
    Trying implicit prerequisite 'RCS/Makefile.f,v'.
    Trying pattern rule with stem 'Makefile.f'.
    Trying implicit prerequisite 'RCS/Makefile.f'.
    Trying pattern rule with stem 'Makefile.f'.
    Trying implicit prerequisite 's.Makefile.f'.
    Trying pattern rule with stem 'Makefile.f'.
    Trying implicit prerequisite 'SCCS/s.Makefile.f'.
    Trying pattern rule with stem 'Makefile'.
    Trying implicit prerequisite 'Makefile.F'.
    Looking for a rule with intermediate file 'Makefile.F'.
     Avoiding implicit rule recursion.
     Avoiding implicit rule recursion.
     Avoiding implicit rule recursion.
     Trying pattern rule with stem 'Makefile.F'.
     Trying implicit prerequisite 'Makefile.F,v'.
     Trying pattern rule with stem 'Makefile.F'.
     Trying implicit prerequisite 'RCS/Makefile.F,v'.
     Trying pattern rule with stem 'Makefile.F'.
     Trying implicit prerequisite 'RCS/Makefile.F'.
     Trying pattern rule with stem 'Makefile.F'.
     Trying implicit prerequisite 's.Makefile.F'.
     Trying pattern rule with stem 'Makefile.F'.
     Trying implicit prerequisite 'SCCS/s.Makefile.F'.
    Trying pattern rule with stem 'Makefile'.
    Trying implicit prerequisite 'Makefile.r'.
    Looking for a rule with intermediate file 'Makefile.r'.
     Avoiding implicit rule recursion.
     Avoiding implicit rule recursion.
     Avoiding implicit rule recursion.
     Trying pattern rule with stem 'Makefile'.
     Rejecting impossible implicit prerequisite 'Makefile.l'.
     Trying pattern rule with stem 'Makefile.r'.
     Trying implicit prerequisite 'Makefile.r,v'.
     Trying pattern rule with stem 'Makefile.r'.
     Trying implicit prerequisite 'RCS/Makefile.r,v'.
     Trying pattern rule with stem 'Makefile.r'.
     Trying implicit prerequisite 'RCS/Makefile.r'.
     Trying pattern rule with stem 'Makefile.r'.
     Trying implicit prerequisite 's.Makefile.r'.
     Trying pattern rule with stem 'Makefile.r'.
     Trying implicit prerequisite 'SCCS/s.Makefile.r'.
   Trying pattern rule with stem 'Makefile'.
   Rejecting impossible implicit prerequisite 'Makefile.F'.
   Trying pattern rule with stem 'Makefile'.
   Trying implicit prerequisite 'Makefile.m'.
   Looking for a rule with intermediate file 'Makefile.m'.
    Avoiding implicit rule recursion.
    Avoiding implicit rule recursion.
    Trying pattern rule with stem 'Makefile'.
    Trying implicit prerequisite 'Makefile.ym'.
    Trying pattern rule with stem 'Makefile.m'.
    Trying implicit prerequisite 'Makefile.m,v'.
    Trying pattern rule with stem 'Makefile.m'.
    Trying implicit prerequisite 'RCS/Makefile.m,v'.
    Trying pattern rule with stem 'Makefile.m'.
    Trying implicit prerequisite 'RCS/Makefile.m'.
    Trying pattern rule with stem 'Makefile.m'.
    Trying implicit prerequisite 's.Makefile.m'.
    Trying pattern rule with stem 'Makefile.m'.
    Trying implicit prerequisite 'SCCS/s.Makefile.m'.
    Trying pattern rule with stem 'Makefile'.
    Trying implicit prerequisite 'Makefile.ym'.
    Looking for a rule with intermediate file 'Makefile.ym'.
     Avoiding implicit rule recursion.
     Avoiding implicit rule recursion.
     Avoiding implicit rule recursion.
     Trying pattern rule with stem 'Makefile.ym'.
     Trying implicit prerequisite 'Makefile.ym,v'.
     Trying pattern rule with stem 'Makefile.ym'.
     Trying implicit prerequisite 'RCS/Makefile.ym,v'.
     Trying pattern rule with stem 'Makefile.ym'.
     Trying implicit prerequisite 'RCS/Makefile.ym'.
     Trying pattern rule with stem 'Makefile.ym'.
     Trying implicit prerequisite 's.Makefile.ym'.
     Trying pattern rule with stem 'Makefile.ym'.
     Trying implicit prerequisite 'SCCS/s.Makefile.ym'.
   Trying pattern rule with stem 'Makefile'.
   Rejecting impossible implicit prerequisite 'Makefile.r'.
   Trying pattern rule with stem 'Makefile'.
   Trying implicit prerequisite 'Makefile.s'.
   Looking for a rule with intermediate file 'Makefile.s'.
    Avoiding implicit rule recursion.
    Avoiding implicit rule recursion.
    Trying pattern rule with stem 'Makefile'.
    Trying implicit prerequisite 'Makefile.S'.
    Trying pattern rule with stem 'Makefile.s'.
    Trying implicit prerequisite 'Makefile.s,v'.
    Trying pattern rule with stem 'Makefile.s'.
    Trying implicit prerequisite 'RCS/Makefile.s,v'.
    Trying pattern rule with stem 'Makefile.s'.
    Trying implicit prerequisite 'RCS/Makefile.s'.
    Trying pattern rule with stem 'Makefile.s'.
    Trying implicit prerequisite 's.Makefile.s'.
    Trying pattern rule with stem 'Makefile.s'.
    Trying implicit prerequisite 'SCCS/s.Makefile.s'.
    Trying pattern rule with stem 'Makefile'.
    Trying implicit prerequisite 'Makefile.S'.
    Looking for a rule with intermediate file 'Makefile.S'.
     Avoiding implicit rule recursion.
     Avoiding implicit rule recursion.
     Avoiding implicit rule recursion.
     Trying pattern rule with stem 'Makefile.S'.
     Trying implicit prerequisite 'Makefile.S,v'.
     Trying pattern rule with stem 'Makefile.S'.
     Trying implicit prerequisite 'RCS/Makefile.S,v'.
     Trying pattern rule with stem 'Makefile.S'.
     Trying implicit prerequisite 'RCS/Makefile.S'.
     Trying pattern rule with stem 'Makefile.S'.
     Trying implicit prerequisite 's.Makefile.S'.
     Trying pattern rule with stem 'Makefile.S'.
     Trying implicit prerequisite 'SCCS/s.Makefile.S'.
   Trying pattern rule with stem 'Makefile'.
   Rejecting impossible implicit prerequisite 'Makefile.S'.
   Trying pattern rule with stem 'Makefile'.
   Trying implicit prerequisite 'Makefile.mod'.
   Looking for a rule with intermediate file 'Makefile.mod'.
    Avoiding implicit rule recursion.
    Avoiding implicit rule recursion.
    Trying pattern rule with stem 'Makefile.mod'.
    Trying implicit prerequisite 'Makefile.mod,v'.
    Trying pattern rule with stem 'Makefile.mod'.
    Trying implicit prerequisite 'RCS/Makefile.mod,v'.
    Trying pattern rule with stem 'Makefile.mod'.
    Trying implicit prerequisite 'RCS/Makefile.mod'.
    Trying pattern rule with stem 'Makefile.mod'.
    Trying implicit prerequisite 's.Makefile.mod'.
    Trying pattern rule with stem 'Makefile.mod'.
    Trying implicit prerequisite 'SCCS/s.Makefile.mod'.
  Trying pattern rule with stem 'Makefile'.
  Rejecting impossible implicit prerequisite 'Makefile.c'.
  Trying pattern rule with stem 'Makefile'.
  Rejecting impossible implicit prerequisite 'Makefile.cc'.
  Trying pattern rule with stem 'Makefile'.
  Rejecting impossible implicit prerequisite 'Makefile.C'.
  Trying pattern rule with stem 'Makefile'.
  Rejecting impossible implicit prerequisite 'Makefile.cpp'.
  Trying pattern rule with stem 'Makefile'.
  Rejecting impossible implicit prerequisite 'Makefile.p'.
  Trying pattern rule with stem 'Makefile'.
  Rejecting impossible implicit prerequisite 'Makefile.f'.
  Trying pattern rule with stem 'Makefile'.
  Rejecting impossible implicit prerequisite 'Makefile.F'.
  Trying pattern rule with stem 'Makefile'.
  Rejecting impossible implicit prerequisite 'Makefile.m'.
  Trying pattern rule with stem 'Makefile'.
  Rejecting impossible implicit prerequisite 'Makefile.r'.
  Trying pattern rule with stem 'Makefile'.
  Rejecting impossible implicit prerequisite 'Makefile.s'.
  Trying pattern rule with stem 'Makefile'.
  Rejecting impossible implicit prerequisite 'Makefile.S'.
  Trying pattern rule with stem 'Makefile'.
  Rejecting impossible implicit prerequisite 'Makefile.mod'.
  Trying pattern rule with stem 'Makefile'.
  Trying implicit prerequisite 'Makefile.sh'.
  Looking for a rule with intermediate file 'Makefile.sh'.
   Avoiding implicit rule recursion.
   Trying pattern rule with stem 'Makefile.sh'.
   Trying implicit prerequisite 'Makefile.sh,v'.
   Trying pattern rule with stem 'Makefile.sh'.
   Trying implicit prerequisite 'RCS/Makefile.sh,v'.
   Trying pattern rule with stem 'Makefile.sh'.
   Trying implicit prerequisite 'RCS/Makefile.sh'.
   Trying pattern rule with stem 'Makefile.sh'.
   Trying implicit prerequisite 's.Makefile.sh'.
   Trying pattern rule with stem 'Makefile.sh'.
   Trying implicit prerequisite 'SCCS/s.Makefile.sh'.
  No implicit rule found for 'Makefile'.
  Finished prerequisites of target file 'Makefile'.
 No need to remake target 'Makefile'.
Updating goal targets....
Considering target file 'all'.
 File 'all' does not exist.
  Considering target file 'out/bios.bin'.
   File 'out/bios.bin' does not exist.
    Considering target file 'out/bios.bin.prep'.
     File 'out/bios.bin.prep' does not exist.
      Considering target file 'out/rom.o'.
       File 'out/rom.o' does not exist.
        Considering target file 'out/rom16.noexec.o'.
         File 'out/rom16.noexec.o' does not exist.
         Looking for an implicit rule for 'out/rom16.noexec.o'.
         Trying pattern rule with stem 'rom16'.
         Trying implicit prerequisite 'out/rom16.o'.
         Found an implicit rule for 'out/rom16.noexec.o'.
          Considering target file 'out/rom16.o'.
           File 'out/rom16.o' does not exist.
            Considering target file 'out/code16.o'.
             File 'out/code16.o' does not exist.
             Looking for an implicit rule for 'out/code16.o'.
             Trying pattern rule with stem 'code16'.
             Trying implicit prerequisite 'code16.c'.
             Trying pattern rule with stem 'code16'.
             Trying implicit prerequisite 'out/code16.c'.
             Trying pattern rule with stem 'code16'.
             Trying implicit prerequisite 'out/code16.cc'.
             Trying pattern rule with stem 'code16'.
             Trying implicit prerequisite 'out/code16.C'.
             Trying pattern rule with stem 'code16'.
             Trying implicit prerequisite 'out/code16.cpp'.
             Trying pattern rule with stem 'code16'.
             Trying implicit prerequisite 'out/code16.p'.
             Trying pattern rule with stem 'code16'.
             Trying implicit prerequisite 'out/code16.f'.
             Trying pattern rule with stem 'code16'.
             Trying implicit prerequisite 'out/code16.F'.
             Trying pattern rule with stem 'code16'.
             Trying implicit prerequisite 'out/code16.m'.
             Trying pattern rule with stem 'code16'.
             Trying implicit prerequisite 'out/code16.r'.
             Trying pattern rule with stem 'code16'.
             Trying implicit prerequisite 'out/code16.s'.
             Trying pattern rule with stem 'code16'.
             Trying implicit prerequisite 'out/code16.S'.
             Trying pattern rule with stem 'code16'.
             Trying implicit prerequisite 'out/code16.mod'.
             Trying pattern rule with stem 'code16.o'.
             Trying implicit prerequisite 'out/code16.o,v'.
             Trying pattern rule with stem 'code16.o'.
             Trying implicit prerequisite 'out/RCS/code16.o,v'.
             Trying pattern rule with stem 'code16.o'.
             Trying implicit prerequisite 'out/RCS/code16.o'.
             Trying pattern rule with stem 'code16.o'.
             Trying implicit prerequisite 'out/s.code16.o'.
             Trying pattern rule with stem 'code16.o'.
             Trying implicit prerequisite 'out/SCCS/s.code16.o'.
             Trying pattern rule with stem 'code16'.
             Trying implicit prerequisite 'code16.c'.
             Looking for a rule with intermediate file 'code16.c'.
              Avoiding implicit rule recursion.
              Trying pattern rule with stem 'code16'.
              Trying implicit prerequisite 'code16.y'.
              Trying pattern rule with stem 'code16'.
              Trying implicit prerequisite 'code16.l'.
              Trying pattern rule with stem 'code16'.
              Trying implicit prerequisite 'code16.w'.
              Trying pattern rule with stem 'code16'.
              Trying implicit prerequisite 'code16.w'.
              Trying pattern rule with stem 'code16.c'.
              Trying implicit prerequisite 'code16.c,v'.
              Trying pattern rule with stem 'code16.c'.
              Trying implicit prerequisite 'RCS/code16.c,v'.
              Trying pattern rule with stem 'code16.c'.
              Trying implicit prerequisite 'RCS/code16.c'.
              Trying pattern rule with stem 'code16.c'.
              Trying implicit prerequisite 's.code16.c'.
              Trying pattern rule with stem 'code16.c'.
              Trying implicit prerequisite 'SCCS/s.code16.c'.
              Trying pattern rule with stem 'code16'.
              Trying implicit prerequisite 'code16.y'.
              Looking for a rule with intermediate file 'code16.y'.
               Avoiding implicit rule recursion.
               Avoiding implicit rule recursion.
               Trying pattern rule with stem 'code16.y'.
               Trying implicit prerequisite 'code16.y,v'.
               Trying pattern rule with stem 'code16.y'.
               Trying implicit prerequisite 'RCS/code16.y,v'.
               Trying pattern rule with stem 'code16.y'.
               Trying implicit prerequisite 'RCS/code16.y'.
               Trying pattern rule with stem 'code16.y'.
               Trying implicit prerequisite 's.code16.y'.
               Trying pattern rule with stem 'code16.y'.
               Trying implicit prerequisite 'SCCS/s.code16.y'.
              Trying pattern rule with stem 'code16'.
              Trying implicit prerequisite 'code16.l'.
              Looking for a rule with intermediate file 'code16.l'.
               Avoiding implicit rule recursion.
               Avoiding implicit rule recursion.
               Trying pattern rule with stem 'code16.l'.
               Trying implicit prerequisite 'code16.l,v'.
               Trying pattern rule with stem 'code16.l'.
               Trying implicit prerequisite 'RCS/code16.l,v'.
               Trying pattern rule with stem 'code16.l'.
               Trying implicit prerequisite 'RCS/code16.l'.
               Trying pattern rule with stem 'code16.l'.
               Trying implicit prerequisite 's.code16.l'.
               Trying pattern rule with stem 'code16.l'.
               Trying implicit prerequisite 'SCCS/s.code16.l'.
              Trying pattern rule with stem 'code16'.
              Trying implicit prerequisite 'code16.w'.
              Looking for a rule with intermediate file 'code16.w'.
               Avoiding implicit rule recursion.
               Avoiding implicit rule recursion.
               Trying pattern rule with stem 'code16.w'.
               Trying implicit prerequisite 'code16.w,v'.
               Trying pattern rule with stem 'code16.w'.
               Trying implicit prerequisite 'RCS/code16.w,v'.
               Trying pattern rule with stem 'code16.w'.
               Trying implicit prerequisite 'RCS/code16.w'.
               Trying pattern rule with stem 'code16.w'.
               Trying implicit prerequisite 's.code16.w'.
               Trying pattern rule with stem 'code16.w'.
               Trying implicit prerequisite 'SCCS/s.code16.w'.
              Trying pattern rule with stem 'code16'.
              Rejecting impossible implicit prerequisite 'code16.w'.
             Trying pattern rule with stem 'code16'.
             Trying implicit prerequisite 'out/code16.c'.
             Looking for a rule with intermediate file 'out/code16.c'.
              Avoiding implicit rule recursion.
              Trying pattern rule with stem 'code16'.
              Trying implicit prerequisite 'out/code16.y'.
              Trying pattern rule with stem 'code16'.
              Trying implicit prerequisite 'out/code16.l'.
              Trying pattern rule with stem 'code16'.
              Trying implicit prerequisite 'out/code16.w'.
              Trying pattern rule with stem 'code16'.
              Trying implicit prerequisite 'out/code16.w'.
              Trying pattern rule with stem 'code16.c'.
              Trying implicit prerequisite 'out/code16.c,v'.
              Trying pattern rule with stem 'code16.c'.
              Trying implicit prerequisite 'out/RCS/code16.c,v'.
              Trying pattern rule with stem 'code16.c'.
              Trying implicit prerequisite 'out/RCS/code16.c'.
              Trying pattern rule with stem 'code16.c'.
              Trying implicit prerequisite 'out/s.code16.c'.
              Trying pattern rule with stem 'code16.c'.
              Trying implicit prerequisite 'out/SCCS/s.code16.c'.
              Trying pattern rule with stem 'code16'.
              Trying implicit prerequisite 'out/code16.y'.
              Looking for a rule with intermediate file 'out/code16.y'.
               Avoiding implicit rule recursion.
               Avoiding implicit rule recursion.
               Trying pattern rule with stem 'code16.y'.
               Trying implicit prerequisite 'out/code16.y,v'.
               Trying pattern rule with stem 'code16.y'.
               Trying implicit prerequisite 'out/RCS/code16.y,v'.
               Trying pattern rule with stem 'code16.y'.
               Trying implicit prerequisite 'out/RCS/code16.y'.
               Trying pattern rule with stem 'code16.y'.
               Trying implicit prerequisite 'out/s.code16.y'.
               Trying pattern rule with stem 'code16.y'.
               Trying implicit prerequisite 'out/SCCS/s.code16.y'.
              Trying pattern rule with stem 'code16'.
              Trying implicit prerequisite 'out/code16.l'.
              Looking for a rule with intermediate file 'out/code16.l'.
               Avoiding implicit rule recursion.
               Avoiding implicit rule recursion.
               Trying pattern rule with stem 'code16.l'.
               Trying implicit prerequisite 'out/code16.l,v'.
               Trying pattern rule with stem 'code16.l'.
               Trying implicit prerequisite 'out/RCS/code16.l,v'.
               Trying pattern rule with stem 'code16.l'.
               Trying implicit prerequisite 'out/RCS/code16.l'.
               Trying pattern rule with stem 'code16.l'.
               Trying implicit prerequisite 'out/s.code16.l'.
               Trying pattern rule with stem 'code16.l'.
               Trying implicit prerequisite 'out/SCCS/s.code16.l'.
              Trying pattern rule with stem 'code16'.
              Trying implicit prerequisite 'out/code16.w'.
              Looking for a rule with intermediate file 'out/code16.w'.
               Avoiding implicit rule recursion.
               Avoiding implicit rule recursion.
               Trying pattern rule with stem 'code16.w'.
               Trying implicit prerequisite 'out/code16.w,v'.
               Trying pattern rule with stem 'code16.w'.
               Trying implicit prerequisite 'out/RCS/code16.w,v'.
               Trying pattern rule with stem 'code16.w'.
               Trying implicit prerequisite 'out/RCS/code16.w'.
               Trying pattern rule with stem 'code16.w'.
               Trying implicit prerequisite 'out/s.code16.w'.
               Trying pattern rule with stem 'code16.w'.
               Trying implicit prerequisite 'out/SCCS/s.code16.w'.
              Trying pattern rule with stem 'code16'.
              Rejecting impossible implicit prerequisite 'out/code16.w'.
             Trying pattern rule with stem 'code16'.
             Trying implicit prerequisite 'out/code16.cc'.
             Looking for a rule with intermediate file 'out/code16.cc'.
              Avoiding implicit rule recursion.
              Trying pattern rule with stem 'code16.cc'.
              Trying implicit prerequisite 'out/code16.cc,v'.
              Trying pattern rule with stem 'code16.cc'.
              Trying implicit prerequisite 'out/RCS/code16.cc,v'.
              Trying pattern rule with stem 'code16.cc'.
              Trying implicit prerequisite 'out/RCS/code16.cc'.
              Trying pattern rule with stem 'code16.cc'.
              Trying implicit prerequisite 'out/s.code16.cc'.
              Trying pattern rule with stem 'code16.cc'.
              Trying implicit prerequisite 'out/SCCS/s.code16.cc'.
             Trying pattern rule with stem 'code16'.
             Trying implicit prerequisite 'out/code16.C'.
             Looking for a rule with intermediate file 'out/code16.C'.
              Avoiding implicit rule recursion.
              Trying pattern rule with stem 'code16.C'.
              Trying implicit prerequisite 'out/code16.C,v'.
              Trying pattern rule with stem 'code16.C'.
              Trying implicit prerequisite 'out/RCS/code16.C,v'.
              Trying pattern rule with stem 'code16.C'.
              Trying implicit prerequisite 'out/RCS/code16.C'.
              Trying pattern rule with stem 'code16.C'.
              Trying implicit prerequisite 'out/s.code16.C'.
              Trying pattern rule with stem 'code16.C'.
              Trying implicit prerequisite 'out/SCCS/s.code16.C'.
             Trying pattern rule with stem 'code16'.
             Trying implicit prerequisite 'out/code16.cpp'.
             Looking for a rule with intermediate file 'out/code16.cpp'.
              Avoiding implicit rule recursion.
              Trying pattern rule with stem 'code16.cpp'.
              Trying implicit prerequisite 'out/code16.cpp,v'.
              Trying pattern rule with stem 'code16.cpp'.
              Trying implicit prerequisite 'out/RCS/code16.cpp,v'.
              Trying pattern rule with stem 'code16.cpp'.
              Trying implicit prerequisite 'out/RCS/code16.cpp'.
              Trying pattern rule with stem 'code16.cpp'.
              Trying implicit prerequisite 'out/s.code16.cpp'.
              Trying pattern rule with stem 'code16.cpp'.
              Trying implicit prerequisite 'out/SCCS/s.code16.cpp'.
             Trying pattern rule with stem 'code16'.
             Trying implicit prerequisite 'out/code16.p'.
             Looking for a rule with intermediate file 'out/code16.p'.
              Avoiding implicit rule recursion.
              Trying pattern rule with stem 'code16'.
              Trying implicit prerequisite 'out/code16.web'.
              Trying pattern rule with stem 'code16.p'.
              Trying implicit prerequisite 'out/code16.p,v'.
              Trying pattern rule with stem 'code16.p'.
              Trying implicit prerequisite 'out/RCS/code16.p,v'.
              Trying pattern rule with stem 'code16.p'.
              Trying implicit prerequisite 'out/RCS/code16.p'.
              Trying pattern rule with stem 'code16.p'.
              Trying implicit prerequisite 'out/s.code16.p'.
              Trying pattern rule with stem 'code16.p'.
              Trying implicit prerequisite 'out/SCCS/s.code16.p'.
              Trying pattern rule with stem 'code16'.
              Trying implicit prerequisite 'out/code16.web'.
              Looking for a rule with intermediate file 'out/code16.web'.
               Avoiding implicit rule recursion.
               Avoiding implicit rule recursion.
               Trying pattern rule with stem 'code16.web'.
               Trying implicit prerequisite 'out/code16.web,v'.
               Trying pattern rule with stem 'code16.web'.
               Trying implicit prerequisite 'out/RCS/code16.web,v'.
               Trying pattern rule with stem 'code16.web'.
               Trying implicit prerequisite 'out/RCS/code16.web'.
               Trying pattern rule with stem 'code16.web'.
               Trying implicit prerequisite 'out/s.code16.web'.
               Trying pattern rule with stem 'code16.web'.
               Trying implicit prerequisite 'out/SCCS/s.code16.web'.
             Trying pattern rule with stem 'code16'.
             Trying implicit prerequisite 'out/code16.f'.
             Looking for a rule with intermediate file 'out/code16.f'.
              Avoiding implicit rule recursion.
              Trying pattern rule with stem 'code16'.
              Trying implicit prerequisite 'out/code16.F'.
              Trying pattern rule with stem 'code16'.
              Trying implicit prerequisite 'out/code16.r'.
              Trying pattern rule with stem 'code16.f'.
              Trying implicit prerequisite 'out/code16.f,v'.
              Trying pattern rule with stem 'code16.f'.
              Trying implicit prerequisite 'out/RCS/code16.f,v'.
              Trying pattern rule with stem 'code16.f'.
              Trying implicit prerequisite 'out/RCS/code16.f'.
              Trying pattern rule with stem 'code16.f'.
              Trying implicit prerequisite 'out/s.code16.f'.
              Trying pattern rule with stem 'code16.f'.
              Trying implicit prerequisite 'out/SCCS/s.code16.f'.
              Trying pattern rule with stem 'code16'.
              Trying implicit prerequisite 'out/code16.F'.
              Looking for a rule with intermediate file 'out/code16.F'.
               Avoiding implicit rule recursion.
               Avoiding implicit rule recursion.
               Trying pattern rule with stem 'code16.F'.
               Trying implicit prerequisite 'out/code16.F,v'.
               Trying pattern rule with stem 'code16.F'.
               Trying implicit prerequisite 'out/RCS/code16.F,v'.
               Trying pattern rule with stem 'code16.F'.
               Trying implicit prerequisite 'out/RCS/code16.F'.
               Trying pattern rule with stem 'code16.F'.
               Trying implicit prerequisite 'out/s.code16.F'.
               Trying pattern rule with stem 'code16.F'.
               Trying implicit prerequisite 'out/SCCS/s.code16.F'.
              Trying pattern rule with stem 'code16'.
              Trying implicit prerequisite 'out/code16.r'.
              Looking for a rule with intermediate file 'out/code16.r'.
               Avoiding implicit rule recursion.
               Avoiding implicit rule recursion.
               Trying pattern rule with stem 'code16'.
               Rejecting impossible implicit prerequisite 'out/code16.l'.
               Trying pattern rule with stem 'code16.r'.
               Trying implicit prerequisite 'out/code16.r,v'.
               Trying pattern rule with stem 'code16.r'.
               Trying implicit prerequisite 'out/RCS/code16.r,v'.
               Trying pattern rule with stem 'code16.r'.
               Trying implicit prerequisite 'out/RCS/code16.r'.
               Trying pattern rule with stem 'code16.r'.
               Trying implicit prerequisite 'out/s.code16.r'.
               Trying pattern rule with stem 'code16.r'.
               Trying implicit prerequisite 'out/SCCS/s.code16.r'.
             Trying pattern rule with stem 'code16'.
             Rejecting impossible implicit prerequisite 'out/code16.F'.
             Trying pattern rule with stem 'code16'.
             Trying implicit prerequisite 'out/code16.m'.
             Looking for a rule with intermediate file 'out/code16.m'.
              Avoiding implicit rule recursion.
              Trying pattern rule with stem 'code16'.
              Trying implicit prerequisite 'out/code16.ym'.
              Trying pattern rule with stem 'code16.m'.
              Trying implicit prerequisite 'out/code16.m,v'.
              Trying pattern rule with stem 'code16.m'.
              Trying implicit prerequisite 'out/RCS/code16.m,v'.
              Trying pattern rule with stem 'code16.m'.
              Trying implicit prerequisite 'out/RCS/code16.m'.
              Trying pattern rule with stem 'code16.m'.
              Trying implicit prerequisite 'out/s.code16.m'.
              Trying pattern rule with stem 'code16.m'.
              Trying implicit prerequisite 'out/SCCS/s.code16.m'.
              Trying pattern rule with stem 'code16'.
              Trying implicit prerequisite 'out/code16.ym'.
              Looking for a rule with intermediate file 'out/code16.ym'.
               Avoiding implicit rule recursion.
               Avoiding implicit rule recursion.
               Trying pattern rule with stem 'code16.ym'.
               Trying implicit prerequisite 'out/code16.ym,v'.
               Trying pattern rule with stem 'code16.ym'.
               Trying implicit prerequisite 'out/RCS/code16.ym,v'.
               Trying pattern rule with stem 'code16.ym'.
               Trying implicit prerequisite 'out/RCS/code16.ym'.
               Trying pattern rule with stem 'code16.ym'.
               Trying implicit prerequisite 'out/s.code16.ym'.
               Trying pattern rule with stem 'code16.ym'.
               Trying implicit prerequisite 'out/SCCS/s.code16.ym'.
             Trying pattern rule with stem 'code16'.
             Rejecting impossible implicit prerequisite 'out/code16.r'.
             Trying pattern rule with stem 'code16'.
             Trying implicit prerequisite 'out/code16.s'.
             Looking for a rule with intermediate file 'out/code16.s'.
              Avoiding implicit rule recursion.
              Trying pattern rule with stem 'code16'.
              Rejecting impossible implicit prerequisite 'code16.c'.
              Trying pattern rule with stem 'code16'.
              Trying implicit prerequisite 'out/code16.S'.
              Trying pattern rule with stem 'code16.s'.
              Trying implicit prerequisite 'out/code16.s,v'.
              Trying pattern rule with stem 'code16.s'.
              Trying implicit prerequisite 'out/RCS/code16.s,v'.
              Trying pattern rule with stem 'code16.s'.
              Trying implicit prerequisite 'out/RCS/code16.s'.
              Trying pattern rule with stem 'code16.s'.
              Trying implicit prerequisite 'out/s.code16.s'.
              Trying pattern rule with stem 'code16.s'.
              Trying implicit prerequisite 'out/SCCS/s.code16.s'.
              Trying pattern rule with stem 'code16'.
              Trying implicit prerequisite 'out/code16.S'.
              Looking for a rule with intermediate file 'out/code16.S'.
               Avoiding implicit rule recursion.
               Avoiding implicit rule recursion.
               Trying pattern rule with stem 'code16.S'.
               Trying implicit prerequisite 'out/code16.S,v'.
               Trying pattern rule with stem 'code16.S'.
               Trying implicit prerequisite 'out/RCS/code16.S,v'.
               Trying pattern rule with stem 'code16.S'.
               Trying implicit prerequisite 'out/RCS/code16.S'.
               Trying pattern rule with stem 'code16.S'.
               Trying implicit prerequisite 'out/s.code16.S'.
               Trying pattern rule with stem 'code16.S'.
               Trying implicit prerequisite 'out/SCCS/s.code16.S'.
             Trying pattern rule with stem 'code16'.
             Rejecting impossible implicit prerequisite 'out/code16.S'.
             Trying pattern rule with stem 'code16'.
             Trying implicit prerequisite 'out/code16.mod'.
             Looking for a rule with intermediate file 'out/code16.mod'.
              Avoiding implicit rule recursion.
              Trying pattern rule with stem 'code16.mod'.
              Trying implicit prerequisite 'out/code16.mod,v'.
              Trying pattern rule with stem 'code16.mod'.
              Trying implicit prerequisite 'out/RCS/code16.mod,v'.
              Trying pattern rule with stem 'code16.mod'.
              Trying implicit prerequisite 'out/RCS/code16.mod'.
              Trying pattern rule with stem 'code16.mod'.
              Trying implicit prerequisite 'out/s.code16.mod'.
              Trying pattern rule with stem 'code16.mod'.
              Trying implicit prerequisite 'out/SCCS/s.code16.mod'.
             No implicit rule found for 'out/code16.o'.
              Considering target file 'out/romlayout16.lds'.
               File 'out/romlayout16.lds' does not exist.
                Considering target file 'out/ccode32flat.o'.
                 File 'out/ccode32flat.o' does not exist.
                  Considering target file 'out/autoconf.h'.
                   File 'out/autoconf.h' does not exist.
                    Considering target file '/home/jaloo/slackware/qemu/bios/seabios/src/seabios/.config'.
                    File '/home/jaloo/slackware/qemu/bios/seabios/src/seabios/.config' was considered already.
                   Finished prerequisites of target file 'out/autoconf.h'.
                  Must remake target 'out/autoconf.h'.
Putting child 0x218af880 (out/autoconf.h) PID 5021 on the chain.
Live child 0x218af880 (out/autoconf.h) PID 5021 
Reaping winning child 0x218af880 PID 5021 
Live child 0x218af880 (out/autoconf.h) PID 5022 
Reaping winning child 0x218af880 PID 5022 
Live child 0x218af880 (out/autoconf.h) PID 5023 
Reaping winning child 0x218af880 PID 5023 
Live child 0x218af880 (out/autoconf.h) PID 5024 
GNU Make 4.3
Built for x86_64-slackware-linux-gnu
Copyright (C) 1988-2020 Free Software Foundation, Inc.
License GPLv3+: GNU GPL version 3 or later <http://gnu.org/licenses/gpl.html>
This is free software: you are free to change and redistribute it.
There is NO WARRANTY, to the extent permitted by law.
Reading makefiles...
Reading makefile '/home/jaloo/slackware/qemu/bios/seabios/src/seabios/scripts/kconfig/Makefile'...
Updating makefiles....
 Considering target file '/home/jaloo/slackware/qemu/bios/seabios/src/seabios/scripts/kconfig/Makefile'.
  Looking for an implicit rule for '/home/jaloo/slackware/qemu/bios/seabios/src/seabios/scripts/kconfig/Makefile'.
  Trying pattern rule with stem 'Makefile'.
  Trying implicit prerequisite '/home/jaloo/slackware/qemu/bios/seabios/src/seabios/scripts/kconfig/Makefile.o'.
  Trying pattern rule with stem 'Makefile'.
  Trying implicit prerequisite '/home/jaloo/slackware/qemu/bios/seabios/src/seabios/scripts/kconfig/Makefile.c'.
  Trying pattern rule with stem 'Makefile'.
  Trying implicit prerequisite '/home/jaloo/slackware/qemu/bios/seabios/src/seabios/scripts/kconfig/Makefile.cc'.
  Trying pattern rule with stem 'Makefile'.
  Trying implicit prerequisite '/home/jaloo/slackware/qemu/bios/seabios/src/seabios/scripts/kconfig/Makefile.C'.
  Trying pattern rule with stem 'Makefile'.
  Trying implicit prerequisite '/home/jaloo/slackware/qemu/bios/seabios/src/seabios/scripts/kconfig/Makefile.cpp'.
  Trying pattern rule with stem 'Makefile'.
  Trying implicit prerequisite '/home/jaloo/slackware/qemu/bios/seabios/src/seabios/scripts/kconfig/Makefile.p'.
  Trying pattern rule with stem 'Makefile'.
  Trying implicit prerequisite '/home/jaloo/slackware/qemu/bios/seabios/src/seabios/scripts/kconfig/Makefile.f'.
  Trying pattern rule with stem 'Makefile'.
  Trying implicit prerequisite '/home/jaloo/slackware/qemu/bios/seabios/src/seabios/scripts/kconfig/Makefile.F'.
  Trying pattern rule with stem 'Makefile'.
  Trying implicit prerequisite '/home/jaloo/slackware/qemu/bios/seabios/src/seabios/scripts/kconfig/Makefile.m'.
  Trying pattern rule with stem 'Makefile'.
  Trying implicit prerequisite '/home/jaloo/slackware/qemu/bios/seabios/src/seabios/scripts/kconfig/Makefile.r'.
  Trying pattern rule with stem 'Makefile'.
  Trying implicit prerequisite '/home/jaloo/slackware/qemu/bios/seabios/src/seabios/scripts/kconfig/Makefile.s'.
  Trying pattern rule with stem 'Makefile'.
  Trying implicit prerequisite '/home/jaloo/slackware/qemu/bios/seabios/src/seabios/scripts/kconfig/Makefile.S'.
  Trying pattern rule with stem 'Makefile'.
  Trying implicit prerequisite '/home/jaloo/slackware/qemu/bios/seabios/src/seabios/scripts/kconfig/Makefile.mod'.
  Trying pattern rule with stem 'Makefile'.
  Trying implicit prerequisite '/home/jaloo/slackware/qemu/bios/seabios/src/seabios/scripts/kconfig/Makefile.sh'.
  Trying pattern rule with stem 'Makefile'.
  Trying implicit prerequisite '/home/jaloo/slackware/qemu/bios/seabios/src/seabios/scripts/kconfig/Makefile,v'.
  Trying pattern rule with stem 'Makefile'.
  Trying implicit prerequisite '/home/jaloo/slackware/qemu/bios/seabios/src/seabios/scripts/kconfig/RCS/Makefile,v'.
  Trying pattern rule with stem 'Makefile'.
  Trying implicit prerequisite '/home/jaloo/slackware/qemu/bios/seabios/src/seabios/scripts/kconfig/RCS/Makefile'.
  Trying pattern rule with stem 'Makefile'.
  Trying implicit prerequisite '/home/jaloo/slackware/qemu/bios/seabios/src/seabios/scripts/kconfig/s.Makefile'.
  Trying pattern rule with stem 'Makefile'.
  Trying implicit prerequisite '/home/jaloo/slackware/qemu/bios/seabios/src/seabios/scripts/kconfig/SCCS/s.Makefile'.
  Trying pattern rule with stem 'Makefile'.
  Trying implicit prerequisite '/home/jaloo/slackware/qemu/bios/seabios/src/seabios/scripts/kconfig/Makefile.o'.
  Looking for a rule with intermediate file '/home/jaloo/slackware/qemu/bios/seabios/src/seabios/scripts/kconfig/Makefile.o'.
   Avoiding implicit rule recursion.
   Trying pattern rule with stem 'Makefile'.
   Trying implicit prerequisite '/home/jaloo/slackware/qemu/bios/seabios/src/seabios/scripts/kconfig/Makefile.c'.
   Trying pattern rule with stem 'Makefile'.
   Trying implicit prerequisite '/home/jaloo/slackware/qemu/bios/seabios/src/seabios/scripts/kconfig/Makefile.cc'.
   Trying pattern rule with stem 'Makefile'.
   Trying implicit prerequisite '/home/jaloo/slackware/qemu/bios/seabios/src/seabios/scripts/kconfig/Makefile.C'.
   Trying pattern rule with stem 'Makefile'.
   Trying implicit prerequisite '/home/jaloo/slackware/qemu/bios/seabios/src/seabios/scripts/kconfig/Makefile.cpp'.
   Trying pattern rule with stem 'Makefile'.
   Trying implicit prerequisite '/home/jaloo/slackware/qemu/bios/seabios/src/seabios/scripts/kconfig/Makefile.p'.
   Trying pattern rule with stem 'Makefile'.
   Trying implicit prerequisite '/home/jaloo/slackware/qemu/bios/seabios/src/seabios/scripts/kconfig/Makefile.f'.
   Trying pattern rule with stem 'Makefile'.
   Trying implicit prerequisite '/home/jaloo/slackware/qemu/bios/seabios/src/seabios/scripts/kconfig/Makefile.F'.
   Trying pattern rule with stem 'Makefile'.
   Trying implicit prerequisite '/home/jaloo/slackware/qemu/bios/seabios/src/seabios/scripts/kconfig/Makefile.m'.
   Trying pattern rule with stem 'Makefile'.
   Trying implicit prerequisite '/home/jaloo/slackware/qemu/bios/seabios/src/seabios/scripts/kconfig/Makefile.r'.
   Trying pattern rule with stem 'Makefile'.
   Trying implicit prerequisite '/home/jaloo/slackware/qemu/bios/seabios/src/seabios/scripts/kconfig/Makefile.s'.
   Trying pattern rule with stem 'Makefile'.
   Trying implicit prerequisite '/home/jaloo/slackware/qemu/bios/seabios/src/seabios/scripts/kconfig/Makefile.S'.
   Trying pattern rule with stem 'Makefile'.
   Trying implicit prerequisite '/home/jaloo/slackware/qemu/bios/seabios/src/seabios/scripts/kconfig/Makefile.mod'.
   Trying pattern rule with stem 'Makefile.o'.
   Trying implicit prerequisite '/home/jaloo/slackware/qemu/bios/seabios/src/seabios/scripts/kconfig/Makefile.o,v'.
   Trying pattern rule with stem 'Makefile.o'.
   Trying implicit prerequisite '/home/jaloo/slackware/qemu/bios/seabios/src/seabios/scripts/kconfig/RCS/Makefile.o,v'.
   Trying pattern rule with stem 'Makefile.o'.
   Trying implicit prerequisite '/home/jaloo/slackware/qemu/bios/seabios/src/seabios/scripts/kconfig/RCS/Makefile.o'.
   Trying pattern rule with stem 'Makefile.o'.
   Trying implicit prerequisite '/home/jaloo/slackware/qemu/bios/seabios/src/seabios/scripts/kconfig/s.Makefile.o'.
   Trying pattern rule with stem 'Makefile.o'.
   Trying implicit prerequisite '/home/jaloo/slackware/qemu/bios/seabios/src/seabios/scripts/kconfig/SCCS/s.Makefile.o'.
   Trying pattern rule with stem 'Makefile'.
   Trying implicit prerequisite '/home/jaloo/slackware/qemu/bios/seabios/src/seabios/scripts/kconfig/Makefile.c'.
   Looking for a rule with intermediate file '/home/jaloo/slackware/qemu/bios/seabios/src/seabios/scripts/kconfig/Makefile.c'.
    Avoiding implicit rule recursion.
    Avoiding implicit rule recursion.
    Trying pattern rule with stem 'Makefile'.
    Trying implicit prerequisite '/home/jaloo/slackware/qemu/bios/seabios/src/seabios/scripts/kconfig/Makefile.y'.
    Trying pattern rule with stem 'Makefile'.
    Trying implicit prerequisite '/home/jaloo/slackware/qemu/bios/seabios/src/seabios/scripts/kconfig/Makefile.l'.
    Trying pattern rule with stem 'Makefile'.
    Trying implicit prerequisite '/home/jaloo/slackware/qemu/bios/seabios/src/seabios/scripts/kconfig/Makefile.w'.
    Trying pattern rule with stem 'Makefile'.
    Trying implicit prerequisite '/home/jaloo/slackware/qemu/bios/seabios/src/seabios/scripts/kconfig/Makefile.w'.
    Trying pattern rule with stem 'Makefile.c'.
    Trying implicit prerequisite '/home/jaloo/slackware/qemu/bios/seabios/src/seabios/scripts/kconfig/Makefile.c,v'.
    Trying pattern rule with stem 'Makefile.c'.
    Trying implicit prerequisite '/home/jaloo/slackware/qemu/bios/seabios/src/seabios/scripts/kconfig/RCS/Makefile.c,v'.
    Trying pattern rule with stem 'Makefile.c'.
    Trying implicit prerequisite '/home/jaloo/slackware/qemu/bios/seabios/src/seabios/scripts/kconfig/RCS/Makefile.c'.
    Trying pattern rule with stem 'Makefile.c'.
    Trying implicit prerequisite '/home/jaloo/slackware/qemu/bios/seabios/src/seabios/scripts/kconfig/s.Makefile.c'.
    Trying pattern rule with stem 'Makefile.c'.
    Trying implicit prerequisite '/home/jaloo/slackware/qemu/bios/seabios/src/seabios/scripts/kconfig/SCCS/s.Makefile.c'.
    Trying pattern rule with stem 'Makefile'.
    Trying implicit prerequisite '/home/jaloo/slackware/qemu/bios/seabios/src/seabios/scripts/kconfig/Makefile.y'.
    Looking for a rule with intermediate file '/home/jaloo/slackware/qemu/bios/seabios/src/seabios/scripts/kconfig/Makefile.y'.
     Avoiding implicit rule recursion.
     Avoiding implicit rule recursion.
     Avoiding implicit rule recursion.
     Trying pattern rule with stem 'Makefile.y'.
     Trying implicit prerequisite '/home/jaloo/slackware/qemu/bios/seabios/src/seabios/scripts/kconfig/Makefile.y,v'.
     Trying pattern rule with stem 'Makefile.y'.
     Trying implicit prerequisite '/home/jaloo/slackware/qemu/bios/seabios/src/seabios/scripts/kconfig/RCS/Makefile.y,v'.
     Trying pattern rule with stem 'Makefile.y'.
     Trying implicit prerequisite '/home/jaloo/slackware/qemu/bios/seabios/src/seabios/scripts/kconfig/RCS/Makefile.y'.
     Trying pattern rule with stem 'Makefile.y'.
     Trying implicit prerequisite '/home/jaloo/slackware/qemu/bios/seabios/src/seabios/scripts/kconfig/s.Makefile.y'.
     Trying pattern rule with stem 'Makefile.y'.
     Trying implicit prerequisite '/home/jaloo/slackware/qemu/bios/seabios/src/seabios/scripts/kconfig/SCCS/s.Makefile.y'.
    Trying pattern rule with stem 'Makefile'.
    Trying implicit prerequisite '/home/jaloo/slackware/qemu/bios/seabios/src/seabios/scripts/kconfig/Makefile.l'.
    Looking for a rule with intermediate file '/home/jaloo/slackware/qemu/bios/seabios/src/seabios/scripts/kconfig/Makefile.l'.
     Avoiding implicit rule recursion.
     Avoiding implicit rule recursion.
     Avoiding implicit rule recursion.
     Trying pattern rule with stem 'Makefile.l'.
     Trying implicit prerequisite '/home/jaloo/slackware/qemu/bios/seabios/src/seabios/scripts/kconfig/Makefile.l,v'.
     Trying pattern rule with stem 'Makefile.l'.
     Trying implicit prerequisite '/home/jaloo/slackware/qemu/bios/seabios/src/seabios/scripts/kconfig/RCS/Makefile.l,v'.
     Trying pattern rule with stem 'Makefile.l'.
     Trying implicit prerequisite '/home/jaloo/slackware/qemu/bios/seabios/src/seabios/scripts/kconfig/RCS/Makefile.l'.
     Trying pattern rule with stem 'Makefile.l'.
     Trying implicit prerequisite '/home/jaloo/slackware/qemu/bios/seabios/src/seabios/scripts/kconfig/s.Makefile.l'.
     Trying pattern rule with stem 'Makefile.l'.
     Trying implicit prerequisite '/home/jaloo/slackware/qemu/bios/seabios/src/seabios/scripts/kconfig/SCCS/s.Makefile.l'.
    Trying pattern rule with stem 'Makefile'.
    Trying implicit prerequisite '/home/jaloo/slackware/qemu/bios/seabios/src/seabios/scripts/kconfig/Makefile.w'.
    Looking for a rule with intermediate file '/home/jaloo/slackware/qemu/bios/seabios/src/seabios/scripts/kconfig/Makefile.w'.
     Avoiding implicit rule recursion.
     Avoiding implicit rule recursion.
     Avoiding implicit rule recursion.
     Trying pattern rule with stem 'Makefile.w'.
     Trying implicit prerequisite '/home/jaloo/slackware/qemu/bios/seabios/src/seabios/scripts/kconfig/Makefile.w,v'.
     Trying pattern rule with stem 'Makefile.w'.
     Trying implicit prerequisite '/home/jaloo/slackware/qemu/bios/seabios/src/seabios/scripts/kconfig/RCS/Makefile.w,v'.
     Trying pattern rule with stem 'Makefile.w'.
     Trying implicit prerequisite '/home/jaloo/slackware/qemu/bios/seabios/src/seabios/scripts/kconfig/RCS/Makefile.w'.
     Trying pattern rule with stem 'Makefile.w'.
     Trying implicit prerequisite '/home/jaloo/slackware/qemu/bios/seabios/src/seabios/scripts/kconfig/s.Makefile.w'.
     Trying pattern rule with stem 'Makefile.w'.
     Trying implicit prerequisite '/home/jaloo/slackware/qemu/bios/seabios/src/seabios/scripts/kconfig/SCCS/s.Makefile.w'.
    Trying pattern rule with stem 'Makefile'.
    Rejecting impossible implicit prerequisite '/home/jaloo/slackware/qemu/bios/seabios/src/seabios/scripts/kconfig/Makefile.w'.
   Trying pattern rule with stem 'Makefile'.
   Trying implicit prerequisite '/home/jaloo/slackware/qemu/bios/seabios/src/seabios/scripts/kconfig/Makefile.cc'.
   Looking for a rule with intermediate file '/home/jaloo/slackware/qemu/bios/seabios/src/seabios/scripts/kconfig/Makefile.cc'.
    Avoiding implicit rule recursion.
    Avoiding implicit rule recursion.
    Trying pattern rule with stem 'Makefile.cc'.
    Trying implicit prerequisite '/home/jaloo/slackware/qemu/bios/seabios/src/seabios/scripts/kconfig/Makefile.cc,v'.
    Trying pattern rule with stem 'Makefile.cc'.
    Trying implicit prerequisite '/home/jaloo/slackware/qemu/bios/seabios/src/seabios/scripts/kconfig/RCS/Makefile.cc,v'.
    Trying pattern rule with stem 'Makefile.cc'.
    Trying implicit prerequisite '/home/jaloo/slackware/qemu/bios/seabios/src/seabios/scripts/kconfig/RCS/Makefile.cc'.
    Trying pattern rule with stem 'Makefile.cc'.
    Trying implicit prerequisite '/home/jaloo/slackware/qemu/bios/seabios/src/seabios/scripts/kconfig/s.Makefile.cc'.
    Trying pattern rule with stem 'Makefile.cc'.
    Trying implicit prerequisite '/home/jaloo/slackware/qemu/bios/seabios/src/seabios/scripts/kconfig/SCCS/s.Makefile.cc'.
   Trying pattern rule with stem 'Makefile'.
   Trying implicit prerequisite '/home/jaloo/slackware/qemu/bios/seabios/src/seabios/scripts/kconfig/Makefile.C'.
   Looking for a rule with intermediate file '/home/jaloo/slackware/qemu/bios/seabios/src/seabios/scripts/kconfig/Makefile.C'.
    Avoiding implicit rule recursion.
    Avoiding implicit rule recursion.
    Trying pattern rule with stem 'Makefile.C'.
    Trying implicit prerequisite '/home/jaloo/slackware/qemu/bios/seabios/src/seabios/scripts/kconfig/Makefile.C,v'.
    Trying pattern rule with stem 'Makefile.C'.
    Trying implicit prerequisite '/home/jaloo/slackware/qemu/bios/seabios/src/seabios/scripts/kconfig/RCS/Makefile.C,v'.
    Trying pattern rule with stem 'Makefile.C'.
    Trying implicit prerequisite '/home/jaloo/slackware/qemu/bios/seabios/src/seabios/scripts/kconfig/RCS/Makefile.C'.
    Trying pattern rule with stem 'Makefile.C'.
    Trying implicit prerequisite '/home/jaloo/slackware/qemu/bios/seabios/src/seabios/scripts/kconfig/s.Makefile.C'.
    Trying pattern rule with stem 'Makefile.C'.
    Trying implicit prerequisite '/home/jaloo/slackware/qemu/bios/seabios/src/seabios/scripts/kconfig/SCCS/s.Makefile.C'.
   Trying pattern rule with stem 'Makefile'.
   Trying implicit prerequisite '/home/jaloo/slackware/qemu/bios/seabios/src/seabios/scripts/kconfig/Makefile.cpp'.
   Looking for a rule with intermediate file '/home/jaloo/slackware/qemu/bios/seabios/src/seabios/scripts/kconfig/Makefile.cpp'.
    Avoiding implicit rule recursion.
    Avoiding implicit rule recursion.
    Trying pattern rule with stem 'Makefile.cpp'.
    Trying implicit prerequisite '/home/jaloo/slackware/qemu/bios/seabios/src/seabios/scripts/kconfig/Makefile.cpp,v'.
    Trying pattern rule with stem 'Makefile.cpp'.
    Trying implicit prerequisite '/home/jaloo/slackware/qemu/bios/seabios/src/seabios/scripts/kconfig/RCS/Makefile.cpp,v'.
    Trying pattern rule with stem 'Makefile.cpp'.
    Trying implicit prerequisite '/home/jaloo/slackware/qemu/bios/seabios/src/seabios/scripts/kconfig/RCS/Makefile.cpp'.
    Trying pattern rule with stem 'Makefile.cpp'.
    Trying implicit prerequisite '/home/jaloo/slackware/qemu/bios/seabios/src/seabios/scripts/kconfig/s.Makefile.cpp'.
    Trying pattern rule with stem 'Makefile.cpp'.
    Trying implicit prerequisite '/home/jaloo/slackware/qemu/bios/seabios/src/seabios/scripts/kconfig/SCCS/s.Makefile.cpp'.
   Trying pattern rule with stem 'Makefile'.
   Trying implicit prerequisite '/home/jaloo/slackware/qemu/bios/seabios/src/seabios/scripts/kconfig/Makefile.p'.
   Looking for a rule with intermediate file '/home/jaloo/slackware/qemu/bios/seabios/src/seabios/scripts/kconfig/Makefile.p'.
    Avoiding implicit rule recursion.
    Avoiding implicit rule recursion.
    Trying pattern rule with stem 'Makefile'.
    Trying implicit prerequisite '/home/jaloo/slackware/qemu/bios/seabios/src/seabios/scripts/kconfig/Makefile.web'.
    Trying pattern rule with stem 'Makefile.p'.
    Trying implicit prerequisite '/home/jaloo/slackware/qemu/bios/seabios/src/seabios/scripts/kconfig/Makefile.p,v'.
    Trying pattern rule with stem 'Makefile.p'.
    Trying implicit prerequisite '/home/jaloo/slackware/qemu/bios/seabios/src/seabios/scripts/kconfig/RCS/Makefile.p,v'.
    Trying pattern rule with stem 'Makefile.p'.
    Trying implicit prerequisite '/home/jaloo/slackware/qemu/bios/seabios/src/seabios/scripts/kconfig/RCS/Makefile.p'.
    Trying pattern rule with stem 'Makefile.p'.
    Trying implicit prerequisite '/home/jaloo/slackware/qemu/bios/seabios/src/seabios/scripts/kconfig/s.Makefile.p'.
    Trying pattern rule with stem 'Makefile.p'.
    Trying implicit prerequisite '/home/jaloo/slackware/qemu/bios/seabios/src/seabios/scripts/kconfig/SCCS/s.Makefile.p'.
    Trying pattern rule with stem 'Makefile'.
    Trying implicit prerequisite '/home/jaloo/slackware/qemu/bios/seabios/src/seabios/scripts/kconfig/Makefile.web'.
    Looking for a rule with intermediate file '/home/jaloo/slackware/qemu/bios/seabios/src/seabios/scripts/kconfig/Makefile.web'.
     Avoiding implicit rule recursion.
     Avoiding implicit rule recursion.
     Avoiding implicit rule recursion.
     Trying pattern rule with stem 'Makefile.web'.
     Trying implicit prerequisite '/home/jaloo/slackware/qemu/bios/seabios/src/seabios/scripts/kconfig/Makefile.web,v'.
     Trying pattern rule with stem 'Makefile.web'.
     Trying implicit prerequisite '/home/jaloo/slackware/qemu/bios/seabios/src/seabios/scripts/kconfig/RCS/Makefile.web,v'.
     Trying pattern rule with stem 'Makefile.web'.
     Trying implicit prerequisite '/home/jaloo/slackware/qemu/bios/seabios/src/seabios/scripts/kconfig/RCS/Makefile.web'.
     Trying pattern rule with stem 'Makefile.web'.
     Trying implicit prerequisite '/home/jaloo/slackware/qemu/bios/seabios/src/seabios/scripts/kconfig/s.Makefile.web'.
     Trying pattern rule with stem 'Makefile.web'.
     Trying implicit prerequisite '/home/jaloo/slackware/qemu/bios/seabios/src/seabios/scripts/kconfig/SCCS/s.Makefile.web'.
   Trying pattern rule with stem 'Makefile'.
   Trying implicit prerequisite '/home/jaloo/slackware/qemu/bios/seabios/src/seabios/scripts/kconfig/Makefile.f'.
   Looking for a rule with intermediate file '/home/jaloo/slackware/qemu/bios/seabios/src/seabios/scripts/kconfig/Makefile.f'.
    Avoiding implicit rule recursion.
    Avoiding implicit rule recursion.
    Trying pattern rule with stem 'Makefile'.
    Trying implicit prerequisite '/home/jaloo/slackware/qemu/bios/seabios/src/seabios/scripts/kconfig/Makefile.F'.
    Trying pattern rule with stem 'Makefile'.
    Trying implicit prerequisite '/home/jaloo/slackware/qemu/bios/seabios/src/seabios/scripts/kconfig/Makefile.r'.
    Trying pattern rule with stem 'Makefile.f'.
    Trying implicit prerequisite '/home/jaloo/slackware/qemu/bios/seabios/src/seabios/scripts/kconfig/Makefile.f,v'.
    Trying pattern rule with stem 'Makefile.f'.
    Trying implicit prerequisite '/home/jaloo/slackware/qemu/bios/seabios/src/seabios/scripts/kconfig/RCS/Makefile.f,v'.
    Trying pattern rule with stem 'Makefile.f'.
    Trying implicit prerequisite '/home/jaloo/slackware/qemu/bios/seabios/src/seabios/scripts/kconfig/RCS/Makefile.f'.
    Trying pattern rule with stem 'Makefile.f'.
    Trying implicit prerequisite '/home/jaloo/slackware/qemu/bios/seabios/src/seabios/scripts/kconfig/s.Makefile.f'.
    Trying pattern rule with stem 'Makefile.f'.
    Trying implicit prerequisite '/home/jaloo/slackware/qemu/bios/seabios/src/seabios/scripts/kconfig/SCCS/s.Makefile.f'.
    Trying pattern rule with stem 'Makefile'.
    Trying implicit prerequisite '/home/jaloo/slackware/qemu/bios/seabios/src/seabios/scripts/kconfig/Makefile.F'.
    Looking for a rule with intermediate file '/home/jaloo/slackware/qemu/bios/seabios/src/seabios/scripts/kconfig/Makefile.F'.
     Avoiding implicit rule recursion.
     Avoiding implicit rule recursion.
     Avoiding implicit rule recursion.
     Trying pattern rule with stem 'Makefile.F'.
     Trying implicit prerequisite '/home/jaloo/slackware/qemu/bios/seabios/src/seabios/scripts/kconfig/Makefile.F,v'.
     Trying pattern rule with stem 'Makefile.F'.
     Trying implicit prerequisite '/home/jaloo/slackware/qemu/bios/seabios/src/seabios/scripts/kconfig/RCS/Makefile.F,v'.
     Trying pattern rule with stem 'Makefile.F'.
     Trying implicit prerequisite '/home/jaloo/slackware/qemu/bios/seabios/src/seabios/scripts/kconfig/RCS/Makefile.F'.
     Trying pattern rule with stem 'Makefile.F'.
     Trying implicit prerequisite '/home/jaloo/slackware/qemu/bios/seabios/src/seabios/scripts/kconfig/s.Makefile.F'.
     Trying pattern rule with stem 'Makefile.F'.
     Trying implicit prerequisite '/home/jaloo/slackware/qemu/bios/seabios/src/seabios/scripts/kconfig/SCCS/s.Makefile.F'.
    Trying pattern rule with stem 'Makefile'.
    Trying implicit prerequisite '/home/jaloo/slackware/qemu/bios/seabios/src/seabios/scripts/kconfig/Makefile.r'.
    Looking for a rule with intermediate file '/home/jaloo/slackware/qemu/bios/seabios/src/seabios/scripts/kconfig/Makefile.r'.
     Avoiding implicit rule recursion.
     Avoiding implicit rule recursion.
     Avoiding implicit rule recursion.
     Trying pattern rule with stem 'Makefile'.
     Rejecting impossible implicit prerequisite '/home/jaloo/slackware/qemu/bios/seabios/src/seabios/scripts/kconfig/Makefile.l'.
     Trying pattern rule with stem 'Makefile.r'.
     Trying implicit prerequisite '/home/jaloo/slackware/qemu/bios/seabios/src/seabios/scripts/kconfig/Makefile.r,v'.
     Trying pattern rule with stem 'Makefile.r'.
     Trying implicit prerequisite '/home/jaloo/slackware/qemu/bios/seabios/src/seabios/scripts/kconfig/RCS/Makefile.r,v'.
     Trying pattern rule with stem 'Makefile.r'.
     Trying implicit prerequisite '/home/jaloo/slackware/qemu/bios/seabios/src/seabios/scripts/kconfig/RCS/Makefile.r'.
     Trying pattern rule with stem 'Makefile.r'.
     Trying implicit prerequisite '/home/jaloo/slackware/qemu/bios/seabios/src/seabios/scripts/kconfig/s.Makefile.r'.
     Trying pattern rule with stem 'Makefile.r'.
     Trying implicit prerequisite '/home/jaloo/slackware/qemu/bios/seabios/src/seabios/scripts/kconfig/SCCS/s.Makefile.r'.
   Trying pattern rule with stem 'Makefile'.
   Rejecting impossible implicit prerequisite '/home/jaloo/slackware/qemu/bios/seabios/src/seabios/scripts/kconfig/Makefile.F'.
   Trying pattern rule with stem 'Makefile'.
   Trying implicit prerequisite '/home/jaloo/slackware/qemu/bios/seabios/src/seabios/scripts/kconfig/Makefile.m'.
   Looking for a rule with intermediate file '/home/jaloo/slackware/qemu/bios/seabios/src/seabios/scripts/kconfig/Makefile.m'.
    Avoiding implicit rule recursion.
    Avoiding implicit rule recursion.
    Trying pattern rule with stem 'Makefile'.
    Trying implicit prerequisite '/home/jaloo/slackware/qemu/bios/seabios/src/seabios/scripts/kconfig/Makefile.ym'.
    Trying pattern rule with stem 'Makefile.m'.
    Trying implicit prerequisite '/home/jaloo/slackware/qemu/bios/seabios/src/seabios/scripts/kconfig/Makefile.m,v'.
    Trying pattern rule with stem 'Makefile.m'.
    Trying implicit prerequisite '/home/jaloo/slackware/qemu/bios/seabios/src/seabios/scripts/kconfig/RCS/Makefile.m,v'.
    Trying pattern rule with stem 'Makefile.m'.
    Trying implicit prerequisite '/home/jaloo/slackware/qemu/bios/seabios/src/seabios/scripts/kconfig/RCS/Makefile.m'.
    Trying pattern rule with stem 'Makefile.m'.
    Trying implicit prerequisite '/home/jaloo/slackware/qemu/bios/seabios/src/seabios/scripts/kconfig/s.Makefile.m'.
    Trying pattern rule with stem 'Makefile.m'.
    Trying implicit prerequisite '/home/jaloo/slackware/qemu/bios/seabios/src/seabios/scripts/kconfig/SCCS/s.Makefile.m'.
    Trying pattern rule with stem 'Makefile'.
    Trying implicit prerequisite '/home/jaloo/slackware/qemu/bios/seabios/src/seabios/scripts/kconfig/Makefile.ym'.
    Looking for a rule with intermediate file '/home/jaloo/slackware/qemu/bios/seabios/src/seabios/scripts/kconfig/Makefile.ym'.
     Avoiding implicit rule recursion.
     Avoiding implicit rule recursion.
     Avoiding implicit rule recursion.
     Trying pattern rule with stem 'Makefile.ym'.
     Trying implicit prerequisite '/home/jaloo/slackware/qemu/bios/seabios/src/seabios/scripts/kconfig/Makefile.ym,v'.
     Trying pattern rule with stem 'Makefile.ym'.
     Trying implicit prerequisite '/home/jaloo/slackware/qemu/bios/seabios/src/seabios/scripts/kconfig/RCS/Makefile.ym,v'.
     Trying pattern rule with stem 'Makefile.ym'.
     Trying implicit prerequisite '/home/jaloo/slackware/qemu/bios/seabios/src/seabios/scripts/kconfig/RCS/Makefile.ym'.
     Trying pattern rule with stem 'Makefile.ym'.
     Trying implicit prerequisite '/home/jaloo/slackware/qemu/bios/seabios/src/seabios/scripts/kconfig/s.Makefile.ym'.
     Trying pattern rule with stem 'Makefile.ym'.
     Trying implicit prerequisite '/home/jaloo/slackware/qemu/bios/seabios/src/seabios/scripts/kconfig/SCCS/s.Makefile.ym'.
   Trying pattern rule with stem 'Makefile'.
   Rejecting impossible implicit prerequisite '/home/jaloo/slackware/qemu/bios/seabios/src/seabios/scripts/kconfig/Makefile.r'.
   Trying pattern rule with stem 'Makefile'.
   Trying implicit prerequisite '/home/jaloo/slackware/qemu/bios/seabios/src/seabios/scripts/kconfig/Makefile.s'.
   Looking for a rule with intermediate file '/home/jaloo/slackware/qemu/bios/seabios/src/seabios/scripts/kconfig/Makefile.s'.
    Avoiding implicit rule recursion.
    Avoiding implicit rule recursion.
    Trying pattern rule with stem 'Makefile'.
    Trying implicit prerequisite '/home/jaloo/slackware/qemu/bios/seabios/src/seabios/scripts/kconfig/Makefile.S'.
    Trying pattern rule with stem 'Makefile.s'.
    Trying implicit prerequisite '/home/jaloo/slackware/qemu/bios/seabios/src/seabios/scripts/kconfig/Makefile.s,v'.
    Trying pattern rule with stem 'Makefile.s'.
    Trying implicit prerequisite '/home/jaloo/slackware/qemu/bios/seabios/src/seabios/scripts/kconfig/RCS/Makefile.s,v'.
    Trying pattern rule with stem 'Makefile.s'.
    Trying implicit prerequisite '/home/jaloo/slackware/qemu/bios/seabios/src/seabios/scripts/kconfig/RCS/Makefile.s'.
    Trying pattern rule with stem 'Makefile.s'.
    Trying implicit prerequisite '/home/jaloo/slackware/qemu/bios/seabios/src/seabios/scripts/kconfig/s.Makefile.s'.
    Trying pattern rule with stem 'Makefile.s'.
    Trying implicit prerequisite '/home/jaloo/slackware/qemu/bios/seabios/src/seabios/scripts/kconfig/SCCS/s.Makefile.s'.
    Trying pattern rule with stem 'Makefile'.
    Trying implicit prerequisite '/home/jaloo/slackware/qemu/bios/seabios/src/seabios/scripts/kconfig/Makefile.S'.
    Looking for a rule with intermediate file '/home/jaloo/slackware/qemu/bios/seabios/src/seabios/scripts/kconfig/Makefile.S'.
     Avoiding implicit rule recursion.
     Avoiding implicit rule recursion.
     Avoiding implicit rule recursion.
     Trying pattern rule with stem 'Makefile.S'.
     Trying implicit prerequisite '/home/jaloo/slackware/qemu/bios/seabios/src/seabios/scripts/kconfig/Makefile.S,v'.
     Trying pattern rule with stem 'Makefile.S'.
     Trying implicit prerequisite '/home/jaloo/slackware/qemu/bios/seabios/src/seabios/scripts/kconfig/RCS/Makefile.S,v'.
     Trying pattern rule with stem 'Makefile.S'.
     Trying implicit prerequisite '/home/jaloo/slackware/qemu/bios/seabios/src/seabios/scripts/kconfig/RCS/Makefile.S'.
     Trying pattern rule with stem 'Makefile.S'.
     Trying implicit prerequisite '/home/jaloo/slackware/qemu/bios/seabios/src/seabios/scripts/kconfig/s.Makefile.S'.
     Trying pattern rule with stem 'Makefile.S'.
     Trying implicit prerequisite '/home/jaloo/slackware/qemu/bios/seabios/src/seabios/scripts/kconfig/SCCS/s.Makefile.S'.
   Trying pattern rule with stem 'Makefile'.
   Rejecting impossible implicit prerequisite '/home/jaloo/slackware/qemu/bios/seabios/src/seabios/scripts/kconfig/Makefile.S'.
   Trying pattern rule with stem 'Makefile'.
   Trying implicit prerequisite '/home/jaloo/slackware/qemu/bios/seabios/src/seabios/scripts/kconfig/Makefile.mod'.
   Looking for a rule with intermediate file '/home/jaloo/slackware/qemu/bios/seabios/src/seabios/scripts/kconfig/Makefile.mod'.
    Avoiding implicit rule recursion.
    Avoiding implicit rule recursion.
    Trying pattern rule with stem 'Makefile.mod'.
    Trying implicit prerequisite '/home/jaloo/slackware/qemu/bios/seabios/src/seabios/scripts/kconfig/Makefile.mod,v'.
    Trying pattern rule with stem 'Makefile.mod'.
    Trying implicit prerequisite '/home/jaloo/slackware/qemu/bios/seabios/src/seabios/scripts/kconfig/RCS/Makefile.mod,v'.
    Trying pattern rule with stem 'Makefile.mod'.
    Trying implicit prerequisite '/home/jaloo/slackware/qemu/bios/seabios/src/seabios/scripts/kconfig/RCS/Makefile.mod'.
    Trying pattern rule with stem 'Makefile.mod'.
    Trying implicit prerequisite '/home/jaloo/slackware/qemu/bios/seabios/src/seabios/scripts/kconfig/s.Makefile.mod'.
    Trying pattern rule with stem 'Makefile.mod'.
    Trying implicit prerequisite '/home/jaloo/slackware/qemu/bios/seabios/src/seabios/scripts/kconfig/SCCS/s.Makefile.mod'.
  Trying pattern rule with stem 'Makefile'.
  Rejecting impossible implicit prerequisite '/home/jaloo/slackware/qemu/bios/seabios/src/seabios/scripts/kconfig/Makefile.c'.
  Trying pattern rule with stem 'Makefile'.
  Rejecting impossible implicit prerequisite '/home/jaloo/slackware/qemu/bios/seabios/src/seabios/scripts/kconfig/Makefile.cc'.
  Trying pattern rule with stem 'Makefile'.
  Rejecting impossible implicit prerequisite '/home/jaloo/slackware/qemu/bios/seabios/src/seabios/scripts/kconfig/Makefile.C'.
  Trying pattern rule with stem 'Makefile'.
  Rejecting impossible implicit prerequisite '/home/jaloo/slackware/qemu/bios/seabios/src/seabios/scripts/kconfig/Makefile.cpp'.
  Trying pattern rule with stem 'Makefile'.
  Rejecting impossible implicit prerequisite '/home/jaloo/slackware/qemu/bios/seabios/src/seabios/scripts/kconfig/Makefile.p'.
  Trying pattern rule with stem 'Makefile'.
  Rejecting impossible implicit prerequisite '/home/jaloo/slackware/qemu/bios/seabios/src/seabios/scripts/kconfig/Makefile.f'.
  Trying pattern rule with stem 'Makefile'.
  Rejecting impossible implicit prerequisite '/home/jaloo/slackware/qemu/bios/seabios/src/seabios/scripts/kconfig/Makefile.F'.
  Trying pattern rule with stem 'Makefile'.
  Rejecting impossible implicit prerequisite '/home/jaloo/slackware/qemu/bios/seabios/src/seabios/scripts/kconfig/Makefile.m'.
  Trying pattern rule with stem 'Makefile'.
  Rejecting impossible implicit prerequisite '/home/jaloo/slackware/qemu/bios/seabios/src/seabios/scripts/kconfig/Makefile.r'.
  Trying pattern rule with stem 'Makefile'.
  Rejecting impossible implicit prerequisite '/home/jaloo/slackware/qemu/bios/seabios/src/seabios/scripts/kconfig/Makefile.s'.
  Trying pattern rule with stem 'Makefile'.
  Rejecting impossible implicit prerequisite '/home/jaloo/slackware/qemu/bios/seabios/src/seabios/scripts/kconfig/Makefile.S'.
  Trying pattern rule with stem 'Makefile'.
  Rejecting impossible implicit prerequisite '/home/jaloo/slackware/qemu/bios/seabios/src/seabios/scripts/kconfig/Makefile.mod'.
  Trying pattern rule with stem 'Makefile'.
  Trying implicit prerequisite '/home/jaloo/slackware/qemu/bios/seabios/src/seabios/scripts/kconfig/Makefile.sh'.
  Looking for a rule with intermediate file '/home/jaloo/slackware/qemu/bios/seabios/src/seabios/scripts/kconfig/Makefile.sh'.
   Avoiding implicit rule recursion.
   Trying pattern rule with stem 'Makefile.sh'.
   Trying implicit prerequisite '/home/jaloo/slackware/qemu/bios/seabios/src/seabios/scripts/kconfig/Makefile.sh,v'.
   Trying pattern rule with stem 'Makefile.sh'.
   Trying implicit prerequisite '/home/jaloo/slackware/qemu/bios/seabios/src/seabios/scripts/kconfig/RCS/Makefile.sh,v'.
   Trying pattern rule with stem 'Makefile.sh'.
   Trying implicit prerequisite '/home/jaloo/slackware/qemu/bios/seabios/src/seabios/scripts/kconfig/RCS/Makefile.sh'.
   Trying pattern rule with stem 'Makefile.sh'.
   Trying implicit prerequisite '/home/jaloo/slackware/qemu/bios/seabios/src/seabios/scripts/kconfig/s.Makefile.sh'.
   Trying pattern rule with stem 'Makefile.sh'.
   Trying implicit prerequisite '/home/jaloo/slackware/qemu/bios/seabios/src/seabios/scripts/kconfig/SCCS/s.Makefile.sh'.
  No implicit rule found for '/home/jaloo/slackware/qemu/bios/seabios/src/seabios/scripts/kconfig/Makefile'.
  Finished prerequisites of target file '/home/jaloo/slackware/qemu/bios/seabios/src/seabios/scripts/kconfig/Makefile'.
 No need to remake target '/home/jaloo/slackware/qemu/bios/seabios/src/seabios/scripts/kconfig/Makefile'.
Updating goal targets....
Considering target file 'silentoldconfig'.
 File 'silentoldconfig' does not exist.
  Considering target file 'scripts/kconfig/conf'.
    Considering target file 'scripts/kconfig/conf.o'.
      Considering target file 'scripts/kconfig/conf.c'.
       Looking for an implicit rule for 'scripts/kconfig/conf.c'.
       Trying pattern rule with stem 'conf.c'.
       Trying implicit prerequisite 'scripts/kconfig/conf.c_shipped'.
       Trying pattern rule with stem 'conf'.
       Trying implicit prerequisite 'scripts/kconfig/conf.y'.
       Trying pattern rule with stem 'conf'.
       Trying implicit prerequisite 'scripts/kconfig/conf.l'.
       Trying pattern rule with stem 'conf'.
       Trying implicit prerequisite 'scripts/kconfig/conf.w'.
       Trying pattern rule with stem 'conf'.
       Trying implicit prerequisite 'scripts/kconfig/conf.w'.
       Trying pattern rule with stem 'conf.c'.
       Trying implicit prerequisite 'scripts/kconfig/conf.c,v'.
       Trying pattern rule with stem 'conf.c'.
       Trying implicit prerequisite 'scripts/kconfig/RCS/conf.c,v'.
       Trying pattern rule with stem 'conf.c'.
       Trying implicit prerequisite 'scripts/kconfig/RCS/conf.c'.
       Trying pattern rule with stem 'conf.c'.
       Trying implicit prerequisite 'scripts/kconfig/s.conf.c'.
       Trying pattern rule with stem 'conf.c'.
       Trying implicit prerequisite 'scripts/kconfig/SCCS/s.conf.c'.
       Trying pattern rule with stem 'conf'.
       Trying implicit prerequisite 'scripts/kconfig/conf.y'.
       Looking for a rule with intermediate file 'scripts/kconfig/conf.y'.
        Avoiding implicit rule recursion.
        Trying pattern rule with stem 'conf.y'.
        Trying implicit prerequisite 'scripts/kconfig/conf.y_shipped'.
        Trying pattern rule with stem 'conf.y'.
        Trying implicit prerequisite 'scripts/kconfig/conf.y,v'.
        Trying pattern rule with stem 'conf.y'.
        Trying implicit prerequisite 'scripts/kconfig/RCS/conf.y,v'.
        Trying pattern rule with stem 'conf.y'.
        Trying implicit prerequisite 'scripts/kconfig/RCS/conf.y'.
        Trying pattern rule with stem 'conf.y'.
        Trying implicit prerequisite 'scripts/kconfig/s.conf.y'.
        Trying pattern rule with stem 'conf.y'.
        Trying implicit prerequisite 'scripts/kconfig/SCCS/s.conf.y'.
       Trying pattern rule with stem 'conf'.
       Trying implicit prerequisite 'scripts/kconfig/conf.l'.
       Looking for a rule with intermediate file 'scripts/kconfig/conf.l'.
        Avoiding implicit rule recursion.
        Trying pattern rule with stem 'conf.l'.
        Trying implicit prerequisite 'scripts/kconfig/conf.l_shipped'.
        Trying pattern rule with stem 'conf.l'.
        Trying implicit prerequisite 'scripts/kconfig/conf.l,v'.
        Trying pattern rule with stem 'conf.l'.
        Trying implicit prerequisite 'scripts/kconfig/RCS/conf.l,v'.
        Trying pattern rule with stem 'conf.l'.
        Trying implicit prerequisite 'scripts/kconfig/RCS/conf.l'.
        Trying pattern rule with stem 'conf.l'.
        Trying implicit prerequisite 'scripts/kconfig/s.conf.l'.
        Trying pattern rule with stem 'conf.l'.
        Trying implicit prerequisite 'scripts/kconfig/SCCS/s.conf.l'.
       Trying pattern rule with stem 'conf'.
       Trying implicit prerequisite 'scripts/kconfig/conf.w'.
       Looking for a rule with intermediate file 'scripts/kconfig/conf.w'.
        Avoiding implicit rule recursion.
        Trying pattern rule with stem 'conf.w'.
        Trying implicit prerequisite 'scripts/kconfig/conf.w_shipped'.
        Trying pattern rule with stem 'conf.w'.
        Trying implicit prerequisite 'scripts/kconfig/conf.w,v'.
        Trying pattern rule with stem 'conf.w'.
        Trying implicit prerequisite 'scripts/kconfig/RCS/conf.w,v'.
        Trying pattern rule with stem 'conf.w'.
        Trying implicit prerequisite 'scripts/kconfig/RCS/conf.w'.
        Trying pattern rule with stem 'conf.w'.
        Trying implicit prerequisite 'scripts/kconfig/s.conf.w'.
        Trying pattern rule with stem 'conf.w'.
        Trying implicit prerequisite 'scripts/kconfig/SCCS/s.conf.w'.
       Trying pattern rule with stem 'conf'.
       Rejecting impossible implicit prerequisite 'scripts/kconfig/conf.w'.
       No implicit rule found for 'scripts/kconfig/conf.c'.
       Finished prerequisites of target file 'scripts/kconfig/conf.c'.
      No need to remake target 'scripts/kconfig/conf.c'; using VPATH name '/home/jaloo/slackware/qemu/bios/seabios/src/seabios/scripts/kconfig/conf.c'.
     Finished prerequisites of target file 'scripts/kconfig/conf.o'.
     Prerequisite '/home/jaloo/slackware/qemu/bios/seabios/src/seabios/scripts/kconfig/conf.c' is older than target 'scripts/kconfig/conf.o'.
    No need to remake target 'scripts/kconfig/conf.o'.
    Considering target file 'scripts/kconfig/zconf.tab.o'.
      Considering target file 'scripts/kconfig/zconf.tab.c'.
       Looking for an implicit rule for 'scripts/kconfig/zconf.tab.c'.
       Trying pattern rule with stem 'zconf.tab.c'.
       Trying implicit prerequisite 'scripts/kconfig/zconf.tab.c_shipped'.
       Found prerequisite 'scripts/kconfig/zconf.tab.c_shipped' as VPATH '/home/jaloo/slackware/qemu/bios/seabios/src/seabios/scripts/kconfig/zconf.tab.c_shipped'
       Found an implicit rule for 'scripts/kconfig/zconf.tab.c'.
        Considering target file 'scripts/kconfig/zconf.tab.c_shipped'.
         Finished prerequisites of target file 'scripts/kconfig/zconf.tab.c_shipped'.
        No need to remake target 'scripts/kconfig/zconf.tab.c_shipped'; using VPATH name '/home/jaloo/slackware/qemu/bios/seabios/src/seabios/scripts/kconfig/zconf.tab.c_shipped'.
       Finished prerequisites of target file 'scripts/kconfig/zconf.tab.c'.
       Prerequisite '/home/jaloo/slackware/qemu/bios/seabios/src/seabios/scripts/kconfig/zconf.tab.c_shipped' is older than target 'scripts/kconfig/zconf.tab.c'.
      No need to remake target 'scripts/kconfig/zconf.tab.c'.
      Considering target file 'scripts/kconfig/zconf.lex.c'.
       Looking for an implicit rule for 'scripts/kconfig/zconf.lex.c'.
       Trying pattern rule with stem 'zconf.lex.c'.
       Trying implicit prerequisite 'scripts/kconfig/zconf.lex.c_shipped'.
       Found prerequisite 'scripts/kconfig/zconf.lex.c_shipped' as VPATH '/home/jaloo/slackware/qemu/bios/seabios/src/seabios/scripts/kconfig/zconf.lex.c_shipped'
       Found an implicit rule for 'scripts/kconfig/zconf.lex.c'.
        Considering target file 'scripts/kconfig/zconf.lex.c_shipped'.
         Finished prerequisites of target file 'scripts/kconfig/zconf.lex.c_shipped'.
        No need to remake target 'scripts/kconfig/zconf.lex.c_shipped'; using VPATH name '/home/jaloo/slackware/qemu/bios/seabios/src/seabios/scripts/kconfig/zconf.lex.c_shipped'.
       Finished prerequisites of target file 'scripts/kconfig/zconf.lex.c'.
       Prerequisite '/home/jaloo/slackware/qemu/bios/seabios/src/seabios/scripts/kconfig/zconf.lex.c_shipped' is older than target 'scripts/kconfig/zconf.lex.c'.
      No need to remake target 'scripts/kconfig/zconf.lex.c'.
      Considering target file 'scripts/kconfig/zconf.hash.c'.
       Looking for an implicit rule for 'scripts/kconfig/zconf.hash.c'.
       Trying pattern rule with stem 'zconf.hash.c'.
       Trying implicit prerequisite 'scripts/kconfig/zconf.hash.c_shipped'.
       Found prerequisite 'scripts/kconfig/zconf.hash.c_shipped' as VPATH '/home/jaloo/slackware/qemu/bios/seabios/src/seabios/scripts/kconfig/zconf.hash.c_shipped'
       Found an implicit rule for 'scripts/kconfig/zconf.hash.c'.
        Considering target file 'scripts/kconfig/zconf.hash.c_shipped'.
         Finished prerequisites of target file 'scripts/kconfig/zconf.hash.c_shipped'.
        No need to remake target 'scripts/kconfig/zconf.hash.c_shipped'; using VPATH name '/home/jaloo/slackware/qemu/bios/seabios/src/seabios/scripts/kconfig/zconf.hash.c_shipped'.
       Finished prerequisites of target file 'scripts/kconfig/zconf.hash.c'.
       Prerequisite '/home/jaloo/slackware/qemu/bios/seabios/src/seabios/scripts/kconfig/zconf.hash.c_shipped' is older than target 'scripts/kconfig/zconf.hash.c'.
      No need to remake target 'scripts/kconfig/zconf.hash.c'.
     Finished prerequisites of target file 'scripts/kconfig/zconf.tab.o'.
     Prerequisite 'scripts/kconfig/zconf.tab.c' is older than target 'scripts/kconfig/zconf.tab.o'.
     Prerequisite 'scripts/kconfig/zconf.lex.c' is older than target 'scripts/kconfig/zconf.tab.o'.
     Prerequisite 'scripts/kconfig/zconf.hash.c' is older than target 'scripts/kconfig/zconf.tab.o'.
    No need to remake target 'scripts/kconfig/zconf.tab.o'.
   Finished prerequisites of target file 'scripts/kconfig/conf'.
   Prerequisite 'scripts/kconfig/conf.o' is older than target 'scripts/kconfig/conf'.
   Prerequisite 'scripts/kconfig/zconf.tab.o' is older than target 'scripts/kconfig/conf'.
  No need to remake target 'scripts/kconfig/conf'.
 Finished prerequisites of target file 'silentoldconfig'.
Must remake target 'silentoldconfig'.
Putting child 0x7bd8ac0 (silentoldconfig) PID 5025 on the chain.
Live child 0x7bd8ac0 (silentoldconfig) PID 5025 
  Build Kconfig config file
Reaping winning child 0x7bd8ac0 PID 5025 
Live child 0x7bd8ac0 (silentoldconfig) PID 5026 
Reaping winning child 0x7bd8ac0 PID 5026 
Live child 0x7bd8ac0 (silentoldconfig) PID 5027 
Reaping winning child 0x7bd8ac0 PID 5027 
Removing child 0x7bd8ac0 PID 5027 from chain.
Successfully remade target file 'silentoldconfig'.
Reaping winning child 0x218af880 PID 5024 
Removing child 0x218af880 PID 5024 from chain.
                  Successfully remade target file 'out/autoconf.h'.
                  Considering target file 'out/src/misc.o'.
                   File 'out/src/misc.o' does not exist.
                   Looking for an implicit rule for 'out/src/misc.o'.
                   Trying pattern rule with stem 'src/misc'.
                   Trying implicit prerequisite 'src/misc.c'.
                   Trying rule prerequisite 'out/autoconf.h'.
                   Found an implicit rule for 'out/src/misc.o'.
                    Considering target file 'src/misc.c'.
                     Looking for an implicit rule for 'src/misc.c'.
                     Trying pattern rule with stem 'misc'.
                     Trying implicit prerequisite 'src/misc.y'.
                     Trying pattern rule with stem 'misc'.
                     Trying implicit prerequisite 'src/misc.l'.
                     Trying pattern rule with stem 'misc'.
                     Trying implicit prerequisite 'src/misc.w'.
                     Trying pattern rule with stem 'misc'.
                     Trying implicit prerequisite 'src/misc.w'.
                     Trying pattern rule with stem 'misc.c'.
                     Trying implicit prerequisite 'src/misc.c,v'.
                     Trying pattern rule with stem 'misc.c'.
                     Trying implicit prerequisite 'src/RCS/misc.c,v'.
                     Trying pattern rule with stem 'misc.c'.
                     Trying implicit prerequisite 'src/RCS/misc.c'.
                     Trying pattern rule with stem 'misc.c'.
                     Trying implicit prerequisite 'src/s.misc.c'.
                     Trying pattern rule with stem 'misc.c'.
                     Trying implicit prerequisite 'src/SCCS/s.misc.c'.
                     Trying pattern rule with stem 'misc'.
                     Trying implicit prerequisite 'src/misc.y'.
                     Looking for a rule with intermediate file 'src/misc.y'.
                      Avoiding implicit rule recursion.
                      Trying pattern rule with stem 'misc.y'.
                      Trying implicit prerequisite 'src/misc.y,v'.
                      Trying pattern rule with stem 'misc.y'.
                      Trying implicit prerequisite 'src/RCS/misc.y,v'.
                      Trying pattern rule with stem 'misc.y'.
                      Trying implicit prerequisite 'src/RCS/misc.y'.
                      Trying pattern rule with stem 'misc.y'.
                      Trying implicit prerequisite 'src/s.misc.y'.
                      Trying pattern rule with stem 'misc.y'.
                      Trying implicit prerequisite 'src/SCCS/s.misc.y'.
                     Trying pattern rule with stem 'misc'.
                     Trying implicit prerequisite 'src/misc.l'.
                     Looking for a rule with intermediate file 'src/misc.l'.
                      Avoiding implicit rule recursion.
                      Trying pattern rule with stem 'misc.l'.
                      Trying implicit prerequisite 'src/misc.l,v'.
                      Trying pattern rule with stem 'misc.l'.
                      Trying implicit prerequisite 'src/RCS/misc.l,v'.
                      Trying pattern rule with stem 'misc.l'.
                      Trying implicit prerequisite 'src/RCS/misc.l'.
                      Trying pattern rule with stem 'misc.l'.
                      Trying implicit prerequisite 'src/s.misc.l'.
                      Trying pattern rule with stem 'misc.l'.
                      Trying implicit prerequisite 'src/SCCS/s.misc.l'.
                     Trying pattern rule with stem 'misc'.
                     Trying implicit prerequisite 'src/misc.w'.
                     Looking for a rule with intermediate file 'src/misc.w'.
                      Avoiding implicit rule recursion.
                      Trying pattern rule with stem 'misc.w'.
                      Trying implicit prerequisite 'src/misc.w,v'.
                      Trying pattern rule with stem 'misc.w'.
                      Trying implicit prerequisite 'src/RCS/misc.w,v'.
                      Trying pattern rule with stem 'misc.w'.
                      Trying implicit prerequisite 'src/RCS/misc.w'.
                      Trying pattern rule with stem 'misc.w'.
                      Trying implicit prerequisite 'src/s.misc.w'.
                      Trying pattern rule with stem 'misc.w'.
                      Trying implicit prerequisite 'src/SCCS/s.misc.w'.
                     Trying pattern rule with stem 'misc'.
                     Rejecting impossible implicit prerequisite 'src/misc.w'.
                     No implicit rule found for 'src/misc.c'.
                     Finished prerequisites of target file 'src/misc.c'.
                    No need to remake target 'src/misc.c'.
                    Pruning file 'out/autoconf.h'.
                   Finished prerequisites of target file 'out/src/misc.o'.
                  Must remake target 'out/src/misc.o'.
Putting child 0x218be900 (out/src/misc.o) PID 5028 on the chain.
Live child 0x218be900 (out/src/misc.o) PID 5028 
  Compile checking out/src/misc.o
Reaping winning child 0x218be900 PID 5028 
Live child 0x218be900 (out/src/misc.o) PID 5029 
Reaping winning child 0x218be900 PID 5029 
Removing child 0x218be900 PID 5029 from chain.
                  Successfully remade target file 'out/src/misc.o'.
                  Considering target file 'out/src/stacks.o'.
                   File 'out/src/stacks.o' does not exist.
                   Looking for an implicit rule for 'out/src/stacks.o'.
                   Trying pattern rule with stem 'src/stacks'.
                   Trying implicit prerequisite 'src/stacks.c'.
                   Trying rule prerequisite 'out/autoconf.h'.
                   Found an implicit rule for 'out/src/stacks.o'.
                    Considering target file 'src/stacks.c'.
                     Looking for an implicit rule for 'src/stacks.c'.
                     Trying pattern rule with stem 'stacks'.
                     Trying implicit prerequisite 'src/stacks.y'.
                     Trying pattern rule with stem 'stacks'.
                     Trying implicit prerequisite 'src/stacks.l'.
                     Trying pattern rule with stem 'stacks'.
                     Trying implicit prerequisite 'src/stacks.w'.
                     Trying pattern rule with stem 'stacks'.
                     Trying implicit prerequisite 'src/stacks.w'.
                     Trying pattern rule with stem 'stacks.c'.
                     Trying implicit prerequisite 'src/stacks.c,v'.
                     Trying pattern rule with stem 'stacks.c'.
                     Trying implicit prerequisite 'src/RCS/stacks.c,v'.
                     Trying pattern rule with stem 'stacks.c'.
                     Trying implicit prerequisite 'src/RCS/stacks.c'.
                     Trying pattern rule with stem 'stacks.c'.
                     Trying implicit prerequisite 'src/s.stacks.c'.
                     Trying pattern rule with stem 'stacks.c'.
                     Trying implicit prerequisite 'src/SCCS/s.stacks.c'.
                     Trying pattern rule with stem 'stacks'.
                     Trying implicit prerequisite 'src/stacks.y'.
                     Looking for a rule with intermediate file 'src/stacks.y'.
                      Avoiding implicit rule recursion.
                      Trying pattern rule with stem 'stacks.y'.
                      Trying implicit prerequisite 'src/stacks.y,v'.
                      Trying pattern rule with stem 'stacks.y'.
                      Trying implicit prerequisite 'src/RCS/stacks.y,v'.
                      Trying pattern rule with stem 'stacks.y'.
                      Trying implicit prerequisite 'src/RCS/stacks.y'.
                      Trying pattern rule with stem 'stacks.y'.
                      Trying implicit prerequisite 'src/s.stacks.y'.
                      Trying pattern rule with stem 'stacks.y'.
                      Trying implicit prerequisite 'src/SCCS/s.stacks.y'.
                     Trying pattern rule with stem 'stacks'.
                     Trying implicit prerequisite 'src/stacks.l'.
                     Looking for a rule with intermediate file 'src/stacks.l'.
                      Avoiding implicit rule recursion.
                      Trying pattern rule with stem 'stacks.l'.
                      Trying implicit prerequisite 'src/stacks.l,v'.
                      Trying pattern rule with stem 'stacks.l'.
                      Trying implicit prerequisite 'src/RCS/stacks.l,v'.
                      Trying pattern rule with stem 'stacks.l'.
                      Trying implicit prerequisite 'src/RCS/stacks.l'.
                      Trying pattern rule with stem 'stacks.l'.
                      Trying implicit prerequisite 'src/s.stacks.l'.
                      Trying pattern rule with stem 'stacks.l'.
                      Trying implicit prerequisite 'src/SCCS/s.stacks.l'.
                     Trying pattern rule with stem 'stacks'.
                     Trying implicit prerequisite 'src/stacks.w'.
                     Looking for a rule with intermediate file 'src/stacks.w'.
                      Avoiding implicit rule recursion.
                      Trying pattern rule with stem 'stacks.w'.
                      Trying implicit prerequisite 'src/stacks.w,v'.
                      Trying pattern rule with stem 'stacks.w'.
                      Trying implicit prerequisite 'src/RCS/stacks.w,v'.
                      Trying pattern rule with stem 'stacks.w'.
                      Trying implicit prerequisite 'src/RCS/stacks.w'.
                      Trying pattern rule with stem 'stacks.w'.
                      Trying implicit prerequisite 'src/s.stacks.w'.
                      Trying pattern rule with stem 'stacks.w'.
                      Trying implicit prerequisite 'src/SCCS/s.stacks.w'.
                     Trying pattern rule with stem 'stacks'.
                     Rejecting impossible implicit prerequisite 'src/stacks.w'.
                     No implicit rule found for 'src/stacks.c'.
                     Finished prerequisites of target file 'src/stacks.c'.
                    No need to remake target 'src/stacks.c'.
                    Pruning file 'out/autoconf.h'.
                   Finished prerequisites of target file 'out/src/stacks.o'.
                  Must remake target 'out/src/stacks.o'.
Putting child 0x218b7920 (out/src/stacks.o) PID 5032 on the chain.
Live child 0x218b7920 (out/src/stacks.o) PID 5032 
  Compile checking out/src/stacks.o
Reaping winning child 0x218b7920 PID 5032 
Live child 0x218b7920 (out/src/stacks.o) PID 5033 
Reaping winning child 0x218b7920 PID 5033 
Removing child 0x218b7920 PID 5033 from chain.
                  Successfully remade target file 'out/src/stacks.o'.
                  Considering target file 'out/src/output.o'.
                   File 'out/src/output.o' does not exist.
                   Looking for an implicit rule for 'out/src/output.o'.
                   Trying pattern rule with stem 'src/output'.
                   Trying implicit prerequisite 'src/output.c'.
                   Trying rule prerequisite 'out/autoconf.h'.
                   Found an implicit rule for 'out/src/output.o'.
                    Considering target file 'src/output.c'.
                     Looking for an implicit rule for 'src/output.c'.
                     Trying pattern rule with stem 'output'.
                     Trying implicit prerequisite 'src/output.y'.
                     Trying pattern rule with stem 'output'.
                     Trying implicit prerequisite 'src/output.l'.
                     Trying pattern rule with stem 'output'.
                     Trying implicit prerequisite 'src/output.w'.
                     Trying pattern rule with stem 'output'.
                     Trying implicit prerequisite 'src/output.w'.
                     Trying pattern rule with stem 'output.c'.
                     Trying implicit prerequisite 'src/output.c,v'.
                     Trying pattern rule with stem 'output.c'.
                     Trying implicit prerequisite 'src/RCS/output.c,v'.
                     Trying pattern rule with stem 'output.c'.
                     Trying implicit prerequisite 'src/RCS/output.c'.
                     Trying pattern rule with stem 'output.c'.
                     Trying implicit prerequisite 'src/s.output.c'.
                     Trying pattern rule with stem 'output.c'.
                     Trying implicit prerequisite 'src/SCCS/s.output.c'.
                     Trying pattern rule with stem 'output'.
                     Trying implicit prerequisite 'src/output.y'.
                     Looking for a rule with intermediate file 'src/output.y'.
                      Avoiding implicit rule recursion.
                      Trying pattern rule with stem 'output.y'.
                      Trying implicit prerequisite 'src/output.y,v'.
                      Trying pattern rule with stem 'output.y'.
                      Trying implicit prerequisite 'src/RCS/output.y,v'.
                      Trying pattern rule with stem 'output.y'.
                      Trying implicit prerequisite 'src/RCS/output.y'.
                      Trying pattern rule with stem 'output.y'.
                      Trying implicit prerequisite 'src/s.output.y'.
                      Trying pattern rule with stem 'output.y'.
                      Trying implicit prerequisite 'src/SCCS/s.output.y'.
                     Trying pattern rule with stem 'output'.
                     Trying implicit prerequisite 'src/output.l'.
                     Looking for a rule with intermediate file 'src/output.l'.
                      Avoiding implicit rule recursion.
                      Trying pattern rule with stem 'output.l'.
                      Trying implicit prerequisite 'src/output.l,v'.
                      Trying pattern rule with stem 'output.l'.
                      Trying implicit prerequisite 'src/RCS/output.l,v'.
                      Trying pattern rule with stem 'output.l'.
                      Trying implicit prerequisite 'src/RCS/output.l'.
                      Trying pattern rule with stem 'output.l'.
                      Trying implicit prerequisite 'src/s.output.l'.
                      Trying pattern rule with stem 'output.l'.
                      Trying implicit prerequisite 'src/SCCS/s.output.l'.
                     Trying pattern rule with stem 'output'.
                     Trying implicit prerequisite 'src/output.w'.
                     Looking for a rule with intermediate file 'src/output.w'.
                      Avoiding implicit rule recursion.
                      Trying pattern rule with stem 'output.w'.
                      Trying implicit prerequisite 'src/output.w,v'.
                      Trying pattern rule with stem 'output.w'.
                      Trying implicit prerequisite 'src/RCS/output.w,v'.
                      Trying pattern rule with stem 'output.w'.
                      Trying implicit prerequisite 'src/RCS/output.w'.
                      Trying pattern rule with stem 'output.w'.
                      Trying implicit prerequisite 'src/s.output.w'.
                      Trying pattern rule with stem 'output.w'.
                      Trying implicit prerequisite 'src/SCCS/s.output.w'.
                     Trying pattern rule with stem 'output'.
                     Rejecting impossible implicit prerequisite 'src/output.w'.
                     No implicit rule found for 'src/output.c'.
                     Finished prerequisites of target file 'src/output.c'.
                    No need to remake target 'src/output.c'.
                    Pruning file 'out/autoconf.h'.
                   Finished prerequisites of target file 'out/src/output.o'.
                  Must remake target 'out/src/output.o'.
Putting child 0x218b7fd0 (out/src/output.o) PID 5036 on the chain.
Live child 0x218b7fd0 (out/src/output.o) PID 5036 
  Compile checking out/src/output.o
Reaping winning child 0x218b7fd0 PID 5036 
Live child 0x218b7fd0 (out/src/output.o) PID 5037 
Reaping winning child 0x218b7fd0 PID 5037 
Removing child 0x218b7fd0 PID 5037 from chain.
                  Successfully remade target file 'out/src/output.o'.
                  Considering target file 'out/src/string.o'.
                   File 'out/src/string.o' does not exist.
                   Looking for an implicit rule for 'out/src/string.o'.
                   Trying pattern rule with stem 'src/string'.
                   Trying implicit prerequisite 'src/string.c'.
                   Trying rule prerequisite 'out/autoconf.h'.
                   Found an implicit rule for 'out/src/string.o'.
                    Considering target file 'src/string.c'.
                     Looking for an implicit rule for 'src/string.c'.
                     Trying pattern rule with stem 'string'.
                     Trying implicit prerequisite 'src/string.y'.
                     Trying pattern rule with stem 'string'.
                     Trying implicit prerequisite 'src/string.l'.
                     Trying pattern rule with stem 'string'.
                     Trying implicit prerequisite 'src/string.w'.
                     Trying pattern rule with stem 'string'.
                     Trying implicit prerequisite 'src/string.w'.
                     Trying pattern rule with stem 'string.c'.
                     Trying implicit prerequisite 'src/string.c,v'.
                     Trying pattern rule with stem 'string.c'.
                     Trying implicit prerequisite 'src/RCS/string.c,v'.
                     Trying pattern rule with stem 'string.c'.
                     Trying implicit prerequisite 'src/RCS/string.c'.
                     Trying pattern rule with stem 'string.c'.
                     Trying implicit prerequisite 'src/s.string.c'.
                     Trying pattern rule with stem 'string.c'.
                     Trying implicit prerequisite 'src/SCCS/s.string.c'.
                     Trying pattern rule with stem 'string'.
                     Trying implicit prerequisite 'src/string.y'.
                     Looking for a rule with intermediate file 'src/string.y'.
                      Avoiding implicit rule recursion.
                      Trying pattern rule with stem 'string.y'.
                      Trying implicit prerequisite 'src/string.y,v'.
                      Trying pattern rule with stem 'string.y'.
                      Trying implicit prerequisite 'src/RCS/string.y,v'.
                      Trying pattern rule with stem 'string.y'.
                      Trying implicit prerequisite 'src/RCS/string.y'.
                      Trying pattern rule with stem 'string.y'.
                      Trying implicit prerequisite 'src/s.string.y'.
                      Trying pattern rule with stem 'string.y'.
                      Trying implicit prerequisite 'src/SCCS/s.string.y'.
                     Trying pattern rule with stem 'string'.
                     Trying implicit prerequisite 'src/string.l'.
                     Looking for a rule with intermediate file 'src/string.l'.
                      Avoiding implicit rule recursion.
                      Trying pattern rule with stem 'string.l'.
                      Trying implicit prerequisite 'src/string.l,v'.
                      Trying pattern rule with stem 'string.l'.
                      Trying implicit prerequisite 'src/RCS/string.l,v'.
                      Trying pattern rule with stem 'string.l'.
                      Trying implicit prerequisite 'src/RCS/string.l'.
                      Trying pattern rule with stem 'string.l'.
                      Trying implicit prerequisite 'src/s.string.l'.
                      Trying pattern rule with stem 'string.l'.
                      Trying implicit prerequisite 'src/SCCS/s.string.l'.
                     Trying pattern rule with stem 'string'.
                     Trying implicit prerequisite 'src/string.w'.
                     Looking for a rule with intermediate file 'src/string.w'.
                      Avoiding implicit rule recursion.
                      Trying pattern rule with stem 'string.w'.
                      Trying implicit prerequisite 'src/string.w,v'.
                      Trying pattern rule with stem 'string.w'.
                      Trying implicit prerequisite 'src/RCS/string.w,v'.
                      Trying pattern rule with stem 'string.w'.
                      Trying implicit prerequisite 'src/RCS/string.w'.
                      Trying pattern rule with stem 'string.w'.
                      Trying implicit prerequisite 'src/s.string.w'.
                      Trying pattern rule with stem 'string.w'.
                      Trying implicit prerequisite 'src/SCCS/s.string.w'.
                     Trying pattern rule with stem 'string'.
                     Rejecting impossible implicit prerequisite 'src/string.w'.
                     No implicit rule found for 'src/string.c'.
                     Finished prerequisites of target file 'src/string.c'.
                    No need to remake target 'src/string.c'.
                    Pruning file 'out/autoconf.h'.
                   Finished prerequisites of target file 'out/src/string.o'.
                  Must remake target 'out/src/string.o'.
Putting child 0x218bcad0 (out/src/string.o) PID 5040 on the chain.
Live child 0x218bcad0 (out/src/string.o) PID 5040 
  Compile checking out/src/string.o
Reaping winning child 0x218bcad0 PID 5040 
Live child 0x218bcad0 (out/src/string.o) PID 5041 
Reaping winning child 0x218bcad0 PID 5041 
Removing child 0x218bcad0 PID 5041 from chain.
                  Successfully remade target file 'out/src/string.o'.
                  Considering target file 'out/src/block.o'.
                   File 'out/src/block.o' does not exist.
                   Looking for an implicit rule for 'out/src/block.o'.
                   Trying pattern rule with stem 'src/block'.
                   Trying implicit prerequisite 'src/block.c'.
                   Trying rule prerequisite 'out/autoconf.h'.
                   Found an implicit rule for 'out/src/block.o'.
                    Considering target file 'src/block.c'.
                     Looking for an implicit rule for 'src/block.c'.
                     Trying pattern rule with stem 'block'.
                     Trying implicit prerequisite 'src/block.y'.
                     Trying pattern rule with stem 'block'.
                     Trying implicit prerequisite 'src/block.l'.
                     Trying pattern rule with stem 'block'.
                     Trying implicit prerequisite 'src/block.w'.
                     Trying pattern rule with stem 'block'.
                     Trying implicit prerequisite 'src/block.w'.
                     Trying pattern rule with stem 'block.c'.
                     Trying implicit prerequisite 'src/block.c,v'.
                     Trying pattern rule with stem 'block.c'.
                     Trying implicit prerequisite 'src/RCS/block.c,v'.
                     Trying pattern rule with stem 'block.c'.
                     Trying implicit prerequisite 'src/RCS/block.c'.
                     Trying pattern rule with stem 'block.c'.
                     Trying implicit prerequisite 'src/s.block.c'.
                     Trying pattern rule with stem 'block.c'.
                     Trying implicit prerequisite 'src/SCCS/s.block.c'.
                     Trying pattern rule with stem 'block'.
                     Trying implicit prerequisite 'src/block.y'.
                     Looking for a rule with intermediate file 'src/block.y'.
                      Avoiding implicit rule recursion.
                      Trying pattern rule with stem 'block.y'.
                      Trying implicit prerequisite 'src/block.y,v'.
                      Trying pattern rule with stem 'block.y'.
                      Trying implicit prerequisite 'src/RCS/block.y,v'.
                      Trying pattern rule with stem 'block.y'.
                      Trying implicit prerequisite 'src/RCS/block.y'.
                      Trying pattern rule with stem 'block.y'.
                      Trying implicit prerequisite 'src/s.block.y'.
                      Trying pattern rule with stem 'block.y'.
                      Trying implicit prerequisite 'src/SCCS/s.block.y'.
                     Trying pattern rule with stem 'block'.
                     Trying implicit prerequisite 'src/block.l'.
                     Looking for a rule with intermediate file 'src/block.l'.
                      Avoiding implicit rule recursion.
                      Trying pattern rule with stem 'block.l'.
                      Trying implicit prerequisite 'src/block.l,v'.
                      Trying pattern rule with stem 'block.l'.
                      Trying implicit prerequisite 'src/RCS/block.l,v'.
                      Trying pattern rule with stem 'block.l'.
                      Trying implicit prerequisite 'src/RCS/block.l'.
                      Trying pattern rule with stem 'block.l'.
                      Trying implicit prerequisite 'src/s.block.l'.
                      Trying pattern rule with stem 'block.l'.
                      Trying implicit prerequisite 'src/SCCS/s.block.l'.
                     Trying pattern rule with stem 'block'.
                     Trying implicit prerequisite 'src/block.w'.
                     Looking for a rule with intermediate file 'src/block.w'.
                      Avoiding implicit rule recursion.
                      Trying pattern rule with stem 'block.w'.
                      Trying implicit prerequisite 'src/block.w,v'.
                      Trying pattern rule with stem 'block.w'.
                      Trying implicit prerequisite 'src/RCS/block.w,v'.
                      Trying pattern rule with stem 'block.w'.
                      Trying implicit prerequisite 'src/RCS/block.w'.
                      Trying pattern rule with stem 'block.w'.
                      Trying implicit prerequisite 'src/s.block.w'.
                      Trying pattern rule with stem 'block.w'.
                      Trying implicit prerequisite 'src/SCCS/s.block.w'.
                     Trying pattern rule with stem 'block'.
                     Rejecting impossible implicit prerequisite 'src/block.w'.
                     No implicit rule found for 'src/block.c'.
                     Finished prerequisites of target file 'src/block.c'.
                    No need to remake target 'src/block.c'.
                    Pruning file 'out/autoconf.h'.
                   Finished prerequisites of target file 'out/src/block.o'.
                  Must remake target 'out/src/block.o'.
Putting child 0x218be310 (out/src/block.o) PID 5044 on the chain.
Live child 0x218be310 (out/src/block.o) PID 5044 
  Compile checking out/src/block.o
Reaping winning child 0x218be310 PID 5044 
Live child 0x218be310 (out/src/block.o) PID 5045 
Reaping winning child 0x218be310 PID 5045 
Removing child 0x218be310 PID 5045 from chain.
                  Successfully remade target file 'out/src/block.o'.
                  Considering target file 'out/src/cdrom.o'.
                   File 'out/src/cdrom.o' does not exist.
                   Looking for an implicit rule for 'out/src/cdrom.o'.
                   Trying pattern rule with stem 'src/cdrom'.
                   Trying implicit prerequisite 'src/cdrom.c'.
                   Trying rule prerequisite 'out/autoconf.h'.
                   Found an implicit rule for 'out/src/cdrom.o'.
                    Considering target file 'src/cdrom.c'.
                     Looking for an implicit rule for 'src/cdrom.c'.
                     Trying pattern rule with stem 'cdrom'.
                     Trying implicit prerequisite 'src/cdrom.y'.
                     Trying pattern rule with stem 'cdrom'.
                     Trying implicit prerequisite 'src/cdrom.l'.
                     Trying pattern rule with stem 'cdrom'.
                     Trying implicit prerequisite 'src/cdrom.w'.
                     Trying pattern rule with stem 'cdrom'.
                     Trying implicit prerequisite 'src/cdrom.w'.
                     Trying pattern rule with stem 'cdrom.c'.
                     Trying implicit prerequisite 'src/cdrom.c,v'.
                     Trying pattern rule with stem 'cdrom.c'.
                     Trying implicit prerequisite 'src/RCS/cdrom.c,v'.
                     Trying pattern rule with stem 'cdrom.c'.
                     Trying implicit prerequisite 'src/RCS/cdrom.c'.
                     Trying pattern rule with stem 'cdrom.c'.
                     Trying implicit prerequisite 'src/s.cdrom.c'.
                     Trying pattern rule with stem 'cdrom.c'.
                     Trying implicit prerequisite 'src/SCCS/s.cdrom.c'.
                     Trying pattern rule with stem 'cdrom'.
                     Trying implicit prerequisite 'src/cdrom.y'.
                     Looking for a rule with intermediate file 'src/cdrom.y'.
                      Avoiding implicit rule recursion.
                      Trying pattern rule with stem 'cdrom.y'.
                      Trying implicit prerequisite 'src/cdrom.y,v'.
                      Trying pattern rule with stem 'cdrom.y'.
                      Trying implicit prerequisite 'src/RCS/cdrom.y,v'.
                      Trying pattern rule with stem 'cdrom.y'.
                      Trying implicit prerequisite 'src/RCS/cdrom.y'.
                      Trying pattern rule with stem 'cdrom.y'.
                      Trying implicit prerequisite 'src/s.cdrom.y'.
                      Trying pattern rule with stem 'cdrom.y'.
                      Trying implicit prerequisite 'src/SCCS/s.cdrom.y'.
                     Trying pattern rule with stem 'cdrom'.
                     Trying implicit prerequisite 'src/cdrom.l'.
                     Looking for a rule with intermediate file 'src/cdrom.l'.
                      Avoiding implicit rule recursion.
                      Trying pattern rule with stem 'cdrom.l'.
                      Trying implicit prerequisite 'src/cdrom.l,v'.
                      Trying pattern rule with stem 'cdrom.l'.
                      Trying implicit prerequisite 'src/RCS/cdrom.l,v'.
                      Trying pattern rule with stem 'cdrom.l'.
                      Trying implicit prerequisite 'src/RCS/cdrom.l'.
                      Trying pattern rule with stem 'cdrom.l'.
                      Trying implicit prerequisite 'src/s.cdrom.l'.
                      Trying pattern rule with stem 'cdrom.l'.
                      Trying implicit prerequisite 'src/SCCS/s.cdrom.l'.
                     Trying pattern rule with stem 'cdrom'.
                     Trying implicit prerequisite 'src/cdrom.w'.
                     Looking for a rule with intermediate file 'src/cdrom.w'.
                      Avoiding implicit rule recursion.
                      Trying pattern rule with stem 'cdrom.w'.
                      Trying implicit prerequisite 'src/cdrom.w,v'.
                      Trying pattern rule with stem 'cdrom.w'.
                      Trying implicit prerequisite 'src/RCS/cdrom.w,v'.
                      Trying pattern rule with stem 'cdrom.w'.
                      Trying implicit prerequisite 'src/RCS/cdrom.w'.
                      Trying pattern rule with stem 'cdrom.w'.
                      Trying implicit prerequisite 'src/s.cdrom.w'.
                      Trying pattern rule with stem 'cdrom.w'.
                      Trying implicit prerequisite 'src/SCCS/s.cdrom.w'.
                     Trying pattern rule with stem 'cdrom'.
                     Rejecting impossible implicit prerequisite 'src/cdrom.w'.
                     No implicit rule found for 'src/cdrom.c'.
                     Finished prerequisites of target file 'src/cdrom.c'.
                    No need to remake target 'src/cdrom.c'.
                    Pruning file 'out/autoconf.h'.
                   Finished prerequisites of target file 'out/src/cdrom.o'.
                  Must remake target 'out/src/cdrom.o'.
Putting child 0x218bee50 (out/src/cdrom.o) PID 5048 on the chain.
Live child 0x218bee50 (out/src/cdrom.o) PID 5048 
  Compile checking out/src/cdrom.o
Reaping winning child 0x218bee50 PID 5048 
Live child 0x218bee50 (out/src/cdrom.o) PID 5049 
Reaping winning child 0x218bee50 PID 5049 
Removing child 0x218bee50 PID 5049 from chain.
                  Successfully remade target file 'out/src/cdrom.o'.
                  Considering target file 'out/src/disk.o'.
                   File 'out/src/disk.o' does not exist.
                   Looking for an implicit rule for 'out/src/disk.o'.
                   Trying pattern rule with stem 'src/disk'.
                   Trying implicit prerequisite 'src/disk.c'.
                   Trying rule prerequisite 'out/autoconf.h'.
                   Found an implicit rule for 'out/src/disk.o'.
                    Considering target file 'src/disk.c'.
                     Looking for an implicit rule for 'src/disk.c'.
                     Trying pattern rule with stem 'disk'.
                     Trying implicit prerequisite 'src/disk.y'.
                     Trying pattern rule with stem 'disk'.
                     Trying implicit prerequisite 'src/disk.l'.
                     Trying pattern rule with stem 'disk'.
                     Trying implicit prerequisite 'src/disk.w'.
                     Trying pattern rule with stem 'disk'.
                     Trying implicit prerequisite 'src/disk.w'.
                     Trying pattern rule with stem 'disk.c'.
                     Trying implicit prerequisite 'src/disk.c,v'.
                     Trying pattern rule with stem 'disk.c'.
                     Trying implicit prerequisite 'src/RCS/disk.c,v'.
                     Trying pattern rule with stem 'disk.c'.
                     Trying implicit prerequisite 'src/RCS/disk.c'.
                     Trying pattern rule with stem 'disk.c'.
                     Trying implicit prerequisite 'src/s.disk.c'.
                     Trying pattern rule with stem 'disk.c'.
                     Trying implicit prerequisite 'src/SCCS/s.disk.c'.
                     Trying pattern rule with stem 'disk'.
                     Trying implicit prerequisite 'src/disk.y'.
                     Looking for a rule with intermediate file 'src/disk.y'.
                      Avoiding implicit rule recursion.
                      Trying pattern rule with stem 'disk.y'.
                      Trying implicit prerequisite 'src/disk.y,v'.
                      Trying pattern rule with stem 'disk.y'.
                      Trying implicit prerequisite 'src/RCS/disk.y,v'.
                      Trying pattern rule with stem 'disk.y'.
                      Trying implicit prerequisite 'src/RCS/disk.y'.
                      Trying pattern rule with stem 'disk.y'.
                      Trying implicit prerequisite 'src/s.disk.y'.
                      Trying pattern rule with stem 'disk.y'.
                      Trying implicit prerequisite 'src/SCCS/s.disk.y'.
                     Trying pattern rule with stem 'disk'.
                     Trying implicit prerequisite 'src/disk.l'.
                     Looking for a rule with intermediate file 'src/disk.l'.
                      Avoiding implicit rule recursion.
                      Trying pattern rule with stem 'disk.l'.
                      Trying implicit prerequisite 'src/disk.l,v'.
                      Trying pattern rule with stem 'disk.l'.
                      Trying implicit prerequisite 'src/RCS/disk.l,v'.
                      Trying pattern rule with stem 'disk.l'.
                      Trying implicit prerequisite 'src/RCS/disk.l'.
                      Trying pattern rule with stem 'disk.l'.
                      Trying implicit prerequisite 'src/s.disk.l'.
                      Trying pattern rule with stem 'disk.l'.
                      Trying implicit prerequisite 'src/SCCS/s.disk.l'.
                     Trying pattern rule with stem 'disk'.
                     Trying implicit prerequisite 'src/disk.w'.
                     Looking for a rule with intermediate file 'src/disk.w'.
                      Avoiding implicit rule recursion.
                      Trying pattern rule with stem 'disk.w'.
                      Trying implicit prerequisite 'src/disk.w,v'.
                      Trying pattern rule with stem 'disk.w'.
                      Trying implicit prerequisite 'src/RCS/disk.w,v'.
                      Trying pattern rule with stem 'disk.w'.
                      Trying implicit prerequisite 'src/RCS/disk.w'.
                      Trying pattern rule with stem 'disk.w'.
                      Trying implicit prerequisite 'src/s.disk.w'.
                      Trying pattern rule with stem 'disk.w'.
                      Trying implicit prerequisite 'src/SCCS/s.disk.w'.
                     Trying pattern rule with stem 'disk'.
                     Rejecting impossible implicit prerequisite 'src/disk.w'.
                     No implicit rule found for 'src/disk.c'.
                     Finished prerequisites of target file 'src/disk.c'.
                    No need to remake target 'src/disk.c'.
                    Pruning file 'out/autoconf.h'.
                   Finished prerequisites of target file 'out/src/disk.o'.
                  Must remake target 'out/src/disk.o'.
Putting child 0x218bd500 (out/src/disk.o) PID 5052 on the chain.
Live child 0x218bd500 (out/src/disk.o) PID 5052 
  Compile checking out/src/disk.o
Reaping winning child 0x218bd500 PID 5052 
Live child 0x218bd500 (out/src/disk.o) PID 5053 
Reaping winning child 0x218bd500 PID 5053 
Removing child 0x218bd500 PID 5053 from chain.
                  Successfully remade target file 'out/src/disk.o'.
                  Considering target file 'out/src/mouse.o'.
                   File 'out/src/mouse.o' does not exist.
                   Looking for an implicit rule for 'out/src/mouse.o'.
                   Trying pattern rule with stem 'src/mouse'.
                   Trying implicit prerequisite 'src/mouse.c'.
                   Trying rule prerequisite 'out/autoconf.h'.
                   Found an implicit rule for 'out/src/mouse.o'.
                    Considering target file 'src/mouse.c'.
                     Looking for an implicit rule for 'src/mouse.c'.
                     Trying pattern rule with stem 'mouse'.
                     Trying implicit prerequisite 'src/mouse.y'.
                     Trying pattern rule with stem 'mouse'.
                     Trying implicit prerequisite 'src/mouse.l'.
                     Trying pattern rule with stem 'mouse'.
                     Trying implicit prerequisite 'src/mouse.w'.
                     Trying pattern rule with stem 'mouse'.
                     Trying implicit prerequisite 'src/mouse.w'.
                     Trying pattern rule with stem 'mouse.c'.
                     Trying implicit prerequisite 'src/mouse.c,v'.
                     Trying pattern rule with stem 'mouse.c'.
                     Trying implicit prerequisite 'src/RCS/mouse.c,v'.
                     Trying pattern rule with stem 'mouse.c'.
                     Trying implicit prerequisite 'src/RCS/mouse.c'.
                     Trying pattern rule with stem 'mouse.c'.
                     Trying implicit prerequisite 'src/s.mouse.c'.
                     Trying pattern rule with stem 'mouse.c'.
                     Trying implicit prerequisite 'src/SCCS/s.mouse.c'.
                     Trying pattern rule with stem 'mouse'.
                     Trying implicit prerequisite 'src/mouse.y'.
                     Looking for a rule with intermediate file 'src/mouse.y'.
                      Avoiding implicit rule recursion.
                      Trying pattern rule with stem 'mouse.y'.
                      Trying implicit prerequisite 'src/mouse.y,v'.
                      Trying pattern rule with stem 'mouse.y'.
                      Trying implicit prerequisite 'src/RCS/mouse.y,v'.
                      Trying pattern rule with stem 'mouse.y'.
                      Trying implicit prerequisite 'src/RCS/mouse.y'.
                      Trying pattern rule with stem 'mouse.y'.
                      Trying implicit prerequisite 'src/s.mouse.y'.
                      Trying pattern rule with stem 'mouse.y'.
                      Trying implicit prerequisite 'src/SCCS/s.mouse.y'.
                     Trying pattern rule with stem 'mouse'.
                     Trying implicit prerequisite 'src/mouse.l'.
                     Looking for a rule with intermediate file 'src/mouse.l'.
                      Avoiding implicit rule recursion.
                      Trying pattern rule with stem 'mouse.l'.
                      Trying implicit prerequisite 'src/mouse.l,v'.
                      Trying pattern rule with stem 'mouse.l'.
                      Trying implicit prerequisite 'src/RCS/mouse.l,v'.
                      Trying pattern rule with stem 'mouse.l'.
                      Trying implicit prerequisite 'src/RCS/mouse.l'.
                      Trying pattern rule with stem 'mouse.l'.
                      Trying implicit prerequisite 'src/s.mouse.l'.
                      Trying pattern rule with stem 'mouse.l'.
                      Trying implicit prerequisite 'src/SCCS/s.mouse.l'.
                     Trying pattern rule with stem 'mouse'.
                     Trying implicit prerequisite 'src/mouse.w'.
                     Looking for a rule with intermediate file 'src/mouse.w'.
                      Avoiding implicit rule recursion.
                      Trying pattern rule with stem 'mouse.w'.
                      Trying implicit prerequisite 'src/mouse.w,v'.
                      Trying pattern rule with stem 'mouse.w'.
                      Trying implicit prerequisite 'src/RCS/mouse.w,v'.
                      Trying pattern rule with stem 'mouse.w'.
                      Trying implicit prerequisite 'src/RCS/mouse.w'.
                      Trying pattern rule with stem 'mouse.w'.
                      Trying implicit prerequisite 'src/s.mouse.w'.
                      Trying pattern rule with stem 'mouse.w'.
                      Trying implicit prerequisite 'src/SCCS/s.mouse.w'.
                     Trying pattern rule with stem 'mouse'.
                     Rejecting impossible implicit prerequisite 'src/mouse.w'.
                     No implicit rule found for 'src/mouse.c'.
                     Finished prerequisites of target file 'src/mouse.c'.
                    No need to remake target 'src/mouse.c'.
                    Pruning file 'out/autoconf.h'.
                   Finished prerequisites of target file 'out/src/mouse.o'.
                  Must remake target 'out/src/mouse.o'.
Putting child 0x218c2560 (out/src/mouse.o) PID 5056 on the chain.
Live child 0x218c2560 (out/src/mouse.o) PID 5056 
  Compile checking out/src/mouse.o
Reaping winning child 0x218c2560 PID 5056 
Live child 0x218c2560 (out/src/mouse.o) PID 5057 
Reaping winning child 0x218c2560 PID 5057 
Removing child 0x218c2560 PID 5057 from chain.
                  Successfully remade target file 'out/src/mouse.o'.
                  Considering target file 'out/src/kbd.o'.
                   File 'out/src/kbd.o' does not exist.
                   Looking for an implicit rule for 'out/src/kbd.o'.
                   Trying pattern rule with stem 'src/kbd'.
                   Trying implicit prerequisite 'src/kbd.c'.
                   Trying rule prerequisite 'out/autoconf.h'.
                   Found an implicit rule for 'out/src/kbd.o'.
                    Considering target file 'src/kbd.c'.
                     Looking for an implicit rule for 'src/kbd.c'.
                     Trying pattern rule with stem 'kbd'.
                     Trying implicit prerequisite 'src/kbd.y'.
                     Trying pattern rule with stem 'kbd'.
                     Trying implicit prerequisite 'src/kbd.l'.
                     Trying pattern rule with stem 'kbd'.
                     Trying implicit prerequisite 'src/kbd.w'.
                     Trying pattern rule with stem 'kbd'.
                     Trying implicit prerequisite 'src/kbd.w'.
                     Trying pattern rule with stem 'kbd.c'.
                     Trying implicit prerequisite 'src/kbd.c,v'.
                     Trying pattern rule with stem 'kbd.c'.
                     Trying implicit prerequisite 'src/RCS/kbd.c,v'.
                     Trying pattern rule with stem 'kbd.c'.
                     Trying implicit prerequisite 'src/RCS/kbd.c'.
                     Trying pattern rule with stem 'kbd.c'.
                     Trying implicit prerequisite 'src/s.kbd.c'.
                     Trying pattern rule with stem 'kbd.c'.
                     Trying implicit prerequisite 'src/SCCS/s.kbd.c'.
                     Trying pattern rule with stem 'kbd'.
                     Trying implicit prerequisite 'src/kbd.y'.
                     Looking for a rule with intermediate file 'src/kbd.y'.
                      Avoiding implicit rule recursion.
                      Trying pattern rule with stem 'kbd.y'.
                      Trying implicit prerequisite 'src/kbd.y,v'.
                      Trying pattern rule with stem 'kbd.y'.
                      Trying implicit prerequisite 'src/RCS/kbd.y,v'.
                      Trying pattern rule with stem 'kbd.y'.
                      Trying implicit prerequisite 'src/RCS/kbd.y'.
                      Trying pattern rule with stem 'kbd.y'.
                      Trying implicit prerequisite 'src/s.kbd.y'.
                      Trying pattern rule with stem 'kbd.y'.
                      Trying implicit prerequisite 'src/SCCS/s.kbd.y'.
                     Trying pattern rule with stem 'kbd'.
                     Trying implicit prerequisite 'src/kbd.l'.
                     Looking for a rule with intermediate file 'src/kbd.l'.
                      Avoiding implicit rule recursion.
                      Trying pattern rule with stem 'kbd.l'.
                      Trying implicit prerequisite 'src/kbd.l,v'.
                      Trying pattern rule with stem 'kbd.l'.
                      Trying implicit prerequisite 'src/RCS/kbd.l,v'.
                      Trying pattern rule with stem 'kbd.l'.
                      Trying implicit prerequisite 'src/RCS/kbd.l'.
                      Trying pattern rule with stem 'kbd.l'.
                      Trying implicit prerequisite 'src/s.kbd.l'.
                      Trying pattern rule with stem 'kbd.l'.
                      Trying implicit prerequisite 'src/SCCS/s.kbd.l'.
                     Trying pattern rule with stem 'kbd'.
                     Trying implicit prerequisite 'src/kbd.w'.
                     Looking for a rule with intermediate file 'src/kbd.w'.
                      Avoiding implicit rule recursion.
                      Trying pattern rule with stem 'kbd.w'.
                      Trying implicit prerequisite 'src/kbd.w,v'.
                      Trying pattern rule with stem 'kbd.w'.
                      Trying implicit prerequisite 'src/RCS/kbd.w,v'.
                      Trying pattern rule with stem 'kbd.w'.
                      Trying implicit prerequisite 'src/RCS/kbd.w'.
                      Trying pattern rule with stem 'kbd.w'.
                      Trying implicit prerequisite 'src/s.kbd.w'.
                      Trying pattern rule with stem 'kbd.w'.
                      Trying implicit prerequisite 'src/SCCS/s.kbd.w'.
                     Trying pattern rule with stem 'kbd'.
                     Rejecting impossible implicit prerequisite 'src/kbd.w'.
                     No implicit rule found for 'src/kbd.c'.
                     Finished prerequisites of target file 'src/kbd.c'.
                    No need to remake target 'src/kbd.c'.
                    Pruning file 'out/autoconf.h'.
                   Finished prerequisites of target file 'out/src/kbd.o'.
                  Must remake target 'out/src/kbd.o'.
Putting child 0x218c1be0 (out/src/kbd.o) PID 5060 on the chain.
Live child 0x218c1be0 (out/src/kbd.o) PID 5060 
  Compile checking out/src/kbd.o
Reaping winning child 0x218c1be0 PID 5060 
Live child 0x218c1be0 (out/src/kbd.o) PID 5061 
Reaping winning child 0x218c1be0 PID 5061 
Removing child 0x218c1be0 PID 5061 from chain.
                  Successfully remade target file 'out/src/kbd.o'.
                  Considering target file 'out/src/system.o'.
                   File 'out/src/system.o' does not exist.
                   Looking for an implicit rule for 'out/src/system.o'.
                   Trying pattern rule with stem 'src/system'.
                   Trying implicit prerequisite 'src/system.c'.
                   Trying rule prerequisite 'out/autoconf.h'.
                   Found an implicit rule for 'out/src/system.o'.
                    Considering target file 'src/system.c'.
                     Looking for an implicit rule for 'src/system.c'.
                     Trying pattern rule with stem 'system'.
                     Trying implicit prerequisite 'src/system.y'.
                     Trying pattern rule with stem 'system'.
                     Trying implicit prerequisite 'src/system.l'.
                     Trying pattern rule with stem 'system'.
                     Trying implicit prerequisite 'src/system.w'.
                     Trying pattern rule with stem 'system'.
                     Trying implicit prerequisite 'src/system.w'.
                     Trying pattern rule with stem 'system.c'.
                     Trying implicit prerequisite 'src/system.c,v'.
                     Trying pattern rule with stem 'system.c'.
                     Trying implicit prerequisite 'src/RCS/system.c,v'.
                     Trying pattern rule with stem 'system.c'.
                     Trying implicit prerequisite 'src/RCS/system.c'.
                     Trying pattern rule with stem 'system.c'.
                     Trying implicit prerequisite 'src/s.system.c'.
                     Trying pattern rule with stem 'system.c'.
                     Trying implicit prerequisite 'src/SCCS/s.system.c'.
                     Trying pattern rule with stem 'system'.
                     Trying implicit prerequisite 'src/system.y'.
                     Looking for a rule with intermediate file 'src/system.y'.
                      Avoiding implicit rule recursion.
                      Trying pattern rule with stem 'system.y'.
                      Trying implicit prerequisite 'src/system.y,v'.
                      Trying pattern rule with stem 'system.y'.
                      Trying implicit prerequisite 'src/RCS/system.y,v'.
                      Trying pattern rule with stem 'system.y'.
                      Trying implicit prerequisite 'src/RCS/system.y'.
                      Trying pattern rule with stem 'system.y'.
                      Trying implicit prerequisite 'src/s.system.y'.
                      Trying pattern rule with stem 'system.y'.
                      Trying implicit prerequisite 'src/SCCS/s.system.y'.
                     Trying pattern rule with stem 'system'.
                     Trying implicit prerequisite 'src/system.l'.
                     Looking for a rule with intermediate file 'src/system.l'.
                      Avoiding implicit rule recursion.
                      Trying pattern rule with stem 'system.l'.
                      Trying implicit prerequisite 'src/system.l,v'.
                      Trying pattern rule with stem 'system.l'.
                      Trying implicit prerequisite 'src/RCS/system.l,v'.
                      Trying pattern rule with stem 'system.l'.
                      Trying implicit prerequisite 'src/RCS/system.l'.
                      Trying pattern rule with stem 'system.l'.
                      Trying implicit prerequisite 'src/s.system.l'.
                      Trying pattern rule with stem 'system.l'.
                      Trying implicit prerequisite 'src/SCCS/s.system.l'.
                     Trying pattern rule with stem 'system'.
                     Trying implicit prerequisite 'src/system.w'.
                     Looking for a rule with intermediate file 'src/system.w'.
                      Avoiding implicit rule recursion.
                      Trying pattern rule with stem 'system.w'.
                      Trying implicit prerequisite 'src/system.w,v'.
                      Trying pattern rule with stem 'system.w'.
                      Trying implicit prerequisite 'src/RCS/system.w,v'.
                      Trying pattern rule with stem 'system.w'.
                      Trying implicit prerequisite 'src/RCS/system.w'.
                      Trying pattern rule with stem 'system.w'.
                      Trying implicit prerequisite 'src/s.system.w'.
                      Trying pattern rule with stem 'system.w'.
                      Trying implicit prerequisite 'src/SCCS/s.system.w'.
                     Trying pattern rule with stem 'system'.
                     Rejecting impossible implicit prerequisite 'src/system.w'.
                     No implicit rule found for 'src/system.c'.
                     Finished prerequisites of target file 'src/system.c'.
                    No need to remake target 'src/system.c'.
                    Pruning file 'out/autoconf.h'.
                   Finished prerequisites of target file 'out/src/system.o'.
                  Must remake target 'out/src/system.o'.
Putting child 0x218c2880 (out/src/system.o) PID 5064 on the chain.
Live child 0x218c2880 (out/src/system.o) PID 5064 
  Compile checking out/src/system.o
Reaping winning child 0x218c2880 PID 5064 
Live child 0x218c2880 (out/src/system.o) PID 5065 
Reaping winning child 0x218c2880 PID 5065 
Removing child 0x218c2880 PID 5065 from chain.
                  Successfully remade target file 'out/src/system.o'.
                  Considering target file 'out/src/serial.o'.
                   File 'out/src/serial.o' does not exist.
                   Looking for an implicit rule for 'out/src/serial.o'.
                   Trying pattern rule with stem 'src/serial'.
                   Trying implicit prerequisite 'src/serial.c'.
                   Trying rule prerequisite 'out/autoconf.h'.
                   Found an implicit rule for 'out/src/serial.o'.
                    Considering target file 'src/serial.c'.
                     Looking for an implicit rule for 'src/serial.c'.
                     Trying pattern rule with stem 'serial'.
                     Trying implicit prerequisite 'src/serial.y'.
                     Trying pattern rule with stem 'serial'.
                     Trying implicit prerequisite 'src/serial.l'.
                     Trying pattern rule with stem 'serial'.
                     Trying implicit prerequisite 'src/serial.w'.
                     Trying pattern rule with stem 'serial'.
                     Trying implicit prerequisite 'src/serial.w'.
                     Trying pattern rule with stem 'serial.c'.
                     Trying implicit prerequisite 'src/serial.c,v'.
                     Trying pattern rule with stem 'serial.c'.
                     Trying implicit prerequisite 'src/RCS/serial.c,v'.
                     Trying pattern rule with stem 'serial.c'.
                     Trying implicit prerequisite 'src/RCS/serial.c'.
                     Trying pattern rule with stem 'serial.c'.
                     Trying implicit prerequisite 'src/s.serial.c'.
                     Trying pattern rule with stem 'serial.c'.
                     Trying implicit prerequisite 'src/SCCS/s.serial.c'.
                     Trying pattern rule with stem 'serial'.
                     Trying implicit prerequisite 'src/serial.y'.
                     Looking for a rule with intermediate file 'src/serial.y'.
                      Avoiding implicit rule recursion.
                      Trying pattern rule with stem 'serial.y'.
                      Trying implicit prerequisite 'src/serial.y,v'.
                      Trying pattern rule with stem 'serial.y'.
                      Trying implicit prerequisite 'src/RCS/serial.y,v'.
                      Trying pattern rule with stem 'serial.y'.
                      Trying implicit prerequisite 'src/RCS/serial.y'.
                      Trying pattern rule with stem 'serial.y'.
                      Trying implicit prerequisite 'src/s.serial.y'.
                      Trying pattern rule with stem 'serial.y'.
                      Trying implicit prerequisite 'src/SCCS/s.serial.y'.
                     Trying pattern rule with stem 'serial'.
                     Trying implicit prerequisite 'src/serial.l'.
                     Looking for a rule with intermediate file 'src/serial.l'.
                      Avoiding implicit rule recursion.
                      Trying pattern rule with stem 'serial.l'.
                      Trying implicit prerequisite 'src/serial.l,v'.
                      Trying pattern rule with stem 'serial.l'.
                      Trying implicit prerequisite 'src/RCS/serial.l,v'.
                      Trying pattern rule with stem 'serial.l'.
                      Trying implicit prerequisite 'src/RCS/serial.l'.
                      Trying pattern rule with stem 'serial.l'.
                      Trying implicit prerequisite 'src/s.serial.l'.
                      Trying pattern rule with stem 'serial.l'.
                      Trying implicit prerequisite 'src/SCCS/s.serial.l'.
                     Trying pattern rule with stem 'serial'.
                     Trying implicit prerequisite 'src/serial.w'.
                     Looking for a rule with intermediate file 'src/serial.w'.
                      Avoiding implicit rule recursion.
                      Trying pattern rule with stem 'serial.w'.
                      Trying implicit prerequisite 'src/serial.w,v'.
                      Trying pattern rule with stem 'serial.w'.
                      Trying implicit prerequisite 'src/RCS/serial.w,v'.
                      Trying pattern rule with stem 'serial.w'.
                      Trying implicit prerequisite 'src/RCS/serial.w'.
                      Trying pattern rule with stem 'serial.w'.
                      Trying implicit prerequisite 'src/s.serial.w'.
                      Trying pattern rule with stem 'serial.w'.
                      Trying implicit prerequisite 'src/SCCS/s.serial.w'.
                     Trying pattern rule with stem 'serial'.
                     Rejecting impossible implicit prerequisite 'src/serial.w'.
                     No implicit rule found for 'src/serial.c'.
                     Finished prerequisites of target file 'src/serial.c'.
                    No need to remake target 'src/serial.c'.
                    Pruning file 'out/autoconf.h'.
                   Finished prerequisites of target file 'out/src/serial.o'.
                  Must remake target 'out/src/serial.o'.
Putting child 0x218c2ed0 (out/src/serial.o) PID 5068 on the chain.
Live child 0x218c2ed0 (out/src/serial.o) PID 5068 
  Compile checking out/src/serial.o
Reaping winning child 0x218c2ed0 PID 5068 
Live child 0x218c2ed0 (out/src/serial.o) PID 5069 
Reaping winning child 0x218c2ed0 PID 5069 
Removing child 0x218c2ed0 PID 5069 from chain.
                  Successfully remade target file 'out/src/serial.o'.
                  Considering target file 'out/src/sercon.o'.
                   File 'out/src/sercon.o' does not exist.
                   Looking for an implicit rule for 'out/src/sercon.o'.
                   Trying pattern rule with stem 'src/sercon'.
                   Trying implicit prerequisite 'src/sercon.c'.
                   Trying rule prerequisite 'out/autoconf.h'.
                   Found an implicit rule for 'out/src/sercon.o'.
                    Considering target file 'src/sercon.c'.
                     Looking for an implicit rule for 'src/sercon.c'.
                     Trying pattern rule with stem 'sercon'.
                     Trying implicit prerequisite 'src/sercon.y'.
                     Trying pattern rule with stem 'sercon'.
                     Trying implicit prerequisite 'src/sercon.l'.
                     Trying pattern rule with stem 'sercon'.
                     Trying implicit prerequisite 'src/sercon.w'.
                     Trying pattern rule with stem 'sercon'.
                     Trying implicit prerequisite 'src/sercon.w'.
                     Trying pattern rule with stem 'sercon.c'.
                     Trying implicit prerequisite 'src/sercon.c,v'.
                     Trying pattern rule with stem 'sercon.c'.
                     Trying implicit prerequisite 'src/RCS/sercon.c,v'.
                     Trying pattern rule with stem 'sercon.c'.
                     Trying implicit prerequisite 'src/RCS/sercon.c'.
                     Trying pattern rule with stem 'sercon.c'.
                     Trying implicit prerequisite 'src/s.sercon.c'.
                     Trying pattern rule with stem 'sercon.c'.
                     Trying implicit prerequisite 'src/SCCS/s.sercon.c'.
                     Trying pattern rule with stem 'sercon'.
                     Trying implicit prerequisite 'src/sercon.y'.
                     Looking for a rule with intermediate file 'src/sercon.y'.
                      Avoiding implicit rule recursion.
                      Trying pattern rule with stem 'sercon.y'.
                      Trying implicit prerequisite 'src/sercon.y,v'.
                      Trying pattern rule with stem 'sercon.y'.
                      Trying implicit prerequisite 'src/RCS/sercon.y,v'.
                      Trying pattern rule with stem 'sercon.y'.
                      Trying implicit prerequisite 'src/RCS/sercon.y'.
                      Trying pattern rule with stem 'sercon.y'.
                      Trying implicit prerequisite 'src/s.sercon.y'.
                      Trying pattern rule with stem 'sercon.y'.
                      Trying implicit prerequisite 'src/SCCS/s.sercon.y'.
                     Trying pattern rule with stem 'sercon'.
                     Trying implicit prerequisite 'src/sercon.l'.
                     Looking for a rule with intermediate file 'src/sercon.l'.
                      Avoiding implicit rule recursion.
                      Trying pattern rule with stem 'sercon.l'.
                      Trying implicit prerequisite 'src/sercon.l,v'.
                      Trying pattern rule with stem 'sercon.l'.
                      Trying implicit prerequisite 'src/RCS/sercon.l,v'.
                      Trying pattern rule with stem 'sercon.l'.
                      Trying implicit prerequisite 'src/RCS/sercon.l'.
                      Trying pattern rule with stem 'sercon.l'.
                      Trying implicit prerequisite 'src/s.sercon.l'.
                      Trying pattern rule with stem 'sercon.l'.
                      Trying implicit prerequisite 'src/SCCS/s.sercon.l'.
                     Trying pattern rule with stem 'sercon'.
                     Trying implicit prerequisite 'src/sercon.w'.
                     Looking for a rule with intermediate file 'src/sercon.w'.
                      Avoiding implicit rule recursion.
                      Trying pattern rule with stem 'sercon.w'.
                      Trying implicit prerequisite 'src/sercon.w,v'.
                      Trying pattern rule with stem 'sercon.w'.
                      Trying implicit prerequisite 'src/RCS/sercon.w,v'.
                      Trying pattern rule with stem 'sercon.w'.
                      Trying implicit prerequisite 'src/RCS/sercon.w'.
                      Trying pattern rule with stem 'sercon.w'.
                      Trying implicit prerequisite 'src/s.sercon.w'.
                      Trying pattern rule with stem 'sercon.w'.
                      Trying implicit prerequisite 'src/SCCS/s.sercon.w'.
                     Trying pattern rule with stem 'sercon'.
                     Rejecting impossible implicit prerequisite 'src/sercon.w'.
                     No implicit rule found for 'src/sercon.c'.
                     Finished prerequisites of target file 'src/sercon.c'.
                    No need to remake target 'src/sercon.c'.
                    Pruning file 'out/autoconf.h'.
                   Finished prerequisites of target file 'out/src/sercon.o'.
                  Must remake target 'out/src/sercon.o'.
Putting child 0x218c3520 (out/src/sercon.o) PID 5072 on the chain.
Live child 0x218c3520 (out/src/sercon.o) PID 5072 
  Compile checking out/src/sercon.o
Reaping winning child 0x218c3520 PID 5072 
Live child 0x218c3520 (out/src/sercon.o) PID 5073 
Reaping winning child 0x218c3520 PID 5073 
Removing child 0x218c3520 PID 5073 from chain.
                  Successfully remade target file 'out/src/sercon.o'.
                  Considering target file 'out/src/clock.o'.
                   File 'out/src/clock.o' does not exist.
                   Looking for an implicit rule for 'out/src/clock.o'.
                   Trying pattern rule with stem 'src/clock'.
                   Trying implicit prerequisite 'src/clock.c'.
                   Trying rule prerequisite 'out/autoconf.h'.
                   Found an implicit rule for 'out/src/clock.o'.
                    Considering target file 'src/clock.c'.
                     Looking for an implicit rule for 'src/clock.c'.
                     Trying pattern rule with stem 'clock'.
                     Trying implicit prerequisite 'src/clock.y'.
                     Trying pattern rule with stem 'clock'.
                     Trying implicit prerequisite 'src/clock.l'.
                     Trying pattern rule with stem 'clock'.
                     Trying implicit prerequisite 'src/clock.w'.
                     Trying pattern rule with stem 'clock'.
                     Trying implicit prerequisite 'src/clock.w'.
                     Trying pattern rule with stem 'clock.c'.
                     Trying implicit prerequisite 'src/clock.c,v'.
                     Trying pattern rule with stem 'clock.c'.
                     Trying implicit prerequisite 'src/RCS/clock.c,v'.
                     Trying pattern rule with stem 'clock.c'.
                     Trying implicit prerequisite 'src/RCS/clock.c'.
                     Trying pattern rule with stem 'clock.c'.
                     Trying implicit prerequisite 'src/s.clock.c'.
                     Trying pattern rule with stem 'clock.c'.
                     Trying implicit prerequisite 'src/SCCS/s.clock.c'.
                     Trying pattern rule with stem 'clock'.
                     Trying implicit prerequisite 'src/clock.y'.
                     Looking for a rule with intermediate file 'src/clock.y'.
                      Avoiding implicit rule recursion.
                      Trying pattern rule with stem 'clock.y'.
                      Trying implicit prerequisite 'src/clock.y,v'.
                      Trying pattern rule with stem 'clock.y'.
                      Trying implicit prerequisite 'src/RCS/clock.y,v'.
                      Trying pattern rule with stem 'clock.y'.
                      Trying implicit prerequisite 'src/RCS/clock.y'.
                      Trying pattern rule with stem 'clock.y'.
                      Trying implicit prerequisite 'src/s.clock.y'.
                      Trying pattern rule with stem 'clock.y'.
                      Trying implicit prerequisite 'src/SCCS/s.clock.y'.
                     Trying pattern rule with stem 'clock'.
                     Trying implicit prerequisite 'src/clock.l'.
                     Looking for a rule with intermediate file 'src/clock.l'.
                      Avoiding implicit rule recursion.
                      Trying pattern rule with stem 'clock.l'.
                      Trying implicit prerequisite 'src/clock.l,v'.
                      Trying pattern rule with stem 'clock.l'.
                      Trying implicit prerequisite 'src/RCS/clock.l,v'.
                      Trying pattern rule with stem 'clock.l'.
                      Trying implicit prerequisite 'src/RCS/clock.l'.
                      Trying pattern rule with stem 'clock.l'.
                      Trying implicit prerequisite 'src/s.clock.l'.
                      Trying pattern rule with stem 'clock.l'.
                      Trying implicit prerequisite 'src/SCCS/s.clock.l'.
                     Trying pattern rule with stem 'clock'.
                     Trying implicit prerequisite 'src/clock.w'.
                     Looking for a rule with intermediate file 'src/clock.w'.
                      Avoiding implicit rule recursion.
                      Trying pattern rule with stem 'clock.w'.
                      Trying implicit prerequisite 'src/clock.w,v'.
                      Trying pattern rule with stem 'clock.w'.
                      Trying implicit prerequisite 'src/RCS/clock.w,v'.
                      Trying pattern rule with stem 'clock.w'.
                      Trying implicit prerequisite 'src/RCS/clock.w'.
                      Trying pattern rule with stem 'clock.w'.
                      Trying implicit prerequisite 'src/s.clock.w'.
                      Trying pattern rule with stem 'clock.w'.
                      Trying implicit prerequisite 'src/SCCS/s.clock.w'.
                     Trying pattern rule with stem 'clock'.
                     Rejecting impossible implicit prerequisite 'src/clock.w'.
                     No implicit rule found for 'src/clock.c'.
                     Finished prerequisites of target file 'src/clock.c'.
                    No need to remake target 'src/clock.c'.
                    Pruning file 'out/autoconf.h'.
                   Finished prerequisites of target file 'out/src/clock.o'.
                  Must remake target 'out/src/clock.o'.
Putting child 0x218c45d0 (out/src/clock.o) PID 5076 on the chain.
Live child 0x218c45d0 (out/src/clock.o) PID 5076 
  Compile checking out/src/clock.o
Reaping winning child 0x218c45d0 PID 5076 
Live child 0x218c45d0 (out/src/clock.o) PID 5077 
Reaping winning child 0x218c45d0 PID 5077 
Removing child 0x218c45d0 PID 5077 from chain.
                  Successfully remade target file 'out/src/clock.o'.
                  Considering target file 'out/src/resume.o'.
                   File 'out/src/resume.o' does not exist.
                   Looking for an implicit rule for 'out/src/resume.o'.
                   Trying pattern rule with stem 'src/resume'.
                   Trying implicit prerequisite 'src/resume.c'.
                   Trying rule prerequisite 'out/autoconf.h'.
                   Found an implicit rule for 'out/src/resume.o'.
                    Considering target file 'src/resume.c'.
                     Looking for an implicit rule for 'src/resume.c'.
                     Trying pattern rule with stem 'resume'.
                     Trying implicit prerequisite 'src/resume.y'.
                     Trying pattern rule with stem 'resume'.
                     Trying implicit prerequisite 'src/resume.l'.
                     Trying pattern rule with stem 'resume'.
                     Trying implicit prerequisite 'src/resume.w'.
                     Trying pattern rule with stem 'resume'.
                     Trying implicit prerequisite 'src/resume.w'.
                     Trying pattern rule with stem 'resume.c'.
                     Trying implicit prerequisite 'src/resume.c,v'.
                     Trying pattern rule with stem 'resume.c'.
                     Trying implicit prerequisite 'src/RCS/resume.c,v'.
                     Trying pattern rule with stem 'resume.c'.
                     Trying implicit prerequisite 'src/RCS/resume.c'.
                     Trying pattern rule with stem 'resume.c'.
                     Trying implicit prerequisite 'src/s.resume.c'.
                     Trying pattern rule with stem 'resume.c'.
                     Trying implicit prerequisite 'src/SCCS/s.resume.c'.
                     Trying pattern rule with stem 'resume'.
                     Trying implicit prerequisite 'src/resume.y'.
                     Looking for a rule with intermediate file 'src/resume.y'.
                      Avoiding implicit rule recursion.
                      Trying pattern rule with stem 'resume.y'.
                      Trying implicit prerequisite 'src/resume.y,v'.
                      Trying pattern rule with stem 'resume.y'.
                      Trying implicit prerequisite 'src/RCS/resume.y,v'.
                      Trying pattern rule with stem 'resume.y'.
                      Trying implicit prerequisite 'src/RCS/resume.y'.
                      Trying pattern rule with stem 'resume.y'.
                      Trying implicit prerequisite 'src/s.resume.y'.
                      Trying pattern rule with stem 'resume.y'.
                      Trying implicit prerequisite 'src/SCCS/s.resume.y'.
                     Trying pattern rule with stem 'resume'.
                     Trying implicit prerequisite 'src/resume.l'.
                     Looking for a rule with intermediate file 'src/resume.l'.
                      Avoiding implicit rule recursion.
                      Trying pattern rule with stem 'resume.l'.
                      Trying implicit prerequisite 'src/resume.l,v'.
                      Trying pattern rule with stem 'resume.l'.
                      Trying implicit prerequisite 'src/RCS/resume.l,v'.
                      Trying pattern rule with stem 'resume.l'.
                      Trying implicit prerequisite 'src/RCS/resume.l'.
                      Trying pattern rule with stem 'resume.l'.
                      Trying implicit prerequisite 'src/s.resume.l'.
                      Trying pattern rule with stem 'resume.l'.
                      Trying implicit prerequisite 'src/SCCS/s.resume.l'.
                     Trying pattern rule with stem 'resume'.
                     Trying implicit prerequisite 'src/resume.w'.
                     Looking for a rule with intermediate file 'src/resume.w'.
                      Avoiding implicit rule recursion.
                      Trying pattern rule with stem 'resume.w'.
                      Trying implicit prerequisite 'src/resume.w,v'.
                      Trying pattern rule with stem 'resume.w'.
                      Trying implicit prerequisite 'src/RCS/resume.w,v'.
                      Trying pattern rule with stem 'resume.w'.
                      Trying implicit prerequisite 'src/RCS/resume.w'.
                      Trying pattern rule with stem 'resume.w'.
                      Trying implicit prerequisite 'src/s.resume.w'.
                      Trying pattern rule with stem 'resume.w'.
                      Trying implicit prerequisite 'src/SCCS/s.resume.w'.
                     Trying pattern rule with stem 'resume'.
                     Rejecting impossible implicit prerequisite 'src/resume.w'.
                     No implicit rule found for 'src/resume.c'.
                     Finished prerequisites of target file 'src/resume.c'.
                    No need to remake target 'src/resume.c'.
                    Pruning file 'out/autoconf.h'.
                   Finished prerequisites of target file 'out/src/resume.o'.
                  Must remake target 'out/src/resume.o'.
Putting child 0x218c3c40 (out/src/resume.o) PID 5080 on the chain.
Live child 0x218c3c40 (out/src/resume.o) PID 5080 
  Compile checking out/src/resume.o
Reaping winning child 0x218c3c40 PID 5080 
Live child 0x218c3c40 (out/src/resume.o) PID 5081 
Reaping winning child 0x218c3c40 PID 5081 
Removing child 0x218c3c40 PID 5081 from chain.
                  Successfully remade target file 'out/src/resume.o'.
                  Considering target file 'out/src/pnpbios.o'.
                   File 'out/src/pnpbios.o' does not exist.
                   Looking for an implicit rule for 'out/src/pnpbios.o'.
                   Trying pattern rule with stem 'src/pnpbios'.
                   Trying implicit prerequisite 'src/pnpbios.c'.
                   Trying rule prerequisite 'out/autoconf.h'.
                   Found an implicit rule for 'out/src/pnpbios.o'.
                    Considering target file 'src/pnpbios.c'.
                     Looking for an implicit rule for 'src/pnpbios.c'.
                     Trying pattern rule with stem 'pnpbios'.
                     Trying implicit prerequisite 'src/pnpbios.y'.
                     Trying pattern rule with stem 'pnpbios'.
                     Trying implicit prerequisite 'src/pnpbios.l'.
                     Trying pattern rule with stem 'pnpbios'.
                     Trying implicit prerequisite 'src/pnpbios.w'.
                     Trying pattern rule with stem 'pnpbios'.
                     Trying implicit prerequisite 'src/pnpbios.w'.
                     Trying pattern rule with stem 'pnpbios.c'.
                     Trying implicit prerequisite 'src/pnpbios.c,v'.
                     Trying pattern rule with stem 'pnpbios.c'.
                     Trying implicit prerequisite 'src/RCS/pnpbios.c,v'.
                     Trying pattern rule with stem 'pnpbios.c'.
                     Trying implicit prerequisite 'src/RCS/pnpbios.c'.
                     Trying pattern rule with stem 'pnpbios.c'.
                     Trying implicit prerequisite 'src/s.pnpbios.c'.
                     Trying pattern rule with stem 'pnpbios.c'.
                     Trying implicit prerequisite 'src/SCCS/s.pnpbios.c'.
                     Trying pattern rule with stem 'pnpbios'.
                     Trying implicit prerequisite 'src/pnpbios.y'.
                     Looking for a rule with intermediate file 'src/pnpbios.y'.
                      Avoiding implicit rule recursion.
                      Trying pattern rule with stem 'pnpbios.y'.
                      Trying implicit prerequisite 'src/pnpbios.y,v'.
                      Trying pattern rule with stem 'pnpbios.y'.
                      Trying implicit prerequisite 'src/RCS/pnpbios.y,v'.
                      Trying pattern rule with stem 'pnpbios.y'.
                      Trying implicit prerequisite 'src/RCS/pnpbios.y'.
                      Trying pattern rule with stem 'pnpbios.y'.
                      Trying implicit prerequisite 'src/s.pnpbios.y'.
                      Trying pattern rule with stem 'pnpbios.y'.
                      Trying implicit prerequisite 'src/SCCS/s.pnpbios.y'.
                     Trying pattern rule with stem 'pnpbios'.
                     Trying implicit prerequisite 'src/pnpbios.l'.
                     Looking for a rule with intermediate file 'src/pnpbios.l'.
                      Avoiding implicit rule recursion.
                      Trying pattern rule with stem 'pnpbios.l'.
                      Trying implicit prerequisite 'src/pnpbios.l,v'.
                      Trying pattern rule with stem 'pnpbios.l'.
                      Trying implicit prerequisite 'src/RCS/pnpbios.l,v'.
                      Trying pattern rule with stem 'pnpbios.l'.
                      Trying implicit prerequisite 'src/RCS/pnpbios.l'.
                      Trying pattern rule with stem 'pnpbios.l'.
                      Trying implicit prerequisite 'src/s.pnpbios.l'.
                      Trying pattern rule with stem 'pnpbios.l'.
                      Trying implicit prerequisite 'src/SCCS/s.pnpbios.l'.
                     Trying pattern rule with stem 'pnpbios'.
                     Trying implicit prerequisite 'src/pnpbios.w'.
                     Looking for a rule with intermediate file 'src/pnpbios.w'.
                      Avoiding implicit rule recursion.
                      Trying pattern rule with stem 'pnpbios.w'.
                      Trying implicit prerequisite 'src/pnpbios.w,v'.
                      Trying pattern rule with stem 'pnpbios.w'.
                      Trying implicit prerequisite 'src/RCS/pnpbios.w,v'.
                      Trying pattern rule with stem 'pnpbios.w'.
                      Trying implicit prerequisite 'src/RCS/pnpbios.w'.
                      Trying pattern rule with stem 'pnpbios.w'.
                      Trying implicit prerequisite 'src/s.pnpbios.w'.
                      Trying pattern rule with stem 'pnpbios.w'.
                      Trying implicit prerequisite 'src/SCCS/s.pnpbios.w'.
                     Trying pattern rule with stem 'pnpbios'.
                     Rejecting impossible implicit prerequisite 'src/pnpbios.w'.
                     No implicit rule found for 'src/pnpbios.c'.
                     Finished prerequisites of target file 'src/pnpbios.c'.
                    No need to remake target 'src/pnpbios.c'.
                    Pruning file 'out/autoconf.h'.
                   Finished prerequisites of target file 'out/src/pnpbios.o'.
                  Must remake target 'out/src/pnpbios.o'.
Putting child 0x218c5020 (out/src/pnpbios.o) PID 5084 on the chain.
Live child 0x218c5020 (out/src/pnpbios.o) PID 5084 
  Compile checking out/src/pnpbios.o
Reaping winning child 0x218c5020 PID 5084 
Live child 0x218c5020 (out/src/pnpbios.o) PID 5085 
Reaping winning child 0x218c5020 PID 5085 
Removing child 0x218c5020 PID 5085 from chain.
                  Successfully remade target file 'out/src/pnpbios.o'.
                  Considering target file 'out/src/vgahooks.o'.
                   File 'out/src/vgahooks.o' does not exist.
                   Looking for an implicit rule for 'out/src/vgahooks.o'.
                   Trying pattern rule with stem 'src/vgahooks'.
                   Trying implicit prerequisite 'src/vgahooks.c'.
                   Trying rule prerequisite 'out/autoconf.h'.
                   Found an implicit rule for 'out/src/vgahooks.o'.
                    Considering target file 'src/vgahooks.c'.
                     Looking for an implicit rule for 'src/vgahooks.c'.
                     Trying pattern rule with stem 'vgahooks'.
                     Trying implicit prerequisite 'src/vgahooks.y'.
                     Trying pattern rule with stem 'vgahooks'.
                     Trying implicit prerequisite 'src/vgahooks.l'.
                     Trying pattern rule with stem 'vgahooks'.
                     Trying implicit prerequisite 'src/vgahooks.w'.
                     Trying pattern rule with stem 'vgahooks'.
                     Trying implicit prerequisite 'src/vgahooks.w'.
                     Trying pattern rule with stem 'vgahooks.c'.
                     Trying implicit prerequisite 'src/vgahooks.c,v'.
                     Trying pattern rule with stem 'vgahooks.c'.
                     Trying implicit prerequisite 'src/RCS/vgahooks.c,v'.
                     Trying pattern rule with stem 'vgahooks.c'.
                     Trying implicit prerequisite 'src/RCS/vgahooks.c'.
                     Trying pattern rule with stem 'vgahooks.c'.
                     Trying implicit prerequisite 'src/s.vgahooks.c'.
                     Trying pattern rule with stem 'vgahooks.c'.
                     Trying implicit prerequisite 'src/SCCS/s.vgahooks.c'.
                     Trying pattern rule with stem 'vgahooks'.
                     Trying implicit prerequisite 'src/vgahooks.y'.
                     Looking for a rule with intermediate file 'src/vgahooks.y'.
                      Avoiding implicit rule recursion.
                      Trying pattern rule with stem 'vgahooks.y'.
                      Trying implicit prerequisite 'src/vgahooks.y,v'.
                      Trying pattern rule with stem 'vgahooks.y'.
                      Trying implicit prerequisite 'src/RCS/vgahooks.y,v'.
                      Trying pattern rule with stem 'vgahooks.y'.
                      Trying implicit prerequisite 'src/RCS/vgahooks.y'.
                      Trying pattern rule with stem 'vgahooks.y'.
                      Trying implicit prerequisite 'src/s.vgahooks.y'.
                      Trying pattern rule with stem 'vgahooks.y'.
                      Trying implicit prerequisite 'src/SCCS/s.vgahooks.y'.
                     Trying pattern rule with stem 'vgahooks'.
                     Trying implicit prerequisite 'src/vgahooks.l'.
                     Looking for a rule with intermediate file 'src/vgahooks.l'.
                      Avoiding implicit rule recursion.
                      Trying pattern rule with stem 'vgahooks.l'.
                      Trying implicit prerequisite 'src/vgahooks.l,v'.
                      Trying pattern rule with stem 'vgahooks.l'.
                      Trying implicit prerequisite 'src/RCS/vgahooks.l,v'.
                      Trying pattern rule with stem 'vgahooks.l'.
                      Trying implicit prerequisite 'src/RCS/vgahooks.l'.
                      Trying pattern rule with stem 'vgahooks.l'.
                      Trying implicit prerequisite 'src/s.vgahooks.l'.
                      Trying pattern rule with stem 'vgahooks.l'.
                      Trying implicit prerequisite 'src/SCCS/s.vgahooks.l'.
                     Trying pattern rule with stem 'vgahooks'.
                     Trying implicit prerequisite 'src/vgahooks.w'.
                     Looking for a rule with intermediate file 'src/vgahooks.w'.
                      Avoiding implicit rule recursion.
                      Trying pattern rule with stem 'vgahooks.w'.
                      Trying implicit prerequisite 'src/vgahooks.w,v'.
                      Trying pattern rule with stem 'vgahooks.w'.
                      Trying implicit prerequisite 'src/RCS/vgahooks.w,v'.
                      Trying pattern rule with stem 'vgahooks.w'.
                      Trying implicit prerequisite 'src/RCS/vgahooks.w'.
                      Trying pattern rule with stem 'vgahooks.w'.
                      Trying implicit prerequisite 'src/s.vgahooks.w'.
                      Trying pattern rule with stem 'vgahooks.w'.
                      Trying implicit prerequisite 'src/SCCS/s.vgahooks.w'.
                     Trying pattern rule with stem 'vgahooks'.
                     Rejecting impossible implicit prerequisite 'src/vgahooks.w'.
                     No implicit rule found for 'src/vgahooks.c'.
                     Finished prerequisites of target file 'src/vgahooks.c'.
                    No need to remake target 'src/vgahooks.c'.
                    Pruning file 'out/autoconf.h'.
                   Finished prerequisites of target file 'out/src/vgahooks.o'.
                  Must remake target 'out/src/vgahooks.o'.
Putting child 0x218c48d0 (out/src/vgahooks.o) PID 5088 on the chain.
Live child 0x218c48d0 (out/src/vgahooks.o) PID 5088 
  Compile checking out/src/vgahooks.o
Reaping winning child 0x218c48d0 PID 5088 
Live child 0x218c48d0 (out/src/vgahooks.o) PID 5089 
Reaping winning child 0x218c48d0 PID 5089 
Removing child 0x218c48d0 PID 5089 from chain.
                  Successfully remade target file 'out/src/vgahooks.o'.
                  Considering target file 'out/src/pcibios.o'.
                   File 'out/src/pcibios.o' does not exist.
                   Looking for an implicit rule for 'out/src/pcibios.o'.
                   Trying pattern rule with stem 'src/pcibios'.
                   Trying implicit prerequisite 'src/pcibios.c'.
                   Trying rule prerequisite 'out/autoconf.h'.
                   Found an implicit rule for 'out/src/pcibios.o'.
                    Considering target file 'src/pcibios.c'.
                     Looking for an implicit rule for 'src/pcibios.c'.
                     Trying pattern rule with stem 'pcibios'.
                     Trying implicit prerequisite 'src/pcibios.y'.
                     Trying pattern rule with stem 'pcibios'.
                     Trying implicit prerequisite 'src/pcibios.l'.
                     Trying pattern rule with stem 'pcibios'.
                     Trying implicit prerequisite 'src/pcibios.w'.
                     Trying pattern rule with stem 'pcibios'.
                     Trying implicit prerequisite 'src/pcibios.w'.
                     Trying pattern rule with stem 'pcibios.c'.
                     Trying implicit prerequisite 'src/pcibios.c,v'.
                     Trying pattern rule with stem 'pcibios.c'.
                     Trying implicit prerequisite 'src/RCS/pcibios.c,v'.
                     Trying pattern rule with stem 'pcibios.c'.
                     Trying implicit prerequisite 'src/RCS/pcibios.c'.
                     Trying pattern rule with stem 'pcibios.c'.
                     Trying implicit prerequisite 'src/s.pcibios.c'.
                     Trying pattern rule with stem 'pcibios.c'.
                     Trying implicit prerequisite 'src/SCCS/s.pcibios.c'.
                     Trying pattern rule with stem 'pcibios'.
                     Trying implicit prerequisite 'src/pcibios.y'.
                     Looking for a rule with intermediate file 'src/pcibios.y'.
                      Avoiding implicit rule recursion.
                      Trying pattern rule with stem 'pcibios.y'.
                      Trying implicit prerequisite 'src/pcibios.y,v'.
                      Trying pattern rule with stem 'pcibios.y'.
                      Trying implicit prerequisite 'src/RCS/pcibios.y,v'.
                      Trying pattern rule with stem 'pcibios.y'.
                      Trying implicit prerequisite 'src/RCS/pcibios.y'.
                      Trying pattern rule with stem 'pcibios.y'.
                      Trying implicit prerequisite 'src/s.pcibios.y'.
                      Trying pattern rule with stem 'pcibios.y'.
                      Trying implicit prerequisite 'src/SCCS/s.pcibios.y'.
                     Trying pattern rule with stem 'pcibios'.
                     Trying implicit prerequisite 'src/pcibios.l'.
                     Looking for a rule with intermediate file 'src/pcibios.l'.
                      Avoiding implicit rule recursion.
                      Trying pattern rule with stem 'pcibios.l'.
                      Trying implicit prerequisite 'src/pcibios.l,v'.
                      Trying pattern rule with stem 'pcibios.l'.
                      Trying implicit prerequisite 'src/RCS/pcibios.l,v'.
                      Trying pattern rule with stem 'pcibios.l'.
                      Trying implicit prerequisite 'src/RCS/pcibios.l'.
                      Trying pattern rule with stem 'pcibios.l'.
                      Trying implicit prerequisite 'src/s.pcibios.l'.
                      Trying pattern rule with stem 'pcibios.l'.
                      Trying implicit prerequisite 'src/SCCS/s.pcibios.l'.
                     Trying pattern rule with stem 'pcibios'.
                     Trying implicit prerequisite 'src/pcibios.w'.
                     Looking for a rule with intermediate file 'src/pcibios.w'.
                      Avoiding implicit rule recursion.
                      Trying pattern rule with stem 'pcibios.w'.
                      Trying implicit prerequisite 'src/pcibios.w,v'.
                      Trying pattern rule with stem 'pcibios.w'.
                      Trying implicit prerequisite 'src/RCS/pcibios.w,v'.
                      Trying pattern rule with stem 'pcibios.w'.
                      Trying implicit prerequisite 'src/RCS/pcibios.w'.
                      Trying pattern rule with stem 'pcibios.w'.
                      Trying implicit prerequisite 'src/s.pcibios.w'.
                      Trying pattern rule with stem 'pcibios.w'.
                      Trying implicit prerequisite 'src/SCCS/s.pcibios.w'.
                     Trying pattern rule with stem 'pcibios'.
                     Rejecting impossible implicit prerequisite 'src/pcibios.w'.
                     No implicit rule found for 'src/pcibios.c'.
                     Finished prerequisites of target file 'src/pcibios.c'.
                    No need to remake target 'src/pcibios.c'.
                    Pruning file 'out/autoconf.h'.
                   Finished prerequisites of target file 'out/src/pcibios.o'.
                  Must remake target 'out/src/pcibios.o'.
Putting child 0x218c66c0 (out/src/pcibios.o) PID 5092 on the chain.
Live child 0x218c66c0 (out/src/pcibios.o) PID 5092 
  Compile checking out/src/pcibios.o
Reaping winning child 0x218c66c0 PID 5092 
Live child 0x218c66c0 (out/src/pcibios.o) PID 5093 
Reaping winning child 0x218c66c0 PID 5093 
Removing child 0x218c66c0 PID 5093 from chain.
                  Successfully remade target file 'out/src/pcibios.o'.
                  Considering target file 'out/src/apm.o'.
                   File 'out/src/apm.o' does not exist.
                   Looking for an implicit rule for 'out/src/apm.o'.
                   Trying pattern rule with stem 'src/apm'.
                   Trying implicit prerequisite 'src/apm.c'.
                   Trying rule prerequisite 'out/autoconf.h'.
                   Found an implicit rule for 'out/src/apm.o'.
                    Considering target file 'src/apm.c'.
                     Looking for an implicit rule for 'src/apm.c'.
                     Trying pattern rule with stem 'apm'.
                     Trying implicit prerequisite 'src/apm.y'.
                     Trying pattern rule with stem 'apm'.
                     Trying implicit prerequisite 'src/apm.l'.
                     Trying pattern rule with stem 'apm'.
                     Trying implicit prerequisite 'src/apm.w'.
                     Trying pattern rule with stem 'apm'.
                     Trying implicit prerequisite 'src/apm.w'.
                     Trying pattern rule with stem 'apm.c'.
                     Trying implicit prerequisite 'src/apm.c,v'.
                     Trying pattern rule with stem 'apm.c'.
                     Trying implicit prerequisite 'src/RCS/apm.c,v'.
                     Trying pattern rule with stem 'apm.c'.
                     Trying implicit prerequisite 'src/RCS/apm.c'.
                     Trying pattern rule with stem 'apm.c'.
                     Trying implicit prerequisite 'src/s.apm.c'.
                     Trying pattern rule with stem 'apm.c'.
                     Trying implicit prerequisite 'src/SCCS/s.apm.c'.
                     Trying pattern rule with stem 'apm'.
                     Trying implicit prerequisite 'src/apm.y'.
                     Looking for a rule with intermediate file 'src/apm.y'.
                      Avoiding implicit rule recursion.
                      Trying pattern rule with stem 'apm.y'.
                      Trying implicit prerequisite 'src/apm.y,v'.
                      Trying pattern rule with stem 'apm.y'.
                      Trying implicit prerequisite 'src/RCS/apm.y,v'.
                      Trying pattern rule with stem 'apm.y'.
                      Trying implicit prerequisite 'src/RCS/apm.y'.
                      Trying pattern rule with stem 'apm.y'.
                      Trying implicit prerequisite 'src/s.apm.y'.
                      Trying pattern rule with stem 'apm.y'.
                      Trying implicit prerequisite 'src/SCCS/s.apm.y'.
                     Trying pattern rule with stem 'apm'.
                     Trying implicit prerequisite 'src/apm.l'.
                     Looking for a rule with intermediate file 'src/apm.l'.
                      Avoiding implicit rule recursion.
                      Trying pattern rule with stem 'apm.l'.
                      Trying implicit prerequisite 'src/apm.l,v'.
                      Trying pattern rule with stem 'apm.l'.
                      Trying implicit prerequisite 'src/RCS/apm.l,v'.
                      Trying pattern rule with stem 'apm.l'.
                      Trying implicit prerequisite 'src/RCS/apm.l'.
                      Trying pattern rule with stem 'apm.l'.
                      Trying implicit prerequisite 'src/s.apm.l'.
                      Trying pattern rule with stem 'apm.l'.
                      Trying implicit prerequisite 'src/SCCS/s.apm.l'.
                     Trying pattern rule with stem 'apm'.
                     Trying implicit prerequisite 'src/apm.w'.
                     Looking for a rule with intermediate file 'src/apm.w'.
                      Avoiding implicit rule recursion.
                      Trying pattern rule with stem 'apm.w'.
                      Trying implicit prerequisite 'src/apm.w,v'.
                      Trying pattern rule with stem 'apm.w'.
                      Trying implicit prerequisite 'src/RCS/apm.w,v'.
                      Trying pattern rule with stem 'apm.w'.
                      Trying implicit prerequisite 'src/RCS/apm.w'.
                      Trying pattern rule with stem 'apm.w'.
                      Trying implicit prerequisite 'src/s.apm.w'.
                      Trying pattern rule with stem 'apm.w'.
                      Trying implicit prerequisite 'src/SCCS/s.apm.w'.
                     Trying pattern rule with stem 'apm'.
                     Rejecting impossible implicit prerequisite 'src/apm.w'.
                     No implicit rule found for 'src/apm.c'.
                     Finished prerequisites of target file 'src/apm.c'.
                    No need to remake target 'src/apm.c'.
                    Pruning file 'out/autoconf.h'.
                   Finished prerequisites of target file 'out/src/apm.o'.
                  Must remake target 'out/src/apm.o'.
Putting child 0x218c69e0 (out/src/apm.o) PID 5096 on the chain.
Live child 0x218c69e0 (out/src/apm.o) PID 5096 
  Compile checking out/src/apm.o
Reaping winning child 0x218c69e0 PID 5096 
Live child 0x218c69e0 (out/src/apm.o) PID 5097 
Reaping winning child 0x218c69e0 PID 5097 
Removing child 0x218c69e0 PID 5097 from chain.
                  Successfully remade target file 'out/src/apm.o'.
                  Considering target file 'out/src/cp437.o'.
                   File 'out/src/cp437.o' does not exist.
                   Looking for an implicit rule for 'out/src/cp437.o'.
                   Trying pattern rule with stem 'src/cp437'.
                   Trying implicit prerequisite 'src/cp437.c'.
                   Trying rule prerequisite 'out/autoconf.h'.
                   Found an implicit rule for 'out/src/cp437.o'.
                    Considering target file 'src/cp437.c'.
                     Looking for an implicit rule for 'src/cp437.c'.
                     Trying pattern rule with stem 'cp437'.
                     Trying implicit prerequisite 'src/cp437.y'.
                     Trying pattern rule with stem 'cp437'.
                     Trying implicit prerequisite 'src/cp437.l'.
                     Trying pattern rule with stem 'cp437'.
                     Trying implicit prerequisite 'src/cp437.w'.
                     Trying pattern rule with stem 'cp437'.
                     Trying implicit prerequisite 'src/cp437.w'.
                     Trying pattern rule with stem 'cp437.c'.
                     Trying implicit prerequisite 'src/cp437.c,v'.
                     Trying pattern rule with stem 'cp437.c'.
                     Trying implicit prerequisite 'src/RCS/cp437.c,v'.
                     Trying pattern rule with stem 'cp437.c'.
                     Trying implicit prerequisite 'src/RCS/cp437.c'.
                     Trying pattern rule with stem 'cp437.c'.
                     Trying implicit prerequisite 'src/s.cp437.c'.
                     Trying pattern rule with stem 'cp437.c'.
                     Trying implicit prerequisite 'src/SCCS/s.cp437.c'.
                     Trying pattern rule with stem 'cp437'.
                     Trying implicit prerequisite 'src/cp437.y'.
                     Looking for a rule with intermediate file 'src/cp437.y'.
                      Avoiding implicit rule recursion.
                      Trying pattern rule with stem 'cp437.y'.
                      Trying implicit prerequisite 'src/cp437.y,v'.
                      Trying pattern rule with stem 'cp437.y'.
                      Trying implicit prerequisite 'src/RCS/cp437.y,v'.
                      Trying pattern rule with stem 'cp437.y'.
                      Trying implicit prerequisite 'src/RCS/cp437.y'.
                      Trying pattern rule with stem 'cp437.y'.
                      Trying implicit prerequisite 'src/s.cp437.y'.
                      Trying pattern rule with stem 'cp437.y'.
                      Trying implicit prerequisite 'src/SCCS/s.cp437.y'.
                     Trying pattern rule with stem 'cp437'.
                     Trying implicit prerequisite 'src/cp437.l'.
                     Looking for a rule with intermediate file 'src/cp437.l'.
                      Avoiding implicit rule recursion.
                      Trying pattern rule with stem 'cp437.l'.
                      Trying implicit prerequisite 'src/cp437.l,v'.
                      Trying pattern rule with stem 'cp437.l'.
                      Trying implicit prerequisite 'src/RCS/cp437.l,v'.
                      Trying pattern rule with stem 'cp437.l'.
                      Trying implicit prerequisite 'src/RCS/cp437.l'.
                      Trying pattern rule with stem 'cp437.l'.
                      Trying implicit prerequisite 'src/s.cp437.l'.
                      Trying pattern rule with stem 'cp437.l'.
                      Trying implicit prerequisite 'src/SCCS/s.cp437.l'.
                     Trying pattern rule with stem 'cp437'.
                     Trying implicit prerequisite 'src/cp437.w'.
                     Looking for a rule with intermediate file 'src/cp437.w'.
                      Avoiding implicit rule recursion.
                      Trying pattern rule with stem 'cp437.w'.
                      Trying implicit prerequisite 'src/cp437.w,v'.
                      Trying pattern rule with stem 'cp437.w'.
                      Trying implicit prerequisite 'src/RCS/cp437.w,v'.
                      Trying pattern rule with stem 'cp437.w'.
                      Trying implicit prerequisite 'src/RCS/cp437.w'.
                      Trying pattern rule with stem 'cp437.w'.
                      Trying implicit prerequisite 'src/s.cp437.w'.
                      Trying pattern rule with stem 'cp437.w'.
                      Trying implicit prerequisite 'src/SCCS/s.cp437.w'.
                     Trying pattern rule with stem 'cp437'.
                     Rejecting impossible implicit prerequisite 'src/cp437.w'.
                     No implicit rule found for 'src/cp437.c'.
                     Finished prerequisites of target file 'src/cp437.c'.
                    No need to remake target 'src/cp437.c'.
                    Pruning file 'out/autoconf.h'.
                   Finished prerequisites of target file 'out/src/cp437.o'.
                  Must remake target 'out/src/cp437.o'.
Putting child 0x218c7030 (out/src/cp437.o) PID 5100 on the chain.
Live child 0x218c7030 (out/src/cp437.o) PID 5100 
  Compile checking out/src/cp437.o
Reaping winning child 0x218c7030 PID 5100 
Live child 0x218c7030 (out/src/cp437.o) PID 5101 
Reaping winning child 0x218c7030 PID 5101 
Removing child 0x218c7030 PID 5101 from chain.
                  Successfully remade target file 'out/src/cp437.o'.
                  Considering target file 'out/src/hw/pci.o'.
                   File 'out/src/hw/pci.o' does not exist.
                   Looking for an implicit rule for 'out/src/hw/pci.o'.
                   Trying pattern rule with stem 'src/hw/pci'.
                   Trying implicit prerequisite 'src/hw/pci.c'.
                   Trying rule prerequisite 'out/autoconf.h'.
                   Found an implicit rule for 'out/src/hw/pci.o'.
                    Considering target file 'src/hw/pci.c'.
                     Looking for an implicit rule for 'src/hw/pci.c'.
                     Trying pattern rule with stem 'pci'.
                     Trying implicit prerequisite 'src/hw/pci.y'.
                     Trying pattern rule with stem 'pci'.
                     Trying implicit prerequisite 'src/hw/pci.l'.
                     Trying pattern rule with stem 'pci'.
                     Trying implicit prerequisite 'src/hw/pci.w'.
                     Trying pattern rule with stem 'pci'.
                     Trying implicit prerequisite 'src/hw/pci.w'.
                     Trying pattern rule with stem 'pci.c'.
                     Trying implicit prerequisite 'src/hw/pci.c,v'.
                     Trying pattern rule with stem 'pci.c'.
                     Trying implicit prerequisite 'src/hw/RCS/pci.c,v'.
                     Trying pattern rule with stem 'pci.c'.
                     Trying implicit prerequisite 'src/hw/RCS/pci.c'.
                     Trying pattern rule with stem 'pci.c'.
                     Trying implicit prerequisite 'src/hw/s.pci.c'.
                     Trying pattern rule with stem 'pci.c'.
                     Trying implicit prerequisite 'src/hw/SCCS/s.pci.c'.
                     Trying pattern rule with stem 'pci'.
                     Trying implicit prerequisite 'src/hw/pci.y'.
                     Looking for a rule with intermediate file 'src/hw/pci.y'.
                      Avoiding implicit rule recursion.
                      Trying pattern rule with stem 'pci.y'.
                      Trying implicit prerequisite 'src/hw/pci.y,v'.
                      Trying pattern rule with stem 'pci.y'.
                      Trying implicit prerequisite 'src/hw/RCS/pci.y,v'.
                      Trying pattern rule with stem 'pci.y'.
                      Trying implicit prerequisite 'src/hw/RCS/pci.y'.
                      Trying pattern rule with stem 'pci.y'.
                      Trying implicit prerequisite 'src/hw/s.pci.y'.
                      Trying pattern rule with stem 'pci.y'.
                      Trying implicit prerequisite 'src/hw/SCCS/s.pci.y'.
                     Trying pattern rule with stem 'pci'.
                     Trying implicit prerequisite 'src/hw/pci.l'.
                     Looking for a rule with intermediate file 'src/hw/pci.l'.
                      Avoiding implicit rule recursion.
                      Trying pattern rule with stem 'pci.l'.
                      Trying implicit prerequisite 'src/hw/pci.l,v'.
                      Trying pattern rule with stem 'pci.l'.
                      Trying implicit prerequisite 'src/hw/RCS/pci.l,v'.
                      Trying pattern rule with stem 'pci.l'.
                      Trying implicit prerequisite 'src/hw/RCS/pci.l'.
                      Trying pattern rule with stem 'pci.l'.
                      Trying implicit prerequisite 'src/hw/s.pci.l'.
                      Trying pattern rule with stem 'pci.l'.
                      Trying implicit prerequisite 'src/hw/SCCS/s.pci.l'.
                     Trying pattern rule with stem 'pci'.
                     Trying implicit prerequisite 'src/hw/pci.w'.
                     Looking for a rule with intermediate file 'src/hw/pci.w'.
                      Avoiding implicit rule recursion.
                      Trying pattern rule with stem 'pci.w'.
                      Trying implicit prerequisite 'src/hw/pci.w,v'.
                      Trying pattern rule with stem 'pci.w'.
                      Trying implicit prerequisite 'src/hw/RCS/pci.w,v'.
                      Trying pattern rule with stem 'pci.w'.
                      Trying implicit prerequisite 'src/hw/RCS/pci.w'.
                      Trying pattern rule with stem 'pci.w'.
                      Trying implicit prerequisite 'src/hw/s.pci.w'.
                      Trying pattern rule with stem 'pci.w'.
                      Trying implicit prerequisite 'src/hw/SCCS/s.pci.w'.
                     Trying pattern rule with stem 'pci'.
                     Rejecting impossible implicit prerequisite 'src/hw/pci.w'.
                     No implicit rule found for 'src/hw/pci.c'.
                     Finished prerequisites of target file 'src/hw/pci.c'.
                    No need to remake target 'src/hw/pci.c'.
                    Pruning file 'out/autoconf.h'.
                   Finished prerequisites of target file 'out/src/hw/pci.o'.
                  Must remake target 'out/src/hw/pci.o'.
Putting child 0x218c7680 (out/src/hw/pci.o) PID 5104 on the chain.
Live child 0x218c7680 (out/src/hw/pci.o) PID 5104 
  Compile checking out/src/hw/pci.o
Reaping winning child 0x218c7680 PID 5104 
Live child 0x218c7680 (out/src/hw/pci.o) PID 5105 
Reaping winning child 0x218c7680 PID 5105 
Removing child 0x218c7680 PID 5105 from chain.
                  Successfully remade target file 'out/src/hw/pci.o'.
                  Considering target file 'out/src/hw/timer.o'.
                   File 'out/src/hw/timer.o' does not exist.
                   Looking for an implicit rule for 'out/src/hw/timer.o'.
                   Trying pattern rule with stem 'src/hw/timer'.
                   Trying implicit prerequisite 'src/hw/timer.c'.
                   Trying rule prerequisite 'out/autoconf.h'.
                   Found an implicit rule for 'out/src/hw/timer.o'.
                    Considering target file 'src/hw/timer.c'.
                     Looking for an implicit rule for 'src/hw/timer.c'.
                     Trying pattern rule with stem 'timer'.
                     Trying implicit prerequisite 'src/hw/timer.y'.
                     Trying pattern rule with stem 'timer'.
                     Trying implicit prerequisite 'src/hw/timer.l'.
                     Trying pattern rule with stem 'timer'.
                     Trying implicit prerequisite 'src/hw/timer.w'.
                     Trying pattern rule with stem 'timer'.
                     Trying implicit prerequisite 'src/hw/timer.w'.
                     Trying pattern rule with stem 'timer.c'.
                     Trying implicit prerequisite 'src/hw/timer.c,v'.
                     Trying pattern rule with stem 'timer.c'.
                     Trying implicit prerequisite 'src/hw/RCS/timer.c,v'.
                     Trying pattern rule with stem 'timer.c'.
                     Trying implicit prerequisite 'src/hw/RCS/timer.c'.
                     Trying pattern rule with stem 'timer.c'.
                     Trying implicit prerequisite 'src/hw/s.timer.c'.
                     Trying pattern rule with stem 'timer.c'.
                     Trying implicit prerequisite 'src/hw/SCCS/s.timer.c'.
                     Trying pattern rule with stem 'timer'.
                     Trying implicit prerequisite 'src/hw/timer.y'.
                     Looking for a rule with intermediate file 'src/hw/timer.y'.
                      Avoiding implicit rule recursion.
                      Trying pattern rule with stem 'timer.y'.
                      Trying implicit prerequisite 'src/hw/timer.y,v'.
                      Trying pattern rule with stem 'timer.y'.
                      Trying implicit prerequisite 'src/hw/RCS/timer.y,v'.
                      Trying pattern rule with stem 'timer.y'.
                      Trying implicit prerequisite 'src/hw/RCS/timer.y'.
                      Trying pattern rule with stem 'timer.y'.
                      Trying implicit prerequisite 'src/hw/s.timer.y'.
                      Trying pattern rule with stem 'timer.y'.
                      Trying implicit prerequisite 'src/hw/SCCS/s.timer.y'.
                     Trying pattern rule with stem 'timer'.
                     Trying implicit prerequisite 'src/hw/timer.l'.
                     Looking for a rule with intermediate file 'src/hw/timer.l'.
                      Avoiding implicit rule recursion.
                      Trying pattern rule with stem 'timer.l'.
                      Trying implicit prerequisite 'src/hw/timer.l,v'.
                      Trying pattern rule with stem 'timer.l'.
                      Trying implicit prerequisite 'src/hw/RCS/timer.l,v'.
                      Trying pattern rule with stem 'timer.l'.
                      Trying implicit prerequisite 'src/hw/RCS/timer.l'.
                      Trying pattern rule with stem 'timer.l'.
                      Trying implicit prerequisite 'src/hw/s.timer.l'.
                      Trying pattern rule with stem 'timer.l'.
                      Trying implicit prerequisite 'src/hw/SCCS/s.timer.l'.
                     Trying pattern rule with stem 'timer'.
                     Trying implicit prerequisite 'src/hw/timer.w'.
                     Looking for a rule with intermediate file 'src/hw/timer.w'.
                      Avoiding implicit rule recursion.
                      Trying pattern rule with stem 'timer.w'.
                      Trying implicit prerequisite 'src/hw/timer.w,v'.
                      Trying pattern rule with stem 'timer.w'.
                      Trying implicit prerequisite 'src/hw/RCS/timer.w,v'.
                      Trying pattern rule with stem 'timer.w'.
                      Trying implicit prerequisite 'src/hw/RCS/timer.w'.
                      Trying pattern rule with stem 'timer.w'.
                      Trying implicit prerequisite 'src/hw/s.timer.w'.
                      Trying pattern rule with stem 'timer.w'.
                      Trying implicit prerequisite 'src/hw/SCCS/s.timer.w'.
                     Trying pattern rule with stem 'timer'.
                     Rejecting impossible implicit prerequisite 'src/hw/timer.w'.
                     No implicit rule found for 'src/hw/timer.c'.
                     Finished prerequisites of target file 'src/hw/timer.c'.
                    No need to remake target 'src/hw/timer.c'.
                    Pruning file 'out/autoconf.h'.
                   Finished prerequisites of target file 'out/src/hw/timer.o'.
                  Must remake target 'out/src/hw/timer.o'.
Putting child 0x218c85f0 (out/src/hw/timer.o) PID 5108 on the chain.
Live child 0x218c85f0 (out/src/hw/timer.o) PID 5108 
  Compile checking out/src/hw/timer.o
Reaping winning child 0x218c85f0 PID 5108 
Live child 0x218c85f0 (out/src/hw/timer.o) PID 5109 
Reaping winning child 0x218c85f0 PID 5109 
Removing child 0x218c85f0 PID 5109 from chain.
                  Successfully remade target file 'out/src/hw/timer.o'.
                  Considering target file 'out/src/hw/rtc.o'.
                   File 'out/src/hw/rtc.o' does not exist.
                   Looking for an implicit rule for 'out/src/hw/rtc.o'.
                   Trying pattern rule with stem 'src/hw/rtc'.
                   Trying implicit prerequisite 'src/hw/rtc.c'.
                   Trying rule prerequisite 'out/autoconf.h'.
                   Found an implicit rule for 'out/src/hw/rtc.o'.
                    Considering target file 'src/hw/rtc.c'.
                     Looking for an implicit rule for 'src/hw/rtc.c'.
                     Trying pattern rule with stem 'rtc'.
                     Trying implicit prerequisite 'src/hw/rtc.y'.
                     Trying pattern rule with stem 'rtc'.
                     Trying implicit prerequisite 'src/hw/rtc.l'.
                     Trying pattern rule with stem 'rtc'.
                     Trying implicit prerequisite 'src/hw/rtc.w'.
                     Trying pattern rule with stem 'rtc'.
                     Trying implicit prerequisite 'src/hw/rtc.w'.
                     Trying pattern rule with stem 'rtc.c'.
                     Trying implicit prerequisite 'src/hw/rtc.c,v'.
                     Trying pattern rule with stem 'rtc.c'.
                     Trying implicit prerequisite 'src/hw/RCS/rtc.c,v'.
                     Trying pattern rule with stem 'rtc.c'.
                     Trying implicit prerequisite 'src/hw/RCS/rtc.c'.
                     Trying pattern rule with stem 'rtc.c'.
                     Trying implicit prerequisite 'src/hw/s.rtc.c'.
                     Trying pattern rule with stem 'rtc.c'.
                     Trying implicit prerequisite 'src/hw/SCCS/s.rtc.c'.
                     Trying pattern rule with stem 'rtc'.
                     Trying implicit prerequisite 'src/hw/rtc.y'.
                     Looking for a rule with intermediate file 'src/hw/rtc.y'.
                      Avoiding implicit rule recursion.
                      Trying pattern rule with stem 'rtc.y'.
                      Trying implicit prerequisite 'src/hw/rtc.y,v'.
                      Trying pattern rule with stem 'rtc.y'.
                      Trying implicit prerequisite 'src/hw/RCS/rtc.y,v'.
                      Trying pattern rule with stem 'rtc.y'.
                      Trying implicit prerequisite 'src/hw/RCS/rtc.y'.
                      Trying pattern rule with stem 'rtc.y'.
                      Trying implicit prerequisite 'src/hw/s.rtc.y'.
                      Trying pattern rule with stem 'rtc.y'.
                      Trying implicit prerequisite 'src/hw/SCCS/s.rtc.y'.
                     Trying pattern rule with stem 'rtc'.
                     Trying implicit prerequisite 'src/hw/rtc.l'.
                     Looking for a rule with intermediate file 'src/hw/rtc.l'.
                      Avoiding implicit rule recursion.
                      Trying pattern rule with stem 'rtc.l'.
                      Trying implicit prerequisite 'src/hw/rtc.l,v'.
                      Trying pattern rule with stem 'rtc.l'.
                      Trying implicit prerequisite 'src/hw/RCS/rtc.l,v'.
                      Trying pattern rule with stem 'rtc.l'.
                      Trying implicit prerequisite 'src/hw/RCS/rtc.l'.
                      Trying pattern rule with stem 'rtc.l'.
                      Trying implicit prerequisite 'src/hw/s.rtc.l'.
                      Trying pattern rule with stem 'rtc.l'.
                      Trying implicit prerequisite 'src/hw/SCCS/s.rtc.l'.
                     Trying pattern rule with stem 'rtc'.
                     Trying implicit prerequisite 'src/hw/rtc.w'.
                     Looking for a rule with intermediate file 'src/hw/rtc.w'.
                      Avoiding implicit rule recursion.
                      Trying pattern rule with stem 'rtc.w'.
                      Trying implicit prerequisite 'src/hw/rtc.w,v'.
                      Trying pattern rule with stem 'rtc.w'.
                      Trying implicit prerequisite 'src/hw/RCS/rtc.w,v'.
                      Trying pattern rule with stem 'rtc.w'.
                      Trying implicit prerequisite 'src/hw/RCS/rtc.w'.
                      Trying pattern rule with stem 'rtc.w'.
                      Trying implicit prerequisite 'src/hw/s.rtc.w'.
                      Trying pattern rule with stem 'rtc.w'.
                      Trying implicit prerequisite 'src/hw/SCCS/s.rtc.w'.
                     Trying pattern rule with stem 'rtc'.
                     Rejecting impossible implicit prerequisite 'src/hw/rtc.w'.
                     No implicit rule found for 'src/hw/rtc.c'.
                     Finished prerequisites of target file 'src/hw/rtc.c'.
                    No need to remake target 'src/hw/rtc.c'.
                    Pruning file 'out/autoconf.h'.
                   Finished prerequisites of target file 'out/src/hw/rtc.o'.
                  Must remake target 'out/src/hw/rtc.o'.
Putting child 0x218c7d80 (out/src/hw/rtc.o) PID 5112 on the chain.
Live child 0x218c7d80 (out/src/hw/rtc.o) PID 5112 
  Compile checking out/src/hw/rtc.o
Reaping winning child 0x218c7d80 PID 5112 
Live child 0x218c7d80 (out/src/hw/rtc.o) PID 5113 
Reaping winning child 0x218c7d80 PID 5113 
Removing child 0x218c7d80 PID 5113 from chain.
                  Successfully remade target file 'out/src/hw/rtc.o'.
                  Considering target file 'out/src/hw/dma.o'.
                   File 'out/src/hw/dma.o' does not exist.
                   Looking for an implicit rule for 'out/src/hw/dma.o'.
                   Trying pattern rule with stem 'src/hw/dma'.
                   Trying implicit prerequisite 'src/hw/dma.c'.
                   Trying rule prerequisite 'out/autoconf.h'.
                   Found an implicit rule for 'out/src/hw/dma.o'.
                    Considering target file 'src/hw/dma.c'.
                     Looking for an implicit rule for 'src/hw/dma.c'.
                     Trying pattern rule with stem 'dma'.
                     Trying implicit prerequisite 'src/hw/dma.y'.
                     Trying pattern rule with stem 'dma'.
                     Trying implicit prerequisite 'src/hw/dma.l'.
                     Trying pattern rule with stem 'dma'.
                     Trying implicit prerequisite 'src/hw/dma.w'.
                     Trying pattern rule with stem 'dma'.
                     Trying implicit prerequisite 'src/hw/dma.w'.
                     Trying pattern rule with stem 'dma.c'.
                     Trying implicit prerequisite 'src/hw/dma.c,v'.
                     Trying pattern rule with stem 'dma.c'.
                     Trying implicit prerequisite 'src/hw/RCS/dma.c,v'.
                     Trying pattern rule with stem 'dma.c'.
                     Trying implicit prerequisite 'src/hw/RCS/dma.c'.
                     Trying pattern rule with stem 'dma.c'.
                     Trying implicit prerequisite 'src/hw/s.dma.c'.
                     Trying pattern rule with stem 'dma.c'.
                     Trying implicit prerequisite 'src/hw/SCCS/s.dma.c'.
                     Trying pattern rule with stem 'dma'.
                     Trying implicit prerequisite 'src/hw/dma.y'.
                     Looking for a rule with intermediate file 'src/hw/dma.y'.
                      Avoiding implicit rule recursion.
                      Trying pattern rule with stem 'dma.y'.
                      Trying implicit prerequisite 'src/hw/dma.y,v'.
                      Trying pattern rule with stem 'dma.y'.
                      Trying implicit prerequisite 'src/hw/RCS/dma.y,v'.
                      Trying pattern rule with stem 'dma.y'.
                      Trying implicit prerequisite 'src/hw/RCS/dma.y'.
                      Trying pattern rule with stem 'dma.y'.
                      Trying implicit prerequisite 'src/hw/s.dma.y'.
                      Trying pattern rule with stem 'dma.y'.
                      Trying implicit prerequisite 'src/hw/SCCS/s.dma.y'.
                     Trying pattern rule with stem 'dma'.
                     Trying implicit prerequisite 'src/hw/dma.l'.
                     Looking for a rule with intermediate file 'src/hw/dma.l'.
                      Avoiding implicit rule recursion.
                      Trying pattern rule with stem 'dma.l'.
                      Trying implicit prerequisite 'src/hw/dma.l,v'.
                      Trying pattern rule with stem 'dma.l'.
                      Trying implicit prerequisite 'src/hw/RCS/dma.l,v'.
                      Trying pattern rule with stem 'dma.l'.
                      Trying implicit prerequisite 'src/hw/RCS/dma.l'.
                      Trying pattern rule with stem 'dma.l'.
                      Trying implicit prerequisite 'src/hw/s.dma.l'.
                      Trying pattern rule with stem 'dma.l'.
                      Trying implicit prerequisite 'src/hw/SCCS/s.dma.l'.
                     Trying pattern rule with stem 'dma'.
                     Trying implicit prerequisite 'src/hw/dma.w'.
                     Looking for a rule with intermediate file 'src/hw/dma.w'.
                      Avoiding implicit rule recursion.
                      Trying pattern rule with stem 'dma.w'.
                      Trying implicit prerequisite 'src/hw/dma.w,v'.
                      Trying pattern rule with stem 'dma.w'.
                      Trying implicit prerequisite 'src/hw/RCS/dma.w,v'.
                      Trying pattern rule with stem 'dma.w'.
                      Trying implicit prerequisite 'src/hw/RCS/dma.w'.
                      Trying pattern rule with stem 'dma.w'.
                      Trying implicit prerequisite 'src/hw/s.dma.w'.
                      Trying pattern rule with stem 'dma.w'.
                      Trying implicit prerequisite 'src/hw/SCCS/s.dma.w'.
                     Trying pattern rule with stem 'dma'.
                     Rejecting impossible implicit prerequisite 'src/hw/dma.w'.
                     No implicit rule found for 'src/hw/dma.c'.
                     Finished prerequisites of target file 'src/hw/dma.c'.
                    No need to remake target 'src/hw/dma.c'.
                    Pruning file 'out/autoconf.h'.
                   Finished prerequisites of target file 'out/src/hw/dma.o'.
                  Must remake target 'out/src/hw/dma.o'.
Putting child 0x218c9a50 (out/src/hw/dma.o) PID 5116 on the chain.
Live child 0x218c9a50 (out/src/hw/dma.o) PID 5116 
  Compile checking out/src/hw/dma.o
Reaping winning child 0x218c9a50 PID 5116 
Live child 0x218c9a50 (out/src/hw/dma.o) PID 5117 
Reaping winning child 0x218c9a50 PID 5117 
Removing child 0x218c9a50 PID 5117 from chain.
                  Successfully remade target file 'out/src/hw/dma.o'.
                  Considering target file 'out/src/hw/pic.o'.
                   File 'out/src/hw/pic.o' does not exist.
                   Looking for an implicit rule for 'out/src/hw/pic.o'.
                   Trying pattern rule with stem 'src/hw/pic'.
                   Trying implicit prerequisite 'src/hw/pic.c'.
                   Trying rule prerequisite 'out/autoconf.h'.
                   Found an implicit rule for 'out/src/hw/pic.o'.
                    Considering target file 'src/hw/pic.c'.
                     Looking for an implicit rule for 'src/hw/pic.c'.
                     Trying pattern rule with stem 'pic'.
                     Trying implicit prerequisite 'src/hw/pic.y'.
                     Trying pattern rule with stem 'pic'.
                     Trying implicit prerequisite 'src/hw/pic.l'.
                     Trying pattern rule with stem 'pic'.
                     Trying implicit prerequisite 'src/hw/pic.w'.
                     Trying pattern rule with stem 'pic'.
                     Trying implicit prerequisite 'src/hw/pic.w'.
                     Trying pattern rule with stem 'pic.c'.
                     Trying implicit prerequisite 'src/hw/pic.c,v'.
                     Trying pattern rule with stem 'pic.c'.
                     Trying implicit prerequisite 'src/hw/RCS/pic.c,v'.
                     Trying pattern rule with stem 'pic.c'.
                     Trying implicit prerequisite 'src/hw/RCS/pic.c'.
                     Trying pattern rule with stem 'pic.c'.
                     Trying implicit prerequisite 'src/hw/s.pic.c'.
                     Trying pattern rule with stem 'pic.c'.
                     Trying implicit prerequisite 'src/hw/SCCS/s.pic.c'.
                     Trying pattern rule with stem 'pic'.
                     Trying implicit prerequisite 'src/hw/pic.y'.
                     Looking for a rule with intermediate file 'src/hw/pic.y'.
                      Avoiding implicit rule recursion.
                      Trying pattern rule with stem 'pic.y'.
                      Trying implicit prerequisite 'src/hw/pic.y,v'.
                      Trying pattern rule with stem 'pic.y'.
                      Trying implicit prerequisite 'src/hw/RCS/pic.y,v'.
                      Trying pattern rule with stem 'pic.y'.
                      Trying implicit prerequisite 'src/hw/RCS/pic.y'.
                      Trying pattern rule with stem 'pic.y'.
                      Trying implicit prerequisite 'src/hw/s.pic.y'.
                      Trying pattern rule with stem 'pic.y'.
                      Trying implicit prerequisite 'src/hw/SCCS/s.pic.y'.
                     Trying pattern rule with stem 'pic'.
                     Trying implicit prerequisite 'src/hw/pic.l'.
                     Looking for a rule with intermediate file 'src/hw/pic.l'.
                      Avoiding implicit rule recursion.
                      Trying pattern rule with stem 'pic.l'.
                      Trying implicit prerequisite 'src/hw/pic.l,v'.
                      Trying pattern rule with stem 'pic.l'.
                      Trying implicit prerequisite 'src/hw/RCS/pic.l,v'.
                      Trying pattern rule with stem 'pic.l'.
                      Trying implicit prerequisite 'src/hw/RCS/pic.l'.
                      Trying pattern rule with stem 'pic.l'.
                      Trying implicit prerequisite 'src/hw/s.pic.l'.
                      Trying pattern rule with stem 'pic.l'.
                      Trying implicit prerequisite 'src/hw/SCCS/s.pic.l'.
                     Trying pattern rule with stem 'pic'.
                     Trying implicit prerequisite 'src/hw/pic.w'.
                     Looking for a rule with intermediate file 'src/hw/pic.w'.
                      Avoiding implicit rule recursion.
                      Trying pattern rule with stem 'pic.w'.
                      Trying implicit prerequisite 'src/hw/pic.w,v'.
                      Trying pattern rule with stem 'pic.w'.
                      Trying implicit prerequisite 'src/hw/RCS/pic.w,v'.
                      Trying pattern rule with stem 'pic.w'.
                      Trying implicit prerequisite 'src/hw/RCS/pic.w'.
                      Trying pattern rule with stem 'pic.w'.
                      Trying implicit prerequisite 'src/hw/s.pic.w'.
                      Trying pattern rule with stem 'pic.w'.
                      Trying implicit prerequisite 'src/hw/SCCS/s.pic.w'.
                     Trying pattern rule with stem 'pic'.
                     Rejecting impossible implicit prerequisite 'src/hw/pic.w'.
                     No implicit rule found for 'src/hw/pic.c'.
                     Finished prerequisites of target file 'src/hw/pic.c'.
                    No need to remake target 'src/hw/pic.c'.
                    Pruning file 'out/autoconf.h'.
                   Finished prerequisites of target file 'out/src/hw/pic.o'.
                  Must remake target 'out/src/hw/pic.o'.
Putting child 0x218c9dc0 (out/src/hw/pic.o) PID 5120 on the chain.
Live child 0x218c9dc0 (out/src/hw/pic.o) PID 5120 
  Compile checking out/src/hw/pic.o
Reaping winning child 0x218c9dc0 PID 5120 
Live child 0x218c9dc0 (out/src/hw/pic.o) PID 5121 
Reaping winning child 0x218c9dc0 PID 5121 
Removing child 0x218c9dc0 PID 5121 from chain.
                  Successfully remade target file 'out/src/hw/pic.o'.
                  Considering target file 'out/src/hw/ps2port.o'.
                   File 'out/src/hw/ps2port.o' does not exist.
                   Looking for an implicit rule for 'out/src/hw/ps2port.o'.
                   Trying pattern rule with stem 'src/hw/ps2port'.
                   Trying implicit prerequisite 'src/hw/ps2port.c'.
                   Trying rule prerequisite 'out/autoconf.h'.
                   Found an implicit rule for 'out/src/hw/ps2port.o'.
                    Considering target file 'src/hw/ps2port.c'.
                     Looking for an implicit rule for 'src/hw/ps2port.c'.
                     Trying pattern rule with stem 'ps2port'.
                     Trying implicit prerequisite 'src/hw/ps2port.y'.
                     Trying pattern rule with stem 'ps2port'.
                     Trying implicit prerequisite 'src/hw/ps2port.l'.
                     Trying pattern rule with stem 'ps2port'.
                     Trying implicit prerequisite 'src/hw/ps2port.w'.
                     Trying pattern rule with stem 'ps2port'.
                     Trying implicit prerequisite 'src/hw/ps2port.w'.
                     Trying pattern rule with stem 'ps2port.c'.
                     Trying implicit prerequisite 'src/hw/ps2port.c,v'.
                     Trying pattern rule with stem 'ps2port.c'.
                     Trying implicit prerequisite 'src/hw/RCS/ps2port.c,v'.
                     Trying pattern rule with stem 'ps2port.c'.
                     Trying implicit prerequisite 'src/hw/RCS/ps2port.c'.
                     Trying pattern rule with stem 'ps2port.c'.
                     Trying implicit prerequisite 'src/hw/s.ps2port.c'.
                     Trying pattern rule with stem 'ps2port.c'.
                     Trying implicit prerequisite 'src/hw/SCCS/s.ps2port.c'.
                     Trying pattern rule with stem 'ps2port'.
                     Trying implicit prerequisite 'src/hw/ps2port.y'.
                     Looking for a rule with intermediate file 'src/hw/ps2port.y'.
                      Avoiding implicit rule recursion.
                      Trying pattern rule with stem 'ps2port.y'.
                      Trying implicit prerequisite 'src/hw/ps2port.y,v'.
                      Trying pattern rule with stem 'ps2port.y'.
                      Trying implicit prerequisite 'src/hw/RCS/ps2port.y,v'.
                      Trying pattern rule with stem 'ps2port.y'.
                      Trying implicit prerequisite 'src/hw/RCS/ps2port.y'.
                      Trying pattern rule with stem 'ps2port.y'.
                      Trying implicit prerequisite 'src/hw/s.ps2port.y'.
                      Trying pattern rule with stem 'ps2port.y'.
                      Trying implicit prerequisite 'src/hw/SCCS/s.ps2port.y'.
                     Trying pattern rule with stem 'ps2port'.
                     Trying implicit prerequisite 'src/hw/ps2port.l'.
                     Looking for a rule with intermediate file 'src/hw/ps2port.l'.
                      Avoiding implicit rule recursion.
                      Trying pattern rule with stem 'ps2port.l'.
                      Trying implicit prerequisite 'src/hw/ps2port.l,v'.
                      Trying pattern rule with stem 'ps2port.l'.
                      Trying implicit prerequisite 'src/hw/RCS/ps2port.l,v'.
                      Trying pattern rule with stem 'ps2port.l'.
                      Trying implicit prerequisite 'src/hw/RCS/ps2port.l'.
                      Trying pattern rule with stem 'ps2port.l'.
                      Trying implicit prerequisite 'src/hw/s.ps2port.l'.
                      Trying pattern rule with stem 'ps2port.l'.
                      Trying implicit prerequisite 'src/hw/SCCS/s.ps2port.l'.
                     Trying pattern rule with stem 'ps2port'.
                     Trying implicit prerequisite 'src/hw/ps2port.w'.
                     Looking for a rule with intermediate file 'src/hw/ps2port.w'.
                      Avoiding implicit rule recursion.
                      Trying pattern rule with stem 'ps2port.w'.
                      Trying implicit prerequisite 'src/hw/ps2port.w,v'.
                      Trying pattern rule with stem 'ps2port.w'.
                      Trying implicit prerequisite 'src/hw/RCS/ps2port.w,v'.
                      Trying pattern rule with stem 'ps2port.w'.
                      Trying implicit prerequisite 'src/hw/RCS/ps2port.w'.
                      Trying pattern rule with stem 'ps2port.w'.
                      Trying implicit prerequisite 'src/hw/s.ps2port.w'.
                      Trying pattern rule with stem 'ps2port.w'.
                      Trying implicit prerequisite 'src/hw/SCCS/s.ps2port.w'.
                     Trying pattern rule with stem 'ps2port'.
                     Rejecting impossible implicit prerequisite 'src/hw/ps2port.w'.
                     No implicit rule found for 'src/hw/ps2port.c'.
                     Finished prerequisites of target file 'src/hw/ps2port.c'.
                    No need to remake target 'src/hw/ps2port.c'.
                    Pruning file 'out/autoconf.h'.
                   Finished prerequisites of target file 'out/src/hw/ps2port.o'.
                  Must remake target 'out/src/hw/ps2port.o'.
Putting child 0x218ca4c0 (out/src/hw/ps2port.o) PID 5124 on the chain.
Live child 0x218ca4c0 (out/src/hw/ps2port.o) PID 5124 
  Compile checking out/src/hw/ps2port.o
Reaping winning child 0x218ca4c0 PID 5124 
Live child 0x218ca4c0 (out/src/hw/ps2port.o) PID 5125 
Reaping winning child 0x218ca4c0 PID 5125 
Removing child 0x218ca4c0 PID 5125 from chain.
                  Successfully remade target file 'out/src/hw/ps2port.o'.
                  Considering target file 'out/src/hw/serialio.o'.
                   File 'out/src/hw/serialio.o' does not exist.
                   Looking for an implicit rule for 'out/src/hw/serialio.o'.
                   Trying pattern rule with stem 'src/hw/serialio'.
                   Trying implicit prerequisite 'src/hw/serialio.c'.
                   Trying rule prerequisite 'out/autoconf.h'.
                   Found an implicit rule for 'out/src/hw/serialio.o'.
                    Considering target file 'src/hw/serialio.c'.
                     Looking for an implicit rule for 'src/hw/serialio.c'.
                     Trying pattern rule with stem 'serialio'.
                     Trying implicit prerequisite 'src/hw/serialio.y'.
                     Trying pattern rule with stem 'serialio'.
                     Trying implicit prerequisite 'src/hw/serialio.l'.
                     Trying pattern rule with stem 'serialio'.
                     Trying implicit prerequisite 'src/hw/serialio.w'.
                     Trying pattern rule with stem 'serialio'.
                     Trying implicit prerequisite 'src/hw/serialio.w'.
                     Trying pattern rule with stem 'serialio.c'.
                     Trying implicit prerequisite 'src/hw/serialio.c,v'.
                     Trying pattern rule with stem 'serialio.c'.
                     Trying implicit prerequisite 'src/hw/RCS/serialio.c,v'.
                     Trying pattern rule with stem 'serialio.c'.
                     Trying implicit prerequisite 'src/hw/RCS/serialio.c'.
                     Trying pattern rule with stem 'serialio.c'.
                     Trying implicit prerequisite 'src/hw/s.serialio.c'.
                     Trying pattern rule with stem 'serialio.c'.
                     Trying implicit prerequisite 'src/hw/SCCS/s.serialio.c'.
                     Trying pattern rule with stem 'serialio'.
                     Trying implicit prerequisite 'src/hw/serialio.y'.
                     Looking for a rule with intermediate file 'src/hw/serialio.y'.
                      Avoiding implicit rule recursion.
                      Trying pattern rule with stem 'serialio.y'.
                      Trying implicit prerequisite 'src/hw/serialio.y,v'.
                      Trying pattern rule with stem 'serialio.y'.
                      Trying implicit prerequisite 'src/hw/RCS/serialio.y,v'.
                      Trying pattern rule with stem 'serialio.y'.
                      Trying implicit prerequisite 'src/hw/RCS/serialio.y'.
                      Trying pattern rule with stem 'serialio.y'.
                      Trying implicit prerequisite 'src/hw/s.serialio.y'.
                      Trying pattern rule with stem 'serialio.y'.
                      Trying implicit prerequisite 'src/hw/SCCS/s.serialio.y'.
                     Trying pattern rule with stem 'serialio'.
                     Trying implicit prerequisite 'src/hw/serialio.l'.
                     Looking for a rule with intermediate file 'src/hw/serialio.l'.
                      Avoiding implicit rule recursion.
                      Trying pattern rule with stem 'serialio.l'.
                      Trying implicit prerequisite 'src/hw/serialio.l,v'.
                      Trying pattern rule with stem 'serialio.l'.
                      Trying implicit prerequisite 'src/hw/RCS/serialio.l,v'.
                      Trying pattern rule with stem 'serialio.l'.
                      Trying implicit prerequisite 'src/hw/RCS/serialio.l'.
                      Trying pattern rule with stem 'serialio.l'.
                      Trying implicit prerequisite 'src/hw/s.serialio.l'.
                      Trying pattern rule with stem 'serialio.l'.
                      Trying implicit prerequisite 'src/hw/SCCS/s.serialio.l'.
                     Trying pattern rule with stem 'serialio'.
                     Trying implicit prerequisite 'src/hw/serialio.w'.
                     Looking for a rule with intermediate file 'src/hw/serialio.w'.
                      Avoiding implicit rule recursion.
                      Trying pattern rule with stem 'serialio.w'.
                      Trying implicit prerequisite 'src/hw/serialio.w,v'.
                      Trying pattern rule with stem 'serialio.w'.
                      Trying implicit prerequisite 'src/hw/RCS/serialio.w,v'.
                      Trying pattern rule with stem 'serialio.w'.
                      Trying implicit prerequisite 'src/hw/RCS/serialio.w'.
                      Trying pattern rule with stem 'serialio.w'.
                      Trying implicit prerequisite 'src/hw/s.serialio.w'.
                      Trying pattern rule with stem 'serialio.w'.
                      Trying implicit prerequisite 'src/hw/SCCS/s.serialio.w'.
                     Trying pattern rule with stem 'serialio'.
                     Rejecting impossible implicit prerequisite 'src/hw/serialio.w'.
                     No implicit rule found for 'src/hw/serialio.c'.
                     Finished prerequisites of target file 'src/hw/serialio.c'.
                    No need to remake target 'src/hw/serialio.c'.
                    Pruning file 'out/autoconf.h'.
                   Finished prerequisites of target file 'out/src/hw/serialio.o'.
                  Must remake target 'out/src/hw/serialio.o'.
Putting child 0x218c90e0 (out/src/hw/serialio.o) PID 5128 on the chain.
Live child 0x218c90e0 (out/src/hw/serialio.o) PID 5128 
  Compile checking out/src/hw/serialio.o
Reaping winning child 0x218c90e0 PID 5128 
Live child 0x218c90e0 (out/src/hw/serialio.o) PID 5129 
Reaping winning child 0x218c90e0 PID 5129 
Removing child 0x218c90e0 PID 5129 from chain.
                  Successfully remade target file 'out/src/hw/serialio.o'.
                  Considering target file 'out/src/hw/usb.o'.
                   File 'out/src/hw/usb.o' does not exist.
                   Looking for an implicit rule for 'out/src/hw/usb.o'.
                   Trying pattern rule with stem 'src/hw/usb'.
                   Trying implicit prerequisite 'src/hw/usb.c'.
                   Trying rule prerequisite 'out/autoconf.h'.
                   Found an implicit rule for 'out/src/hw/usb.o'.
                    Considering target file 'src/hw/usb.c'.
                     Looking for an implicit rule for 'src/hw/usb.c'.
                     Trying pattern rule with stem 'usb'.
                     Trying implicit prerequisite 'src/hw/usb.y'.
                     Trying pattern rule with stem 'usb'.
                     Trying implicit prerequisite 'src/hw/usb.l'.
                     Trying pattern rule with stem 'usb'.
                     Trying implicit prerequisite 'src/hw/usb.w'.
                     Trying pattern rule with stem 'usb'.
                     Trying implicit prerequisite 'src/hw/usb.w'.
                     Trying pattern rule with stem 'usb.c'.
                     Trying implicit prerequisite 'src/hw/usb.c,v'.
                     Trying pattern rule with stem 'usb.c'.
                     Trying implicit prerequisite 'src/hw/RCS/usb.c,v'.
                     Trying pattern rule with stem 'usb.c'.
                     Trying implicit prerequisite 'src/hw/RCS/usb.c'.
                     Trying pattern rule with stem 'usb.c'.
                     Trying implicit prerequisite 'src/hw/s.usb.c'.
                     Trying pattern rule with stem 'usb.c'.
                     Trying implicit prerequisite 'src/hw/SCCS/s.usb.c'.
                     Trying pattern rule with stem 'usb'.
                     Trying implicit prerequisite 'src/hw/usb.y'.
                     Looking for a rule with intermediate file 'src/hw/usb.y'.
                      Avoiding implicit rule recursion.
                      Trying pattern rule with stem 'usb.y'.
                      Trying implicit prerequisite 'src/hw/usb.y,v'.
                      Trying pattern rule with stem 'usb.y'.
                      Trying implicit prerequisite 'src/hw/RCS/usb.y,v'.
                      Trying pattern rule with stem 'usb.y'.
                      Trying implicit prerequisite 'src/hw/RCS/usb.y'.
                      Trying pattern rule with stem 'usb.y'.
                      Trying implicit prerequisite 'src/hw/s.usb.y'.
                      Trying pattern rule with stem 'usb.y'.
                      Trying implicit prerequisite 'src/hw/SCCS/s.usb.y'.
                     Trying pattern rule with stem 'usb'.
                     Trying implicit prerequisite 'src/hw/usb.l'.
                     Looking for a rule with intermediate file 'src/hw/usb.l'.
                      Avoiding implicit rule recursion.
                      Trying pattern rule with stem 'usb.l'.
                      Trying implicit prerequisite 'src/hw/usb.l,v'.
                      Trying pattern rule with stem 'usb.l'.
                      Trying implicit prerequisite 'src/hw/RCS/usb.l,v'.
                      Trying pattern rule with stem 'usb.l'.
                      Trying implicit prerequisite 'src/hw/RCS/usb.l'.
                      Trying pattern rule with stem 'usb.l'.
                      Trying implicit prerequisite 'src/hw/s.usb.l'.
                      Trying pattern rule with stem 'usb.l'.
                      Trying implicit prerequisite 'src/hw/SCCS/s.usb.l'.
                     Trying pattern rule with stem 'usb'.
                     Trying implicit prerequisite 'src/hw/usb.w'.
                     Looking for a rule with intermediate file 'src/hw/usb.w'.
                      Avoiding implicit rule recursion.
                      Trying pattern rule with stem 'usb.w'.
                      Trying implicit prerequisite 'src/hw/usb.w,v'.
                      Trying pattern rule with stem 'usb.w'.
                      Trying implicit prerequisite 'src/hw/RCS/usb.w,v'.
                      Trying pattern rule with stem 'usb.w'.
                      Trying implicit prerequisite 'src/hw/RCS/usb.w'.
                      Trying pattern rule with stem 'usb.w'.
                      Trying implicit prerequisite 'src/hw/s.usb.w'.
                      Trying pattern rule with stem 'usb.w'.
                      Trying implicit prerequisite 'src/hw/SCCS/s.usb.w'.
                     Trying pattern rule with stem 'usb'.
                     Rejecting impossible implicit prerequisite 'src/hw/usb.w'.
                     No implicit rule found for 'src/hw/usb.c'.
                     Finished prerequisites of target file 'src/hw/usb.c'.
                    No need to remake target 'src/hw/usb.c'.
                    Pruning file 'out/autoconf.h'.
                   Finished prerequisites of target file 'out/src/hw/usb.o'.
                  Must remake target 'out/src/hw/usb.o'.
Putting child 0x218cc950 (out/src/hw/usb.o) PID 5132 on the chain.
Live child 0x218cc950 (out/src/hw/usb.o) PID 5132 
  Compile checking out/src/hw/usb.o
Reaping winning child 0x218cc950 PID 5132 
Live child 0x218cc950 (out/src/hw/usb.o) PID 5133 
Reaping winning child 0x218cc950 PID 5133 
Removing child 0x218cc950 PID 5133 from chain.
                  Successfully remade target file 'out/src/hw/usb.o'.
                  Considering target file 'out/src/hw/usb-uhci.o'.
                   File 'out/src/hw/usb-uhci.o' does not exist.
                   Looking for an implicit rule for 'out/src/hw/usb-uhci.o'.
                   Trying pattern rule with stem 'src/hw/usb-uhci'.
                   Trying implicit prerequisite 'src/hw/usb-uhci.c'.
                   Trying rule prerequisite 'out/autoconf.h'.
                   Found an implicit rule for 'out/src/hw/usb-uhci.o'.
                    Considering target file 'src/hw/usb-uhci.c'.
                     Looking for an implicit rule for 'src/hw/usb-uhci.c'.
                     Trying pattern rule with stem 'usb-uhci'.
                     Trying implicit prerequisite 'src/hw/usb-uhci.y'.
                     Trying pattern rule with stem 'usb-uhci'.
                     Trying implicit prerequisite 'src/hw/usb-uhci.l'.
                     Trying pattern rule with stem 'usb-uhci'.
                     Trying implicit prerequisite 'src/hw/usb-uhci.w'.
                     Trying pattern rule with stem 'usb-uhci'.
                     Trying implicit prerequisite 'src/hw/usb-uhci.w'.
                     Trying pattern rule with stem 'usb-uhci.c'.
                     Trying implicit prerequisite 'src/hw/usb-uhci.c,v'.
                     Trying pattern rule with stem 'usb-uhci.c'.
                     Trying implicit prerequisite 'src/hw/RCS/usb-uhci.c,v'.
                     Trying pattern rule with stem 'usb-uhci.c'.
                     Trying implicit prerequisite 'src/hw/RCS/usb-uhci.c'.
                     Trying pattern rule with stem 'usb-uhci.c'.
                     Trying implicit prerequisite 'src/hw/s.usb-uhci.c'.
                     Trying pattern rule with stem 'usb-uhci.c'.
                     Trying implicit prerequisite 'src/hw/SCCS/s.usb-uhci.c'.
                     Trying pattern rule with stem 'usb-uhci'.
                     Trying implicit prerequisite 'src/hw/usb-uhci.y'.
                     Looking for a rule with intermediate file 'src/hw/usb-uhci.y'.
                      Avoiding implicit rule recursion.
                      Trying pattern rule with stem 'usb-uhci.y'.
                      Trying implicit prerequisite 'src/hw/usb-uhci.y,v'.
                      Trying pattern rule with stem 'usb-uhci.y'.
                      Trying implicit prerequisite 'src/hw/RCS/usb-uhci.y,v'.
                      Trying pattern rule with stem 'usb-uhci.y'.
                      Trying implicit prerequisite 'src/hw/RCS/usb-uhci.y'.
                      Trying pattern rule with stem 'usb-uhci.y'.
                      Trying implicit prerequisite 'src/hw/s.usb-uhci.y'.
                      Trying pattern rule with stem 'usb-uhci.y'.
                      Trying implicit prerequisite 'src/hw/SCCS/s.usb-uhci.y'.
                     Trying pattern rule with stem 'usb-uhci'.
                     Trying implicit prerequisite 'src/hw/usb-uhci.l'.
                     Looking for a rule with intermediate file 'src/hw/usb-uhci.l'.
                      Avoiding implicit rule recursion.
                      Trying pattern rule with stem 'usb-uhci.l'.
                      Trying implicit prerequisite 'src/hw/usb-uhci.l,v'.
                      Trying pattern rule with stem 'usb-uhci.l'.
                      Trying implicit prerequisite 'src/hw/RCS/usb-uhci.l,v'.
                      Trying pattern rule with stem 'usb-uhci.l'.
                      Trying implicit prerequisite 'src/hw/RCS/usb-uhci.l'.
                      Trying pattern rule with stem 'usb-uhci.l'.
                      Trying implicit prerequisite 'src/hw/s.usb-uhci.l'.
                      Trying pattern rule with stem 'usb-uhci.l'.
                      Trying implicit prerequisite 'src/hw/SCCS/s.usb-uhci.l'.
                     Trying pattern rule with stem 'usb-uhci'.
                     Trying implicit prerequisite 'src/hw/usb-uhci.w'.
                     Looking for a rule with intermediate file 'src/hw/usb-uhci.w'.
                      Avoiding implicit rule recursion.
                      Trying pattern rule with stem 'usb-uhci.w'.
                      Trying implicit prerequisite 'src/hw/usb-uhci.w,v'.
                      Trying pattern rule with stem 'usb-uhci.w'.
                      Trying implicit prerequisite 'src/hw/RCS/usb-uhci.w,v'.
                      Trying pattern rule with stem 'usb-uhci.w'.
                      Trying implicit prerequisite 'src/hw/RCS/usb-uhci.w'.
                      Trying pattern rule with stem 'usb-uhci.w'.
                      Trying implicit prerequisite 'src/hw/s.usb-uhci.w'.
                      Trying pattern rule with stem 'usb-uhci.w'.
                      Trying implicit prerequisite 'src/hw/SCCS/s.usb-uhci.w'.
                     Trying pattern rule with stem 'usb-uhci'.
                     Rejecting impossible implicit prerequisite 'src/hw/usb-uhci.w'.
                     No implicit rule found for 'src/hw/usb-uhci.c'.
                     Finished prerequisites of target file 'src/hw/usb-uhci.c'.
                    No need to remake target 'src/hw/usb-uhci.c'.
                    Pruning file 'out/autoconf.h'.
                   Finished prerequisites of target file 'out/src/hw/usb-uhci.o'.
                  Must remake target 'out/src/hw/usb-uhci.o'.
Putting child 0x218ccfa0 (out/src/hw/usb-uhci.o) PID 5136 on the chain.
Live child 0x218ccfa0 (out/src/hw/usb-uhci.o) PID 5136 
  Compile checking out/src/hw/usb-uhci.o
Reaping winning child 0x218ccfa0 PID 5136 
Live child 0x218ccfa0 (out/src/hw/usb-uhci.o) PID 5137 
Reaping winning child 0x218ccfa0 PID 5137 
Removing child 0x218ccfa0 PID 5137 from chain.
                  Successfully remade target file 'out/src/hw/usb-uhci.o'.
                  Considering target file 'out/src/hw/usb-ohci.o'.
                   File 'out/src/hw/usb-ohci.o' does not exist.
                   Looking for an implicit rule for 'out/src/hw/usb-ohci.o'.
                   Trying pattern rule with stem 'src/hw/usb-ohci'.
                   Trying implicit prerequisite 'src/hw/usb-ohci.c'.
                   Trying rule prerequisite 'out/autoconf.h'.
                   Found an implicit rule for 'out/src/hw/usb-ohci.o'.
                    Considering target file 'src/hw/usb-ohci.c'.
                     Looking for an implicit rule for 'src/hw/usb-ohci.c'.
                     Trying pattern rule with stem 'usb-ohci'.
                     Trying implicit prerequisite 'src/hw/usb-ohci.y'.
                     Trying pattern rule with stem 'usb-ohci'.
                     Trying implicit prerequisite 'src/hw/usb-ohci.l'.
                     Trying pattern rule with stem 'usb-ohci'.
                     Trying implicit prerequisite 'src/hw/usb-ohci.w'.
                     Trying pattern rule with stem 'usb-ohci'.
                     Trying implicit prerequisite 'src/hw/usb-ohci.w'.
                     Trying pattern rule with stem 'usb-ohci.c'.
                     Trying implicit prerequisite 'src/hw/usb-ohci.c,v'.
                     Trying pattern rule with stem 'usb-ohci.c'.
                     Trying implicit prerequisite 'src/hw/RCS/usb-ohci.c,v'.
                     Trying pattern rule with stem 'usb-ohci.c'.
                     Trying implicit prerequisite 'src/hw/RCS/usb-ohci.c'.
                     Trying pattern rule with stem 'usb-ohci.c'.
                     Trying implicit prerequisite 'src/hw/s.usb-ohci.c'.
                     Trying pattern rule with stem 'usb-ohci.c'.
                     Trying implicit prerequisite 'src/hw/SCCS/s.usb-ohci.c'.
                     Trying pattern rule with stem 'usb-ohci'.
                     Trying implicit prerequisite 'src/hw/usb-ohci.y'.
                     Looking for a rule with intermediate file 'src/hw/usb-ohci.y'.
                      Avoiding implicit rule recursion.
                      Trying pattern rule with stem 'usb-ohci.y'.
                      Trying implicit prerequisite 'src/hw/usb-ohci.y,v'.
                      Trying pattern rule with stem 'usb-ohci.y'.
                      Trying implicit prerequisite 'src/hw/RCS/usb-ohci.y,v'.
                      Trying pattern rule with stem 'usb-ohci.y'.
                      Trying implicit prerequisite 'src/hw/RCS/usb-ohci.y'.
                      Trying pattern rule with stem 'usb-ohci.y'.
                      Trying implicit prerequisite 'src/hw/s.usb-ohci.y'.
                      Trying pattern rule with stem 'usb-ohci.y'.
                      Trying implicit prerequisite 'src/hw/SCCS/s.usb-ohci.y'.
                     Trying pattern rule with stem 'usb-ohci'.
                     Trying implicit prerequisite 'src/hw/usb-ohci.l'.
                     Looking for a rule with intermediate file 'src/hw/usb-ohci.l'.
                      Avoiding implicit rule recursion.
                      Trying pattern rule with stem 'usb-ohci.l'.
                      Trying implicit prerequisite 'src/hw/usb-ohci.l,v'.
                      Trying pattern rule with stem 'usb-ohci.l'.
                      Trying implicit prerequisite 'src/hw/RCS/usb-ohci.l,v'.
                      Trying pattern rule with stem 'usb-ohci.l'.
                      Trying implicit prerequisite 'src/hw/RCS/usb-ohci.l'.
                      Trying pattern rule with stem 'usb-ohci.l'.
                      Trying implicit prerequisite 'src/hw/s.usb-ohci.l'.
                      Trying pattern rule with stem 'usb-ohci.l'.
                      Trying implicit prerequisite 'src/hw/SCCS/s.usb-ohci.l'.
                     Trying pattern rule with stem 'usb-ohci'.
                     Trying implicit prerequisite 'src/hw/usb-ohci.w'.
                     Looking for a rule with intermediate file 'src/hw/usb-ohci.w'.
                      Avoiding implicit rule recursion.
                      Trying pattern rule with stem 'usb-ohci.w'.
                      Trying implicit prerequisite 'src/hw/usb-ohci.w,v'.
                      Trying pattern rule with stem 'usb-ohci.w'.
                      Trying implicit prerequisite 'src/hw/RCS/usb-ohci.w,v'.
                      Trying pattern rule with stem 'usb-ohci.w'.
                      Trying implicit prerequisite 'src/hw/RCS/usb-ohci.w'.
                      Trying pattern rule with stem 'usb-ohci.w'.
                      Trying implicit prerequisite 'src/hw/s.usb-ohci.w'.
                      Trying pattern rule with stem 'usb-ohci.w'.
                      Trying implicit prerequisite 'src/hw/SCCS/s.usb-ohci.w'.
                     Trying pattern rule with stem 'usb-ohci'.
                     Rejecting impossible implicit prerequisite 'src/hw/usb-ohci.w'.
                     No implicit rule found for 'src/hw/usb-ohci.c'.
                     Finished prerequisites of target file 'src/hw/usb-ohci.c'.
                    No need to remake target 'src/hw/usb-ohci.c'.
                    Pruning file 'out/autoconf.h'.
                   Finished prerequisites of target file 'out/src/hw/usb-ohci.o'.
                  Must remake target 'out/src/hw/usb-ohci.o'.
Putting child 0x218cda30 (out/src/hw/usb-ohci.o) PID 5140 on the chain.
Live child 0x218cda30 (out/src/hw/usb-ohci.o) PID 5140 
  Compile checking out/src/hw/usb-ohci.o
Reaping winning child 0x218cda30 PID 5140 
Live child 0x218cda30 (out/src/hw/usb-ohci.o) PID 5141 
Reaping winning child 0x218cda30 PID 5141 
Removing child 0x218cda30 PID 5141 from chain.
                  Successfully remade target file 'out/src/hw/usb-ohci.o'.
                  Considering target file 'out/src/hw/usb-ehci.o'.
                   File 'out/src/hw/usb-ehci.o' does not exist.
                   Looking for an implicit rule for 'out/src/hw/usb-ehci.o'.
                   Trying pattern rule with stem 'src/hw/usb-ehci'.
                   Trying implicit prerequisite 'src/hw/usb-ehci.c'.
                   Trying rule prerequisite 'out/autoconf.h'.
                   Found an implicit rule for 'out/src/hw/usb-ehci.o'.
                    Considering target file 'src/hw/usb-ehci.c'.
                     Looking for an implicit rule for 'src/hw/usb-ehci.c'.
                     Trying pattern rule with stem 'usb-ehci'.
                     Trying implicit prerequisite 'src/hw/usb-ehci.y'.
                     Trying pattern rule with stem 'usb-ehci'.
                     Trying implicit prerequisite 'src/hw/usb-ehci.l'.
                     Trying pattern rule with stem 'usb-ehci'.
                     Trying implicit prerequisite 'src/hw/usb-ehci.w'.
                     Trying pattern rule with stem 'usb-ehci'.
                     Trying implicit prerequisite 'src/hw/usb-ehci.w'.
                     Trying pattern rule with stem 'usb-ehci.c'.
                     Trying implicit prerequisite 'src/hw/usb-ehci.c,v'.
                     Trying pattern rule with stem 'usb-ehci.c'.
                     Trying implicit prerequisite 'src/hw/RCS/usb-ehci.c,v'.
                     Trying pattern rule with stem 'usb-ehci.c'.
                     Trying implicit prerequisite 'src/hw/RCS/usb-ehci.c'.
                     Trying pattern rule with stem 'usb-ehci.c'.
                     Trying implicit prerequisite 'src/hw/s.usb-ehci.c'.
                     Trying pattern rule with stem 'usb-ehci.c'.
                     Trying implicit prerequisite 'src/hw/SCCS/s.usb-ehci.c'.
                     Trying pattern rule with stem 'usb-ehci'.
                     Trying implicit prerequisite 'src/hw/usb-ehci.y'.
                     Looking for a rule with intermediate file 'src/hw/usb-ehci.y'.
                      Avoiding implicit rule recursion.
                      Trying pattern rule with stem 'usb-ehci.y'.
                      Trying implicit prerequisite 'src/hw/usb-ehci.y,v'.
                      Trying pattern rule with stem 'usb-ehci.y'.
                      Trying implicit prerequisite 'src/hw/RCS/usb-ehci.y,v'.
                      Trying pattern rule with stem 'usb-ehci.y'.
                      Trying implicit prerequisite 'src/hw/RCS/usb-ehci.y'.
                      Trying pattern rule with stem 'usb-ehci.y'.
                      Trying implicit prerequisite 'src/hw/s.usb-ehci.y'.
                      Trying pattern rule with stem 'usb-ehci.y'.
                      Trying implicit prerequisite 'src/hw/SCCS/s.usb-ehci.y'.
                     Trying pattern rule with stem 'usb-ehci'.
                     Trying implicit prerequisite 'src/hw/usb-ehci.l'.
                     Looking for a rule with intermediate file 'src/hw/usb-ehci.l'.
                      Avoiding implicit rule recursion.
                      Trying pattern rule with stem 'usb-ehci.l'.
                      Trying implicit prerequisite 'src/hw/usb-ehci.l,v'.
                      Trying pattern rule with stem 'usb-ehci.l'.
                      Trying implicit prerequisite 'src/hw/RCS/usb-ehci.l,v'.
                      Trying pattern rule with stem 'usb-ehci.l'.
                      Trying implicit prerequisite 'src/hw/RCS/usb-ehci.l'.
                      Trying pattern rule with stem 'usb-ehci.l'.
                      Trying implicit prerequisite 'src/hw/s.usb-ehci.l'.
                      Trying pattern rule with stem 'usb-ehci.l'.
                      Trying implicit prerequisite 'src/hw/SCCS/s.usb-ehci.l'.
                     Trying pattern rule with stem 'usb-ehci'.
                     Trying implicit prerequisite 'src/hw/usb-ehci.w'.
                     Looking for a rule with intermediate file 'src/hw/usb-ehci.w'.
                      Avoiding implicit rule recursion.
                      Trying pattern rule with stem 'usb-ehci.w'.
                      Trying implicit prerequisite 'src/hw/usb-ehci.w,v'.
                      Trying pattern rule with stem 'usb-ehci.w'.
                      Trying implicit prerequisite 'src/hw/RCS/usb-ehci.w,v'.
                      Trying pattern rule with stem 'usb-ehci.w'.
                      Trying implicit prerequisite 'src/hw/RCS/usb-ehci.w'.
                      Trying pattern rule with stem 'usb-ehci.w'.
                      Trying implicit prerequisite 'src/hw/s.usb-ehci.w'.
                      Trying pattern rule with stem 'usb-ehci.w'.
                      Trying implicit prerequisite 'src/hw/SCCS/s.usb-ehci.w'.
                     Trying pattern rule with stem 'usb-ehci'.
                     Rejecting impossible implicit prerequisite 'src/hw/usb-ehci.w'.
                     No implicit rule found for 'src/hw/usb-ehci.c'.
                     Finished prerequisites of target file 'src/hw/usb-ehci.c'.
                    No need to remake target 'src/hw/usb-ehci.c'.
                    Pruning file 'out/autoconf.h'.
                   Finished prerequisites of target file 'out/src/hw/usb-ehci.o'.
                  Must remake target 'out/src/hw/usb-ehci.o'.
Putting child 0x218ce080 (out/src/hw/usb-ehci.o) PID 5144 on the chain.
Live child 0x218ce080 (out/src/hw/usb-ehci.o) PID 5144 
  Compile checking out/src/hw/usb-ehci.o
Reaping winning child 0x218ce080 PID 5144 
Live child 0x218ce080 (out/src/hw/usb-ehci.o) PID 5145 
Reaping winning child 0x218ce080 PID 5145 
Removing child 0x218ce080 PID 5145 from chain.
                  Successfully remade target file 'out/src/hw/usb-ehci.o'.
                  Considering target file 'out/src/hw/usb-hid.o'.
                   File 'out/src/hw/usb-hid.o' does not exist.
                   Looking for an implicit rule for 'out/src/hw/usb-hid.o'.
                   Trying pattern rule with stem 'src/hw/usb-hid'.
                   Trying implicit prerequisite 'src/hw/usb-hid.c'.
                   Trying rule prerequisite 'out/autoconf.h'.
                   Found an implicit rule for 'out/src/hw/usb-hid.o'.
                    Considering target file 'src/hw/usb-hid.c'.
                     Looking for an implicit rule for 'src/hw/usb-hid.c'.
                     Trying pattern rule with stem 'usb-hid'.
                     Trying implicit prerequisite 'src/hw/usb-hid.y'.
                     Trying pattern rule with stem 'usb-hid'.
                     Trying implicit prerequisite 'src/hw/usb-hid.l'.
                     Trying pattern rule with stem 'usb-hid'.
                     Trying implicit prerequisite 'src/hw/usb-hid.w'.
                     Trying pattern rule with stem 'usb-hid'.
                     Trying implicit prerequisite 'src/hw/usb-hid.w'.
                     Trying pattern rule with stem 'usb-hid.c'.
                     Trying implicit prerequisite 'src/hw/usb-hid.c,v'.
                     Trying pattern rule with stem 'usb-hid.c'.
                     Trying implicit prerequisite 'src/hw/RCS/usb-hid.c,v'.
                     Trying pattern rule with stem 'usb-hid.c'.
                     Trying implicit prerequisite 'src/hw/RCS/usb-hid.c'.
                     Trying pattern rule with stem 'usb-hid.c'.
                     Trying implicit prerequisite 'src/hw/s.usb-hid.c'.
                     Trying pattern rule with stem 'usb-hid.c'.
                     Trying implicit prerequisite 'src/hw/SCCS/s.usb-hid.c'.
                     Trying pattern rule with stem 'usb-hid'.
                     Trying implicit prerequisite 'src/hw/usb-hid.y'.
                     Looking for a rule with intermediate file 'src/hw/usb-hid.y'.
                      Avoiding implicit rule recursion.
                      Trying pattern rule with stem 'usb-hid.y'.
                      Trying implicit prerequisite 'src/hw/usb-hid.y,v'.
                      Trying pattern rule with stem 'usb-hid.y'.
                      Trying implicit prerequisite 'src/hw/RCS/usb-hid.y,v'.
                      Trying pattern rule with stem 'usb-hid.y'.
                      Trying implicit prerequisite 'src/hw/RCS/usb-hid.y'.
                      Trying pattern rule with stem 'usb-hid.y'.
                      Trying implicit prerequisite 'src/hw/s.usb-hid.y'.
                      Trying pattern rule with stem 'usb-hid.y'.
                      Trying implicit prerequisite 'src/hw/SCCS/s.usb-hid.y'.
                     Trying pattern rule with stem 'usb-hid'.
                     Trying implicit prerequisite 'src/hw/usb-hid.l'.
                     Looking for a rule with intermediate file 'src/hw/usb-hid.l'.
                      Avoiding implicit rule recursion.
                      Trying pattern rule with stem 'usb-hid.l'.
                      Trying implicit prerequisite 'src/hw/usb-hid.l,v'.
                      Trying pattern rule with stem 'usb-hid.l'.
                      Trying implicit prerequisite 'src/hw/RCS/usb-hid.l,v'.
                      Trying pattern rule with stem 'usb-hid.l'.
                      Trying implicit prerequisite 'src/hw/RCS/usb-hid.l'.
                      Trying pattern rule with stem 'usb-hid.l'.
                      Trying implicit prerequisite 'src/hw/s.usb-hid.l'.
                      Trying pattern rule with stem 'usb-hid.l'.
                      Trying implicit prerequisite 'src/hw/SCCS/s.usb-hid.l'.
                     Trying pattern rule with stem 'usb-hid'.
                     Trying implicit prerequisite 'src/hw/usb-hid.w'.
                     Looking for a rule with intermediate file 'src/hw/usb-hid.w'.
                      Avoiding implicit rule recursion.
                      Trying pattern rule with stem 'usb-hid.w'.
                      Trying implicit prerequisite 'src/hw/usb-hid.w,v'.
                      Trying pattern rule with stem 'usb-hid.w'.
                      Trying implicit prerequisite 'src/hw/RCS/usb-hid.w,v'.
                      Trying pattern rule with stem 'usb-hid.w'.
                      Trying implicit prerequisite 'src/hw/RCS/usb-hid.w'.
                      Trying pattern rule with stem 'usb-hid.w'.
                      Trying implicit prerequisite 'src/hw/s.usb-hid.w'.
                      Trying pattern rule with stem 'usb-hid.w'.
                      Trying implicit prerequisite 'src/hw/SCCS/s.usb-hid.w'.
                     Trying pattern rule with stem 'usb-hid'.
                     Rejecting impossible implicit prerequisite 'src/hw/usb-hid.w'.
                     No implicit rule found for 'src/hw/usb-hid.c'.
                     Finished prerequisites of target file 'src/hw/usb-hid.c'.
                    No need to remake target 'src/hw/usb-hid.c'.
                    Pruning file 'out/autoconf.h'.
                   Finished prerequisites of target file 'out/src/hw/usb-hid.o'.
                  Must remake target 'out/src/hw/usb-hid.o'.
Putting child 0x218ce6d0 (out/src/hw/usb-hid.o) PID 5148 on the chain.
Live child 0x218ce6d0 (out/src/hw/usb-hid.o) PID 5148 
  Compile checking out/src/hw/usb-hid.o
Reaping winning child 0x218ce6d0 PID 5148 
Live child 0x218ce6d0 (out/src/hw/usb-hid.o) PID 5149 
Reaping winning child 0x218ce6d0 PID 5149 
Removing child 0x218ce6d0 PID 5149 from chain.
                  Successfully remade target file 'out/src/hw/usb-hid.o'.
                  Considering target file 'out/src/hw/usb-msc.o'.
                   File 'out/src/hw/usb-msc.o' does not exist.
                   Looking for an implicit rule for 'out/src/hw/usb-msc.o'.
                   Trying pattern rule with stem 'src/hw/usb-msc'.
                   Trying implicit prerequisite 'src/hw/usb-msc.c'.
                   Trying rule prerequisite 'out/autoconf.h'.
                   Found an implicit rule for 'out/src/hw/usb-msc.o'.
                    Considering target file 'src/hw/usb-msc.c'.
                     Looking for an implicit rule for 'src/hw/usb-msc.c'.
                     Trying pattern rule with stem 'usb-msc'.
                     Trying implicit prerequisite 'src/hw/usb-msc.y'.
                     Trying pattern rule with stem 'usb-msc'.
                     Trying implicit prerequisite 'src/hw/usb-msc.l'.
                     Trying pattern rule with stem 'usb-msc'.
                     Trying implicit prerequisite 'src/hw/usb-msc.w'.
                     Trying pattern rule with stem 'usb-msc'.
                     Trying implicit prerequisite 'src/hw/usb-msc.w'.
                     Trying pattern rule with stem 'usb-msc.c'.
                     Trying implicit prerequisite 'src/hw/usb-msc.c,v'.
                     Trying pattern rule with stem 'usb-msc.c'.
                     Trying implicit prerequisite 'src/hw/RCS/usb-msc.c,v'.
                     Trying pattern rule with stem 'usb-msc.c'.
                     Trying implicit prerequisite 'src/hw/RCS/usb-msc.c'.
                     Trying pattern rule with stem 'usb-msc.c'.
                     Trying implicit prerequisite 'src/hw/s.usb-msc.c'.
                     Trying pattern rule with stem 'usb-msc.c'.
                     Trying implicit prerequisite 'src/hw/SCCS/s.usb-msc.c'.
                     Trying pattern rule with stem 'usb-msc'.
                     Trying implicit prerequisite 'src/hw/usb-msc.y'.
                     Looking for a rule with intermediate file 'src/hw/usb-msc.y'.
                      Avoiding implicit rule recursion.
                      Trying pattern rule with stem 'usb-msc.y'.
                      Trying implicit prerequisite 'src/hw/usb-msc.y,v'.
                      Trying pattern rule with stem 'usb-msc.y'.
                      Trying implicit prerequisite 'src/hw/RCS/usb-msc.y,v'.
                      Trying pattern rule with stem 'usb-msc.y'.
                      Trying implicit prerequisite 'src/hw/RCS/usb-msc.y'.
                      Trying pattern rule with stem 'usb-msc.y'.
                      Trying implicit prerequisite 'src/hw/s.usb-msc.y'.
                      Trying pattern rule with stem 'usb-msc.y'.
                      Trying implicit prerequisite 'src/hw/SCCS/s.usb-msc.y'.
                     Trying pattern rule with stem 'usb-msc'.
                     Trying implicit prerequisite 'src/hw/usb-msc.l'.
                     Looking for a rule with intermediate file 'src/hw/usb-msc.l'.
                      Avoiding implicit rule recursion.
                      Trying pattern rule with stem 'usb-msc.l'.
                      Trying implicit prerequisite 'src/hw/usb-msc.l,v'.
                      Trying pattern rule with stem 'usb-msc.l'.
                      Trying implicit prerequisite 'src/hw/RCS/usb-msc.l,v'.
                      Trying pattern rule with stem 'usb-msc.l'.
                      Trying implicit prerequisite 'src/hw/RCS/usb-msc.l'.
                      Trying pattern rule with stem 'usb-msc.l'.
                      Trying implicit prerequisite 'src/hw/s.usb-msc.l'.
                      Trying pattern rule with stem 'usb-msc.l'.
                      Trying implicit prerequisite 'src/hw/SCCS/s.usb-msc.l'.
                     Trying pattern rule with stem 'usb-msc'.
                     Trying implicit prerequisite 'src/hw/usb-msc.w'.
                     Looking for a rule with intermediate file 'src/hw/usb-msc.w'.
                      Avoiding implicit rule recursion.
                      Trying pattern rule with stem 'usb-msc.w'.
                      Trying implicit prerequisite 'src/hw/usb-msc.w,v'.
                      Trying pattern rule with stem 'usb-msc.w'.
                      Trying implicit prerequisite 'src/hw/RCS/usb-msc.w,v'.
                      Trying pattern rule with stem 'usb-msc.w'.
                      Trying implicit prerequisite 'src/hw/RCS/usb-msc.w'.
                      Trying pattern rule with stem 'usb-msc.w'.
                      Trying implicit prerequisite 'src/hw/s.usb-msc.w'.
                      Trying pattern rule with stem 'usb-msc.w'.
                      Trying implicit prerequisite 'src/hw/SCCS/s.usb-msc.w'.
                     Trying pattern rule with stem 'usb-msc'.
                     Rejecting impossible implicit prerequisite 'src/hw/usb-msc.w'.
                     No implicit rule found for 'src/hw/usb-msc.c'.
                     Finished prerequisites of target file 'src/hw/usb-msc.c'.
                    No need to remake target 'src/hw/usb-msc.c'.
                    Pruning file 'out/autoconf.h'.
                   Finished prerequisites of target file 'out/src/hw/usb-msc.o'.
                  Must remake target 'out/src/hw/usb-msc.o'.
Putting child 0x218cf6c0 (out/src/hw/usb-msc.o) PID 5152 on the chain.
Live child 0x218cf6c0 (out/src/hw/usb-msc.o) PID 5152 
  Compile checking out/src/hw/usb-msc.o
Reaping winning child 0x218cf6c0 PID 5152 
Live child 0x218cf6c0 (out/src/hw/usb-msc.o) PID 5153 
Reaping winning child 0x218cf6c0 PID 5153 
Removing child 0x218cf6c0 PID 5153 from chain.
                  Successfully remade target file 'out/src/hw/usb-msc.o'.
                  Considering target file 'out/src/hw/usb-uas.o'.
                   File 'out/src/hw/usb-uas.o' does not exist.
                   Looking for an implicit rule for 'out/src/hw/usb-uas.o'.
                   Trying pattern rule with stem 'src/hw/usb-uas'.
                   Trying implicit prerequisite 'src/hw/usb-uas.c'.
                   Trying rule prerequisite 'out/autoconf.h'.
                   Found an implicit rule for 'out/src/hw/usb-uas.o'.
                    Considering target file 'src/hw/usb-uas.c'.
                     Looking for an implicit rule for 'src/hw/usb-uas.c'.
                     Trying pattern rule with stem 'usb-uas'.
                     Trying implicit prerequisite 'src/hw/usb-uas.y'.
                     Trying pattern rule with stem 'usb-uas'.
                     Trying implicit prerequisite 'src/hw/usb-uas.l'.
                     Trying pattern rule with stem 'usb-uas'.
                     Trying implicit prerequisite 'src/hw/usb-uas.w'.
                     Trying pattern rule with stem 'usb-uas'.
                     Trying implicit prerequisite 'src/hw/usb-uas.w'.
                     Trying pattern rule with stem 'usb-uas.c'.
                     Trying implicit prerequisite 'src/hw/usb-uas.c,v'.
                     Trying pattern rule with stem 'usb-uas.c'.
                     Trying implicit prerequisite 'src/hw/RCS/usb-uas.c,v'.
                     Trying pattern rule with stem 'usb-uas.c'.
                     Trying implicit prerequisite 'src/hw/RCS/usb-uas.c'.
                     Trying pattern rule with stem 'usb-uas.c'.
                     Trying implicit prerequisite 'src/hw/s.usb-uas.c'.
                     Trying pattern rule with stem 'usb-uas.c'.
                     Trying implicit prerequisite 'src/hw/SCCS/s.usb-uas.c'.
                     Trying pattern rule with stem 'usb-uas'.
                     Trying implicit prerequisite 'src/hw/usb-uas.y'.
                     Looking for a rule with intermediate file 'src/hw/usb-uas.y'.
                      Avoiding implicit rule recursion.
                      Trying pattern rule with stem 'usb-uas.y'.
                      Trying implicit prerequisite 'src/hw/usb-uas.y,v'.
                      Trying pattern rule with stem 'usb-uas.y'.
                      Trying implicit prerequisite 'src/hw/RCS/usb-uas.y,v'.
                      Trying pattern rule with stem 'usb-uas.y'.
                      Trying implicit prerequisite 'src/hw/RCS/usb-uas.y'.
                      Trying pattern rule with stem 'usb-uas.y'.
                      Trying implicit prerequisite 'src/hw/s.usb-uas.y'.
                      Trying pattern rule with stem 'usb-uas.y'.
                      Trying implicit prerequisite 'src/hw/SCCS/s.usb-uas.y'.
                     Trying pattern rule with stem 'usb-uas'.
                     Trying implicit prerequisite 'src/hw/usb-uas.l'.
                     Looking for a rule with intermediate file 'src/hw/usb-uas.l'.
                      Avoiding implicit rule recursion.
                      Trying pattern rule with stem 'usb-uas.l'.
                      Trying implicit prerequisite 'src/hw/usb-uas.l,v'.
                      Trying pattern rule with stem 'usb-uas.l'.
                      Trying implicit prerequisite 'src/hw/RCS/usb-uas.l,v'.
                      Trying pattern rule with stem 'usb-uas.l'.
                      Trying implicit prerequisite 'src/hw/RCS/usb-uas.l'.
                      Trying pattern rule with stem 'usb-uas.l'.
                      Trying implicit prerequisite 'src/hw/s.usb-uas.l'.
                      Trying pattern rule with stem 'usb-uas.l'.
                      Trying implicit prerequisite 'src/hw/SCCS/s.usb-uas.l'.
                     Trying pattern rule with stem 'usb-uas'.
                     Trying implicit prerequisite 'src/hw/usb-uas.w'.
                     Looking for a rule with intermediate file 'src/hw/usb-uas.w'.
                      Avoiding implicit rule recursion.
                      Trying pattern rule with stem 'usb-uas.w'.
                      Trying implicit prerequisite 'src/hw/usb-uas.w,v'.
                      Trying pattern rule with stem 'usb-uas.w'.
                      Trying implicit prerequisite 'src/hw/RCS/usb-uas.w,v'.
                      Trying pattern rule with stem 'usb-uas.w'.
                      Trying implicit prerequisite 'src/hw/RCS/usb-uas.w'.
                      Trying pattern rule with stem 'usb-uas.w'.
                      Trying implicit prerequisite 'src/hw/s.usb-uas.w'.
                      Trying pattern rule with stem 'usb-uas.w'.
                      Trying implicit prerequisite 'src/hw/SCCS/s.usb-uas.w'.
                     Trying pattern rule with stem 'usb-uas'.
                     Rejecting impossible implicit prerequisite 'src/hw/usb-uas.w'.
                     No implicit rule found for 'src/hw/usb-uas.c'.
                     Finished prerequisites of target file 'src/hw/usb-uas.c'.
                    No need to remake target 'src/hw/usb-uas.c'.
                    Pruning file 'out/autoconf.h'.
                   Finished prerequisites of target file 'out/src/hw/usb-uas.o'.
                  Must remake target 'out/src/hw/usb-uas.o'.
Putting child 0x218cfcd0 (out/src/hw/usb-uas.o) PID 5156 on the chain.
Live child 0x218cfcd0 (out/src/hw/usb-uas.o) PID 5156 
  Compile checking out/src/hw/usb-uas.o
Reaping winning child 0x218cfcd0 PID 5156 
Live child 0x218cfcd0 (out/src/hw/usb-uas.o) PID 5157 
Reaping winning child 0x218cfcd0 PID 5157 
Removing child 0x218cfcd0 PID 5157 from chain.
                  Successfully remade target file 'out/src/hw/usb-uas.o'.
                  Considering target file 'out/src/hw/blockcmd.o'.
                   File 'out/src/hw/blockcmd.o' does not exist.
                   Looking for an implicit rule for 'out/src/hw/blockcmd.o'.
                   Trying pattern rule with stem 'src/hw/blockcmd'.
                   Trying implicit prerequisite 'src/hw/blockcmd.c'.
                   Trying rule prerequisite 'out/autoconf.h'.
                   Found an implicit rule for 'out/src/hw/blockcmd.o'.
                    Considering target file 'src/hw/blockcmd.c'.
                     Looking for an implicit rule for 'src/hw/blockcmd.c'.
                     Trying pattern rule with stem 'blockcmd'.
                     Trying implicit prerequisite 'src/hw/blockcmd.y'.
                     Trying pattern rule with stem 'blockcmd'.
                     Trying implicit prerequisite 'src/hw/blockcmd.l'.
                     Trying pattern rule with stem 'blockcmd'.
                     Trying implicit prerequisite 'src/hw/blockcmd.w'.
                     Trying pattern rule with stem 'blockcmd'.
                     Trying implicit prerequisite 'src/hw/blockcmd.w'.
                     Trying pattern rule with stem 'blockcmd.c'.
                     Trying implicit prerequisite 'src/hw/blockcmd.c,v'.
                     Trying pattern rule with stem 'blockcmd.c'.
                     Trying implicit prerequisite 'src/hw/RCS/blockcmd.c,v'.
                     Trying pattern rule with stem 'blockcmd.c'.
                     Trying implicit prerequisite 'src/hw/RCS/blockcmd.c'.
                     Trying pattern rule with stem 'blockcmd.c'.
                     Trying implicit prerequisite 'src/hw/s.blockcmd.c'.
                     Trying pattern rule with stem 'blockcmd.c'.
                     Trying implicit prerequisite 'src/hw/SCCS/s.blockcmd.c'.
                     Trying pattern rule with stem 'blockcmd'.
                     Trying implicit prerequisite 'src/hw/blockcmd.y'.
                     Looking for a rule with intermediate file 'src/hw/blockcmd.y'.
                      Avoiding implicit rule recursion.
                      Trying pattern rule with stem 'blockcmd.y'.
                      Trying implicit prerequisite 'src/hw/blockcmd.y,v'.
                      Trying pattern rule with stem 'blockcmd.y'.
                      Trying implicit prerequisite 'src/hw/RCS/blockcmd.y,v'.
                      Trying pattern rule with stem 'blockcmd.y'.
                      Trying implicit prerequisite 'src/hw/RCS/blockcmd.y'.
                      Trying pattern rule with stem 'blockcmd.y'.
                      Trying implicit prerequisite 'src/hw/s.blockcmd.y'.
                      Trying pattern rule with stem 'blockcmd.y'.
                      Trying implicit prerequisite 'src/hw/SCCS/s.blockcmd.y'.
                     Trying pattern rule with stem 'blockcmd'.
                     Trying implicit prerequisite 'src/hw/blockcmd.l'.
                     Looking for a rule with intermediate file 'src/hw/blockcmd.l'.
                      Avoiding implicit rule recursion.
                      Trying pattern rule with stem 'blockcmd.l'.
                      Trying implicit prerequisite 'src/hw/blockcmd.l,v'.
                      Trying pattern rule with stem 'blockcmd.l'.
                      Trying implicit prerequisite 'src/hw/RCS/blockcmd.l,v'.
                      Trying pattern rule with stem 'blockcmd.l'.
                      Trying implicit prerequisite 'src/hw/RCS/blockcmd.l'.
                      Trying pattern rule with stem 'blockcmd.l'.
                      Trying implicit prerequisite 'src/hw/s.blockcmd.l'.
                      Trying pattern rule with stem 'blockcmd.l'.
                      Trying implicit prerequisite 'src/hw/SCCS/s.blockcmd.l'.
                     Trying pattern rule with stem 'blockcmd'.
                     Trying implicit prerequisite 'src/hw/blockcmd.w'.
                     Looking for a rule with intermediate file 'src/hw/blockcmd.w'.
                      Avoiding implicit rule recursion.
                      Trying pattern rule with stem 'blockcmd.w'.
                      Trying implicit prerequisite 'src/hw/blockcmd.w,v'.
                      Trying pattern rule with stem 'blockcmd.w'.
                      Trying implicit prerequisite 'src/hw/RCS/blockcmd.w,v'.
                      Trying pattern rule with stem 'blockcmd.w'.
                      Trying implicit prerequisite 'src/hw/RCS/blockcmd.w'.
                      Trying pattern rule with stem 'blockcmd.w'.
                      Trying implicit prerequisite 'src/hw/s.blockcmd.w'.
                      Trying pattern rule with stem 'blockcmd.w'.
                      Trying implicit prerequisite 'src/hw/SCCS/s.blockcmd.w'.
                     Trying pattern rule with stem 'blockcmd'.
                     Rejecting impossible implicit prerequisite 'src/hw/blockcmd.w'.
                     No implicit rule found for 'src/hw/blockcmd.c'.
                     Finished prerequisites of target file 'src/hw/blockcmd.c'.
                    No need to remake target 'src/hw/blockcmd.c'.
                    Pruning file 'out/autoconf.h'.
                   Finished prerequisites of target file 'out/src/hw/blockcmd.o'.
                  Must remake target 'out/src/hw/blockcmd.o'.
Putting child 0x218d01c0 (out/src/hw/blockcmd.o) PID 5160 on the chain.
Live child 0x218d01c0 (out/src/hw/blockcmd.o) PID 5160 
  Compile checking out/src/hw/blockcmd.o
Reaping winning child 0x218d01c0 PID 5160 
Live child 0x218d01c0 (out/src/hw/blockcmd.o) PID 5161 
Reaping winning child 0x218d01c0 PID 5161 
Removing child 0x218d01c0 PID 5161 from chain.
                  Successfully remade target file 'out/src/hw/blockcmd.o'.
                  Considering target file 'out/src/hw/floppy.o'.
                   File 'out/src/hw/floppy.o' does not exist.
                   Looking for an implicit rule for 'out/src/hw/floppy.o'.
                   Trying pattern rule with stem 'src/hw/floppy'.
                   Trying implicit prerequisite 'src/hw/floppy.c'.
                   Trying rule prerequisite 'out/autoconf.h'.
                   Found an implicit rule for 'out/src/hw/floppy.o'.
                    Considering target file 'src/hw/floppy.c'.
                     Looking for an implicit rule for 'src/hw/floppy.c'.
                     Trying pattern rule with stem 'floppy'.
                     Trying implicit prerequisite 'src/hw/floppy.y'.
                     Trying pattern rule with stem 'floppy'.
                     Trying implicit prerequisite 'src/hw/floppy.l'.
                     Trying pattern rule with stem 'floppy'.
                     Trying implicit prerequisite 'src/hw/floppy.w'.
                     Trying pattern rule with stem 'floppy'.
                     Trying implicit prerequisite 'src/hw/floppy.w'.
                     Trying pattern rule with stem 'floppy.c'.
                     Trying implicit prerequisite 'src/hw/floppy.c,v'.
                     Trying pattern rule with stem 'floppy.c'.
                     Trying implicit prerequisite 'src/hw/RCS/floppy.c,v'.
                     Trying pattern rule with stem 'floppy.c'.
                     Trying implicit prerequisite 'src/hw/RCS/floppy.c'.
                     Trying pattern rule with stem 'floppy.c'.
                     Trying implicit prerequisite 'src/hw/s.floppy.c'.
                     Trying pattern rule with stem 'floppy.c'.
                     Trying implicit prerequisite 'src/hw/SCCS/s.floppy.c'.
                     Trying pattern rule with stem 'floppy'.
                     Trying implicit prerequisite 'src/hw/floppy.y'.
                     Looking for a rule with intermediate file 'src/hw/floppy.y'.
                      Avoiding implicit rule recursion.
                      Trying pattern rule with stem 'floppy.y'.
                      Trying implicit prerequisite 'src/hw/floppy.y,v'.
                      Trying pattern rule with stem 'floppy.y'.
                      Trying implicit prerequisite 'src/hw/RCS/floppy.y,v'.
                      Trying pattern rule with stem 'floppy.y'.
                      Trying implicit prerequisite 'src/hw/RCS/floppy.y'.
                      Trying pattern rule with stem 'floppy.y'.
                      Trying implicit prerequisite 'src/hw/s.floppy.y'.
                      Trying pattern rule with stem 'floppy.y'.
                      Trying implicit prerequisite 'src/hw/SCCS/s.floppy.y'.
                     Trying pattern rule with stem 'floppy'.
                     Trying implicit prerequisite 'src/hw/floppy.l'.
                     Looking for a rule with intermediate file 'src/hw/floppy.l'.
                      Avoiding implicit rule recursion.
                      Trying pattern rule with stem 'floppy.l'.
                      Trying implicit prerequisite 'src/hw/floppy.l,v'.
                      Trying pattern rule with stem 'floppy.l'.
                      Trying implicit prerequisite 'src/hw/RCS/floppy.l,v'.
                      Trying pattern rule with stem 'floppy.l'.
                      Trying implicit prerequisite 'src/hw/RCS/floppy.l'.
                      Trying pattern rule with stem 'floppy.l'.
                      Trying implicit prerequisite 'src/hw/s.floppy.l'.
                      Trying pattern rule with stem 'floppy.l'.
                      Trying implicit prerequisite 'src/hw/SCCS/s.floppy.l'.
                     Trying pattern rule with stem 'floppy'.
                     Trying implicit prerequisite 'src/hw/floppy.w'.
                     Looking for a rule with intermediate file 'src/hw/floppy.w'.
                      Avoiding implicit rule recursion.
                      Trying pattern rule with stem 'floppy.w'.
                      Trying implicit prerequisite 'src/hw/floppy.w,v'.
                      Trying pattern rule with stem 'floppy.w'.
                      Trying implicit prerequisite 'src/hw/RCS/floppy.w,v'.
                      Trying pattern rule with stem 'floppy.w'.
                      Trying implicit prerequisite 'src/hw/RCS/floppy.w'.
                      Trying pattern rule with stem 'floppy.w'.
                      Trying implicit prerequisite 'src/hw/s.floppy.w'.
                      Trying pattern rule with stem 'floppy.w'.
                      Trying implicit prerequisite 'src/hw/SCCS/s.floppy.w'.
                     Trying pattern rule with stem 'floppy'.
                     Rejecting impossible implicit prerequisite 'src/hw/floppy.w'.
                     No implicit rule found for 'src/hw/floppy.c'.
                     Finished prerequisites of target file 'src/hw/floppy.c'.
                    No need to remake target 'src/hw/floppy.c'.
                    Pruning file 'out/autoconf.h'.
                   Finished prerequisites of target file 'out/src/hw/floppy.o'.
                  Must remake target 'out/src/hw/floppy.o'.
Putting child 0x218ceac0 (out/src/hw/floppy.o) PID 5164 on the chain.
Live child 0x218ceac0 (out/src/hw/floppy.o) PID 5164 
  Compile checking out/src/hw/floppy.o
Reaping winning child 0x218ceac0 PID 5164 
Live child 0x218ceac0 (out/src/hw/floppy.o) PID 5165 
Reaping winning child 0x218ceac0 PID 5165 
Removing child 0x218ceac0 PID 5165 from chain.
                  Successfully remade target file 'out/src/hw/floppy.o'.
                  Considering target file 'out/src/hw/ata.o'.
                   File 'out/src/hw/ata.o' does not exist.
                   Looking for an implicit rule for 'out/src/hw/ata.o'.
                   Trying pattern rule with stem 'src/hw/ata'.
                   Trying implicit prerequisite 'src/hw/ata.c'.
                   Trying rule prerequisite 'out/autoconf.h'.
                   Found an implicit rule for 'out/src/hw/ata.o'.
                    Considering target file 'src/hw/ata.c'.
                     Looking for an implicit rule for 'src/hw/ata.c'.
                     Trying pattern rule with stem 'ata'.
                     Trying implicit prerequisite 'src/hw/ata.y'.
                     Trying pattern rule with stem 'ata'.
                     Trying implicit prerequisite 'src/hw/ata.l'.
                     Trying pattern rule with stem 'ata'.
                     Trying implicit prerequisite 'src/hw/ata.w'.
                     Trying pattern rule with stem 'ata'.
                     Trying implicit prerequisite 'src/hw/ata.w'.
                     Trying pattern rule with stem 'ata.c'.
                     Trying implicit prerequisite 'src/hw/ata.c,v'.
                     Trying pattern rule with stem 'ata.c'.
                     Trying implicit prerequisite 'src/hw/RCS/ata.c,v'.
                     Trying pattern rule with stem 'ata.c'.
                     Trying implicit prerequisite 'src/hw/RCS/ata.c'.
                     Trying pattern rule with stem 'ata.c'.
                     Trying implicit prerequisite 'src/hw/s.ata.c'.
                     Trying pattern rule with stem 'ata.c'.
                     Trying implicit prerequisite 'src/hw/SCCS/s.ata.c'.
                     Trying pattern rule with stem 'ata'.
                     Trying implicit prerequisite 'src/hw/ata.y'.
                     Looking for a rule with intermediate file 'src/hw/ata.y'.
                      Avoiding implicit rule recursion.
                      Trying pattern rule with stem 'ata.y'.
                      Trying implicit prerequisite 'src/hw/ata.y,v'.
                      Trying pattern rule with stem 'ata.y'.
                      Trying implicit prerequisite 'src/hw/RCS/ata.y,v'.
                      Trying pattern rule with stem 'ata.y'.
                      Trying implicit prerequisite 'src/hw/RCS/ata.y'.
                      Trying pattern rule with stem 'ata.y'.
                      Trying implicit prerequisite 'src/hw/s.ata.y'.
                      Trying pattern rule with stem 'ata.y'.
                      Trying implicit prerequisite 'src/hw/SCCS/s.ata.y'.
                     Trying pattern rule with stem 'ata'.
                     Trying implicit prerequisite 'src/hw/ata.l'.
                     Looking for a rule with intermediate file 'src/hw/ata.l'.
                      Avoiding implicit rule recursion.
                      Trying pattern rule with stem 'ata.l'.
                      Trying implicit prerequisite 'src/hw/ata.l,v'.
                      Trying pattern rule with stem 'ata.l'.
                      Trying implicit prerequisite 'src/hw/RCS/ata.l,v'.
                      Trying pattern rule with stem 'ata.l'.
                      Trying implicit prerequisite 'src/hw/RCS/ata.l'.
                      Trying pattern rule with stem 'ata.l'.
                      Trying implicit prerequisite 'src/hw/s.ata.l'.
                      Trying pattern rule with stem 'ata.l'.
                      Trying implicit prerequisite 'src/hw/SCCS/s.ata.l'.
                     Trying pattern rule with stem 'ata'.
                     Trying implicit prerequisite 'src/hw/ata.w'.
                     Looking for a rule with intermediate file 'src/hw/ata.w'.
                      Avoiding implicit rule recursion.
                      Trying pattern rule with stem 'ata.w'.
                      Trying implicit prerequisite 'src/hw/ata.w,v'.
                      Trying pattern rule with stem 'ata.w'.
                      Trying implicit prerequisite 'src/hw/RCS/ata.w,v'.
                      Trying pattern rule with stem 'ata.w'.
                      Trying implicit prerequisite 'src/hw/RCS/ata.w'.
                      Trying pattern rule with stem 'ata.w'.
                      Trying implicit prerequisite 'src/hw/s.ata.w'.
                      Trying pattern rule with stem 'ata.w'.
                      Trying implicit prerequisite 'src/hw/SCCS/s.ata.w'.
                     Trying pattern rule with stem 'ata'.
                     Rejecting impossible implicit prerequisite 'src/hw/ata.w'.
                     No implicit rule found for 'src/hw/ata.c'.
                     Finished prerequisites of target file 'src/hw/ata.c'.
                    No need to remake target 'src/hw/ata.c'.
                    Pruning file 'out/autoconf.h'.
                   Finished prerequisites of target file 'out/src/hw/ata.o'.
                  Must remake target 'out/src/hw/ata.o'.
Putting child 0x218d0b70 (out/src/hw/ata.o) PID 5168 on the chain.
Live child 0x218d0b70 (out/src/hw/ata.o) PID 5168 
  Compile checking out/src/hw/ata.o
Reaping winning child 0x218d0b70 PID 5168 
Live child 0x218d0b70 (out/src/hw/ata.o) PID 5169 
Reaping winning child 0x218d0b70 PID 5169 
Removing child 0x218d0b70 PID 5169 from chain.
                  Successfully remade target file 'out/src/hw/ata.o'.
                  Considering target file 'out/src/hw/ramdisk.o'.
                   File 'out/src/hw/ramdisk.o' does not exist.
                   Looking for an implicit rule for 'out/src/hw/ramdisk.o'.
                   Trying pattern rule with stem 'src/hw/ramdisk'.
                   Trying implicit prerequisite 'src/hw/ramdisk.c'.
                   Trying rule prerequisite 'out/autoconf.h'.
                   Found an implicit rule for 'out/src/hw/ramdisk.o'.
                    Considering target file 'src/hw/ramdisk.c'.
                     Looking for an implicit rule for 'src/hw/ramdisk.c'.
                     Trying pattern rule with stem 'ramdisk'.
                     Trying implicit prerequisite 'src/hw/ramdisk.y'.
                     Trying pattern rule with stem 'ramdisk'.
                     Trying implicit prerequisite 'src/hw/ramdisk.l'.
                     Trying pattern rule with stem 'ramdisk'.
                     Trying implicit prerequisite 'src/hw/ramdisk.w'.
                     Trying pattern rule with stem 'ramdisk'.
                     Trying implicit prerequisite 'src/hw/ramdisk.w'.
                     Trying pattern rule with stem 'ramdisk.c'.
                     Trying implicit prerequisite 'src/hw/ramdisk.c,v'.
                     Trying pattern rule with stem 'ramdisk.c'.
                     Trying implicit prerequisite 'src/hw/RCS/ramdisk.c,v'.
                     Trying pattern rule with stem 'ramdisk.c'.
                     Trying implicit prerequisite 'src/hw/RCS/ramdisk.c'.
                     Trying pattern rule with stem 'ramdisk.c'.
                     Trying implicit prerequisite 'src/hw/s.ramdisk.c'.
                     Trying pattern rule with stem 'ramdisk.c'.
                     Trying implicit prerequisite 'src/hw/SCCS/s.ramdisk.c'.
                     Trying pattern rule with stem 'ramdisk'.
                     Trying implicit prerequisite 'src/hw/ramdisk.y'.
                     Looking for a rule with intermediate file 'src/hw/ramdisk.y'.
                      Avoiding implicit rule recursion.
                      Trying pattern rule with stem 'ramdisk.y'.
                      Trying implicit prerequisite 'src/hw/ramdisk.y,v'.
                      Trying pattern rule with stem 'ramdisk.y'.
                      Trying implicit prerequisite 'src/hw/RCS/ramdisk.y,v'.
                      Trying pattern rule with stem 'ramdisk.y'.
                      Trying implicit prerequisite 'src/hw/RCS/ramdisk.y'.
                      Trying pattern rule with stem 'ramdisk.y'.
                      Trying implicit prerequisite 'src/hw/s.ramdisk.y'.
                      Trying pattern rule with stem 'ramdisk.y'.
                      Trying implicit prerequisite 'src/hw/SCCS/s.ramdisk.y'.
                     Trying pattern rule with stem 'ramdisk'.
                     Trying implicit prerequisite 'src/hw/ramdisk.l'.
                     Looking for a rule with intermediate file 'src/hw/ramdisk.l'.
                      Avoiding implicit rule recursion.
                      Trying pattern rule with stem 'ramdisk.l'.
                      Trying implicit prerequisite 'src/hw/ramdisk.l,v'.
                      Trying pattern rule with stem 'ramdisk.l'.
                      Trying implicit prerequisite 'src/hw/RCS/ramdisk.l,v'.
                      Trying pattern rule with stem 'ramdisk.l'.
                      Trying implicit prerequisite 'src/hw/RCS/ramdisk.l'.
                      Trying pattern rule with stem 'ramdisk.l'.
                      Trying implicit prerequisite 'src/hw/s.ramdisk.l'.
                      Trying pattern rule with stem 'ramdisk.l'.
                      Trying implicit prerequisite 'src/hw/SCCS/s.ramdisk.l'.
                     Trying pattern rule with stem 'ramdisk'.
                     Trying implicit prerequisite 'src/hw/ramdisk.w'.
                     Looking for a rule with intermediate file 'src/hw/ramdisk.w'.
                      Avoiding implicit rule recursion.
                      Trying pattern rule with stem 'ramdisk.w'.
                      Trying implicit prerequisite 'src/hw/ramdisk.w,v'.
                      Trying pattern rule with stem 'ramdisk.w'.
                      Trying implicit prerequisite 'src/hw/RCS/ramdisk.w,v'.
                      Trying pattern rule with stem 'ramdisk.w'.
                      Trying implicit prerequisite 'src/hw/RCS/ramdisk.w'.
                      Trying pattern rule with stem 'ramdisk.w'.
                      Trying implicit prerequisite 'src/hw/s.ramdisk.w'.
                      Trying pattern rule with stem 'ramdisk.w'.
                      Trying implicit prerequisite 'src/hw/SCCS/s.ramdisk.w'.
                     Trying pattern rule with stem 'ramdisk'.
                     Rejecting impossible implicit prerequisite 'src/hw/ramdisk.w'.
                     No implicit rule found for 'src/hw/ramdisk.c'.
                     Finished prerequisites of target file 'src/hw/ramdisk.c'.
                    No need to remake target 'src/hw/ramdisk.c'.
                    Pruning file 'out/autoconf.h'.
                   Finished prerequisites of target file 'out/src/hw/ramdisk.o'.
                  Must remake target 'out/src/hw/ramdisk.o'.
Putting child 0x218d2130 (out/src/hw/ramdisk.o) PID 5172 on the chain.
Live child 0x218d2130 (out/src/hw/ramdisk.o) PID 5172 
  Compile checking out/src/hw/ramdisk.o
Reaping winning child 0x218d2130 PID 5172 
Live child 0x218d2130 (out/src/hw/ramdisk.o) PID 5173 
Reaping winning child 0x218d2130 PID 5173 
Removing child 0x218d2130 PID 5173 from chain.
                  Successfully remade target file 'out/src/hw/ramdisk.o'.
                  Considering target file 'out/src/hw/lsi-scsi.o'.
                   File 'out/src/hw/lsi-scsi.o' does not exist.
                   Looking for an implicit rule for 'out/src/hw/lsi-scsi.o'.
                   Trying pattern rule with stem 'src/hw/lsi-scsi'.
                   Trying implicit prerequisite 'src/hw/lsi-scsi.c'.
                   Trying rule prerequisite 'out/autoconf.h'.
                   Found an implicit rule for 'out/src/hw/lsi-scsi.o'.
                    Considering target file 'src/hw/lsi-scsi.c'.
                     Looking for an implicit rule for 'src/hw/lsi-scsi.c'.
                     Trying pattern rule with stem 'lsi-scsi'.
                     Trying implicit prerequisite 'src/hw/lsi-scsi.y'.
                     Trying pattern rule with stem 'lsi-scsi'.
                     Trying implicit prerequisite 'src/hw/lsi-scsi.l'.
                     Trying pattern rule with stem 'lsi-scsi'.
                     Trying implicit prerequisite 'src/hw/lsi-scsi.w'.
                     Trying pattern rule with stem 'lsi-scsi'.
                     Trying implicit prerequisite 'src/hw/lsi-scsi.w'.
                     Trying pattern rule with stem 'lsi-scsi.c'.
                     Trying implicit prerequisite 'src/hw/lsi-scsi.c,v'.
                     Trying pattern rule with stem 'lsi-scsi.c'.
                     Trying implicit prerequisite 'src/hw/RCS/lsi-scsi.c,v'.
                     Trying pattern rule with stem 'lsi-scsi.c'.
                     Trying implicit prerequisite 'src/hw/RCS/lsi-scsi.c'.
                     Trying pattern rule with stem 'lsi-scsi.c'.
                     Trying implicit prerequisite 'src/hw/s.lsi-scsi.c'.
                     Trying pattern rule with stem 'lsi-scsi.c'.
                     Trying implicit prerequisite 'src/hw/SCCS/s.lsi-scsi.c'.
                     Trying pattern rule with stem 'lsi-scsi'.
                     Trying implicit prerequisite 'src/hw/lsi-scsi.y'.
                     Looking for a rule with intermediate file 'src/hw/lsi-scsi.y'.
                      Avoiding implicit rule recursion.
                      Trying pattern rule with stem 'lsi-scsi.y'.
                      Trying implicit prerequisite 'src/hw/lsi-scsi.y,v'.
                      Trying pattern rule with stem 'lsi-scsi.y'.
                      Trying implicit prerequisite 'src/hw/RCS/lsi-scsi.y,v'.
                      Trying pattern rule with stem 'lsi-scsi.y'.
                      Trying implicit prerequisite 'src/hw/RCS/lsi-scsi.y'.
                      Trying pattern rule with stem 'lsi-scsi.y'.
                      Trying implicit prerequisite 'src/hw/s.lsi-scsi.y'.
                      Trying pattern rule with stem 'lsi-scsi.y'.
                      Trying implicit prerequisite 'src/hw/SCCS/s.lsi-scsi.y'.
                     Trying pattern rule with stem 'lsi-scsi'.
                     Trying implicit prerequisite 'src/hw/lsi-scsi.l'.
                     Looking for a rule with intermediate file 'src/hw/lsi-scsi.l'.
                      Avoiding implicit rule recursion.
                      Trying pattern rule with stem 'lsi-scsi.l'.
                      Trying implicit prerequisite 'src/hw/lsi-scsi.l,v'.
                      Trying pattern rule with stem 'lsi-scsi.l'.
                      Trying implicit prerequisite 'src/hw/RCS/lsi-scsi.l,v'.
                      Trying pattern rule with stem 'lsi-scsi.l'.
                      Trying implicit prerequisite 'src/hw/RCS/lsi-scsi.l'.
                      Trying pattern rule with stem 'lsi-scsi.l'.
                      Trying implicit prerequisite 'src/hw/s.lsi-scsi.l'.
                      Trying pattern rule with stem 'lsi-scsi.l'.
                      Trying implicit prerequisite 'src/hw/SCCS/s.lsi-scsi.l'.
                     Trying pattern rule with stem 'lsi-scsi'.
                     Trying implicit prerequisite 'src/hw/lsi-scsi.w'.
                     Looking for a rule with intermediate file 'src/hw/lsi-scsi.w'.
                      Avoiding implicit rule recursion.
                      Trying pattern rule with stem 'lsi-scsi.w'.
                      Trying implicit prerequisite 'src/hw/lsi-scsi.w,v'.
                      Trying pattern rule with stem 'lsi-scsi.w'.
                      Trying implicit prerequisite 'src/hw/RCS/lsi-scsi.w,v'.
                      Trying pattern rule with stem 'lsi-scsi.w'.
                      Trying implicit prerequisite 'src/hw/RCS/lsi-scsi.w'.
                      Trying pattern rule with stem 'lsi-scsi.w'.
                      Trying implicit prerequisite 'src/hw/s.lsi-scsi.w'.
                      Trying pattern rule with stem 'lsi-scsi.w'.
                      Trying implicit prerequisite 'src/hw/SCCS/s.lsi-scsi.w'.
                     Trying pattern rule with stem 'lsi-scsi'.
                     Rejecting impossible implicit prerequisite 'src/hw/lsi-scsi.w'.
                     No implicit rule found for 'src/hw/lsi-scsi.c'.
                     Finished prerequisites of target file 'src/hw/lsi-scsi.c'.
                    No need to remake target 'src/hw/lsi-scsi.c'.
                    Pruning file 'out/autoconf.h'.
                   Finished prerequisites of target file 'out/src/hw/lsi-scsi.o'.
                  Must remake target 'out/src/hw/lsi-scsi.o'.
Putting child 0x218d2640 (out/src/hw/lsi-scsi.o) PID 5176 on the chain.
Live child 0x218d2640 (out/src/hw/lsi-scsi.o) PID 5176 
  Compile checking out/src/hw/lsi-scsi.o
Reaping winning child 0x218d2640 PID 5176 
Live child 0x218d2640 (out/src/hw/lsi-scsi.o) PID 5177 
Reaping winning child 0x218d2640 PID 5177 
Removing child 0x218d2640 PID 5177 from chain.
                  Successfully remade target file 'out/src/hw/lsi-scsi.o'.
                  Considering target file 'out/src/hw/esp-scsi.o'.
                   File 'out/src/hw/esp-scsi.o' does not exist.
                   Looking for an implicit rule for 'out/src/hw/esp-scsi.o'.
                   Trying pattern rule with stem 'src/hw/esp-scsi'.
                   Trying implicit prerequisite 'src/hw/esp-scsi.c'.
                   Trying rule prerequisite 'out/autoconf.h'.
                   Found an implicit rule for 'out/src/hw/esp-scsi.o'.
                    Considering target file 'src/hw/esp-scsi.c'.
                     Looking for an implicit rule for 'src/hw/esp-scsi.c'.
                     Trying pattern rule with stem 'esp-scsi'.
                     Trying implicit prerequisite 'src/hw/esp-scsi.y'.
                     Trying pattern rule with stem 'esp-scsi'.
                     Trying implicit prerequisite 'src/hw/esp-scsi.l'.
                     Trying pattern rule with stem 'esp-scsi'.
                     Trying implicit prerequisite 'src/hw/esp-scsi.w'.
                     Trying pattern rule with stem 'esp-scsi'.
                     Trying implicit prerequisite 'src/hw/esp-scsi.w'.
                     Trying pattern rule with stem 'esp-scsi.c'.
                     Trying implicit prerequisite 'src/hw/esp-scsi.c,v'.
                     Trying pattern rule with stem 'esp-scsi.c'.
                     Trying implicit prerequisite 'src/hw/RCS/esp-scsi.c,v'.
                     Trying pattern rule with stem 'esp-scsi.c'.
                     Trying implicit prerequisite 'src/hw/RCS/esp-scsi.c'.
                     Trying pattern rule with stem 'esp-scsi.c'.
                     Trying implicit prerequisite 'src/hw/s.esp-scsi.c'.
                     Trying pattern rule with stem 'esp-scsi.c'.
                     Trying implicit prerequisite 'src/hw/SCCS/s.esp-scsi.c'.
                     Trying pattern rule with stem 'esp-scsi'.
                     Trying implicit prerequisite 'src/hw/esp-scsi.y'.
                     Looking for a rule with intermediate file 'src/hw/esp-scsi.y'.
                      Avoiding implicit rule recursion.
                      Trying pattern rule with stem 'esp-scsi.y'.
                      Trying implicit prerequisite 'src/hw/esp-scsi.y,v'.
                      Trying pattern rule with stem 'esp-scsi.y'.
                      Trying implicit prerequisite 'src/hw/RCS/esp-scsi.y,v'.
                      Trying pattern rule with stem 'esp-scsi.y'.
                      Trying implicit prerequisite 'src/hw/RCS/esp-scsi.y'.
                      Trying pattern rule with stem 'esp-scsi.y'.
                      Trying implicit prerequisite 'src/hw/s.esp-scsi.y'.
                      Trying pattern rule with stem 'esp-scsi.y'.
                      Trying implicit prerequisite 'src/hw/SCCS/s.esp-scsi.y'.
                     Trying pattern rule with stem 'esp-scsi'.
                     Trying implicit prerequisite 'src/hw/esp-scsi.l'.
                     Looking for a rule with intermediate file 'src/hw/esp-scsi.l'.
                      Avoiding implicit rule recursion.
                      Trying pattern rule with stem 'esp-scsi.l'.
                      Trying implicit prerequisite 'src/hw/esp-scsi.l,v'.
                      Trying pattern rule with stem 'esp-scsi.l'.
                      Trying implicit prerequisite 'src/hw/RCS/esp-scsi.l,v'.
                      Trying pattern rule with stem 'esp-scsi.l'.
                      Trying implicit prerequisite 'src/hw/RCS/esp-scsi.l'.
                      Trying pattern rule with stem 'esp-scsi.l'.
                      Trying implicit prerequisite 'src/hw/s.esp-scsi.l'.
                      Trying pattern rule with stem 'esp-scsi.l'.
                      Trying implicit prerequisite 'src/hw/SCCS/s.esp-scsi.l'.
                     Trying pattern rule with stem 'esp-scsi'.
                     Trying implicit prerequisite 'src/hw/esp-scsi.w'.
                     Looking for a rule with intermediate file 'src/hw/esp-scsi.w'.
                      Avoiding implicit rule recursion.
                      Trying pattern rule with stem 'esp-scsi.w'.
                      Trying implicit prerequisite 'src/hw/esp-scsi.w,v'.
                      Trying pattern rule with stem 'esp-scsi.w'.
                      Trying implicit prerequisite 'src/hw/RCS/esp-scsi.w,v'.
                      Trying pattern rule with stem 'esp-scsi.w'.
                      Trying implicit prerequisite 'src/hw/RCS/esp-scsi.w'.
                      Trying pattern rule with stem 'esp-scsi.w'.
                      Trying implicit prerequisite 'src/hw/s.esp-scsi.w'.
                      Trying pattern rule with stem 'esp-scsi.w'.
                      Trying implicit prerequisite 'src/hw/SCCS/s.esp-scsi.w'.
                     Trying pattern rule with stem 'esp-scsi'.
                     Rejecting impossible implicit prerequisite 'src/hw/esp-scsi.w'.
                     No implicit rule found for 'src/hw/esp-scsi.c'.
                     Finished prerequisites of target file 'src/hw/esp-scsi.c'.
                    No need to remake target 'src/hw/esp-scsi.c'.
                    Pruning file 'out/autoconf.h'.
                   Finished prerequisites of target file 'out/src/hw/esp-scsi.o'.
                  Must remake target 'out/src/hw/esp-scsi.o'.
Putting child 0x218d0ff0 (out/src/hw/esp-scsi.o) PID 5180 on the chain.
Live child 0x218d0ff0 (out/src/hw/esp-scsi.o) PID 5180 
  Compile checking out/src/hw/esp-scsi.o
Reaping winning child 0x218d0ff0 PID 5180 
Live child 0x218d0ff0 (out/src/hw/esp-scsi.o) PID 5181 
Reaping winning child 0x218d0ff0 PID 5181 
Removing child 0x218d0ff0 PID 5181 from chain.
                  Successfully remade target file 'out/src/hw/esp-scsi.o'.
                  Considering target file 'out/src/hw/megasas.o'.
                   File 'out/src/hw/megasas.o' does not exist.
                   Looking for an implicit rule for 'out/src/hw/megasas.o'.
                   Trying pattern rule with stem 'src/hw/megasas'.
                   Trying implicit prerequisite 'src/hw/megasas.c'.
                   Trying rule prerequisite 'out/autoconf.h'.
                   Found an implicit rule for 'out/src/hw/megasas.o'.
                    Considering target file 'src/hw/megasas.c'.
                     Looking for an implicit rule for 'src/hw/megasas.c'.
                     Trying pattern rule with stem 'megasas'.
                     Trying implicit prerequisite 'src/hw/megasas.y'.
                     Trying pattern rule with stem 'megasas'.
                     Trying implicit prerequisite 'src/hw/megasas.l'.
                     Trying pattern rule with stem 'megasas'.
                     Trying implicit prerequisite 'src/hw/megasas.w'.
                     Trying pattern rule with stem 'megasas'.
                     Trying implicit prerequisite 'src/hw/megasas.w'.
                     Trying pattern rule with stem 'megasas.c'.
                     Trying implicit prerequisite 'src/hw/megasas.c,v'.
                     Trying pattern rule with stem 'megasas.c'.
                     Trying implicit prerequisite 'src/hw/RCS/megasas.c,v'.
                     Trying pattern rule with stem 'megasas.c'.
                     Trying implicit prerequisite 'src/hw/RCS/megasas.c'.
                     Trying pattern rule with stem 'megasas.c'.
                     Trying implicit prerequisite 'src/hw/s.megasas.c'.
                     Trying pattern rule with stem 'megasas.c'.
                     Trying implicit prerequisite 'src/hw/SCCS/s.megasas.c'.
                     Trying pattern rule with stem 'megasas'.
                     Trying implicit prerequisite 'src/hw/megasas.y'.
                     Looking for a rule with intermediate file 'src/hw/megasas.y'.
                      Avoiding implicit rule recursion.
                      Trying pattern rule with stem 'megasas.y'.
                      Trying implicit prerequisite 'src/hw/megasas.y,v'.
                      Trying pattern rule with stem 'megasas.y'.
                      Trying implicit prerequisite 'src/hw/RCS/megasas.y,v'.
                      Trying pattern rule with stem 'megasas.y'.
                      Trying implicit prerequisite 'src/hw/RCS/megasas.y'.
                      Trying pattern rule with stem 'megasas.y'.
                      Trying implicit prerequisite 'src/hw/s.megasas.y'.
                      Trying pattern rule with stem 'megasas.y'.
                      Trying implicit prerequisite 'src/hw/SCCS/s.megasas.y'.
                     Trying pattern rule with stem 'megasas'.
                     Trying implicit prerequisite 'src/hw/megasas.l'.
                     Looking for a rule with intermediate file 'src/hw/megasas.l'.
                      Avoiding implicit rule recursion.
                      Trying pattern rule with stem 'megasas.l'.
                      Trying implicit prerequisite 'src/hw/megasas.l,v'.
                      Trying pattern rule with stem 'megasas.l'.
                      Trying implicit prerequisite 'src/hw/RCS/megasas.l,v'.
                      Trying pattern rule with stem 'megasas.l'.
                      Trying implicit prerequisite 'src/hw/RCS/megasas.l'.
                      Trying pattern rule with stem 'megasas.l'.
                      Trying implicit prerequisite 'src/hw/s.megasas.l'.
                      Trying pattern rule with stem 'megasas.l'.
                      Trying implicit prerequisite 'src/hw/SCCS/s.megasas.l'.
                     Trying pattern rule with stem 'megasas'.
                     Trying implicit prerequisite 'src/hw/megasas.w'.
                     Looking for a rule with intermediate file 'src/hw/megasas.w'.
                      Avoiding implicit rule recursion.
                      Trying pattern rule with stem 'megasas.w'.
                      Trying implicit prerequisite 'src/hw/megasas.w,v'.
                      Trying pattern rule with stem 'megasas.w'.
                      Trying implicit prerequisite 'src/hw/RCS/megasas.w,v'.
                      Trying pattern rule with stem 'megasas.w'.
                      Trying implicit prerequisite 'src/hw/RCS/megasas.w'.
                      Trying pattern rule with stem 'megasas.w'.
                      Trying implicit prerequisite 'src/hw/s.megasas.w'.
                      Trying pattern rule with stem 'megasas.w'.
                      Trying implicit prerequisite 'src/hw/SCCS/s.megasas.w'.
                     Trying pattern rule with stem 'megasas'.
                     Rejecting impossible implicit prerequisite 'src/hw/megasas.w'.
                     No implicit rule found for 'src/hw/megasas.c'.
                     Finished prerequisites of target file 'src/hw/megasas.c'.
                    No need to remake target 'src/hw/megasas.c'.
                    Pruning file 'out/autoconf.h'.
                   Finished prerequisites of target file 'out/src/hw/megasas.o'.
                  Must remake target 'out/src/hw/megasas.o'.
Putting child 0x218d3040 (out/src/hw/megasas.o) PID 5184 on the chain.
Live child 0x218d3040 (out/src/hw/megasas.o) PID 5184 
  Compile checking out/src/hw/megasas.o
Reaping winning child 0x218d3040 PID 5184 
Live child 0x218d3040 (out/src/hw/megasas.o) PID 5185 
Reaping winning child 0x218d3040 PID 5185 
Removing child 0x218d3040 PID 5185 from chain.
                  Successfully remade target file 'out/src/hw/megasas.o'.
                  Considering target file 'out/src/hw/mpt-scsi.o'.
                   File 'out/src/hw/mpt-scsi.o' does not exist.
                   Looking for an implicit rule for 'out/src/hw/mpt-scsi.o'.
                   Trying pattern rule with stem 'src/hw/mpt-scsi'.
                   Trying implicit prerequisite 'src/hw/mpt-scsi.c'.
                   Trying rule prerequisite 'out/autoconf.h'.
                   Found an implicit rule for 'out/src/hw/mpt-scsi.o'.
                    Considering target file 'src/hw/mpt-scsi.c'.
                     Looking for an implicit rule for 'src/hw/mpt-scsi.c'.
                     Trying pattern rule with stem 'mpt-scsi'.
                     Trying implicit prerequisite 'src/hw/mpt-scsi.y'.
                     Trying pattern rule with stem 'mpt-scsi'.
                     Trying implicit prerequisite 'src/hw/mpt-scsi.l'.
                     Trying pattern rule with stem 'mpt-scsi'.
                     Trying implicit prerequisite 'src/hw/mpt-scsi.w'.
                     Trying pattern rule with stem 'mpt-scsi'.
                     Trying implicit prerequisite 'src/hw/mpt-scsi.w'.
                     Trying pattern rule with stem 'mpt-scsi.c'.
                     Trying implicit prerequisite 'src/hw/mpt-scsi.c,v'.
                     Trying pattern rule with stem 'mpt-scsi.c'.
                     Trying implicit prerequisite 'src/hw/RCS/mpt-scsi.c,v'.
                     Trying pattern rule with stem 'mpt-scsi.c'.
                     Trying implicit prerequisite 'src/hw/RCS/mpt-scsi.c'.
                     Trying pattern rule with stem 'mpt-scsi.c'.
                     Trying implicit prerequisite 'src/hw/s.mpt-scsi.c'.
                     Trying pattern rule with stem 'mpt-scsi.c'.
                     Trying implicit prerequisite 'src/hw/SCCS/s.mpt-scsi.c'.
                     Trying pattern rule with stem 'mpt-scsi'.
                     Trying implicit prerequisite 'src/hw/mpt-scsi.y'.
                     Looking for a rule with intermediate file 'src/hw/mpt-scsi.y'.
                      Avoiding implicit rule recursion.
                      Trying pattern rule with stem 'mpt-scsi.y'.
                      Trying implicit prerequisite 'src/hw/mpt-scsi.y,v'.
                      Trying pattern rule with stem 'mpt-scsi.y'.
                      Trying implicit prerequisite 'src/hw/RCS/mpt-scsi.y,v'.
                      Trying pattern rule with stem 'mpt-scsi.y'.
                      Trying implicit prerequisite 'src/hw/RCS/mpt-scsi.y'.
                      Trying pattern rule with stem 'mpt-scsi.y'.
                      Trying implicit prerequisite 'src/hw/s.mpt-scsi.y'.
                      Trying pattern rule with stem 'mpt-scsi.y'.
                      Trying implicit prerequisite 'src/hw/SCCS/s.mpt-scsi.y'.
                     Trying pattern rule with stem 'mpt-scsi'.
                     Trying implicit prerequisite 'src/hw/mpt-scsi.l'.
                     Looking for a rule with intermediate file 'src/hw/mpt-scsi.l'.
                      Avoiding implicit rule recursion.
                      Trying pattern rule with stem 'mpt-scsi.l'.
                      Trying implicit prerequisite 'src/hw/mpt-scsi.l,v'.
                      Trying pattern rule with stem 'mpt-scsi.l'.
                      Trying implicit prerequisite 'src/hw/RCS/mpt-scsi.l,v'.
                      Trying pattern rule with stem 'mpt-scsi.l'.
                      Trying implicit prerequisite 'src/hw/RCS/mpt-scsi.l'.
                      Trying pattern rule with stem 'mpt-scsi.l'.
                      Trying implicit prerequisite 'src/hw/s.mpt-scsi.l'.
                      Trying pattern rule with stem 'mpt-scsi.l'.
                      Trying implicit prerequisite 'src/hw/SCCS/s.mpt-scsi.l'.
                     Trying pattern rule with stem 'mpt-scsi'.
                     Trying implicit prerequisite 'src/hw/mpt-scsi.w'.
                     Looking for a rule with intermediate file 'src/hw/mpt-scsi.w'.
                      Avoiding implicit rule recursion.
                      Trying pattern rule with stem 'mpt-scsi.w'.
                      Trying implicit prerequisite 'src/hw/mpt-scsi.w,v'.
                      Trying pattern rule with stem 'mpt-scsi.w'.
                      Trying implicit prerequisite 'src/hw/RCS/mpt-scsi.w,v'.
                      Trying pattern rule with stem 'mpt-scsi.w'.
                      Trying implicit prerequisite 'src/hw/RCS/mpt-scsi.w'.
                      Trying pattern rule with stem 'mpt-scsi.w'.
                      Trying implicit prerequisite 'src/hw/s.mpt-scsi.w'.
                      Trying pattern rule with stem 'mpt-scsi.w'.
                      Trying implicit prerequisite 'src/hw/SCCS/s.mpt-scsi.w'.
                     Trying pattern rule with stem 'mpt-scsi'.
                     Rejecting impossible implicit prerequisite 'src/hw/mpt-scsi.w'.
                     No implicit rule found for 'src/hw/mpt-scsi.c'.
                     Finished prerequisites of target file 'src/hw/mpt-scsi.c'.
                    No need to remake target 'src/hw/mpt-scsi.c'.
                    Pruning file 'out/autoconf.h'.
                   Finished prerequisites of target file 'out/src/hw/mpt-scsi.o'.
                  Must remake target 'out/src/hw/mpt-scsi.o'.
Putting child 0x218d4500 (out/src/hw/mpt-scsi.o) PID 5188 on the chain.
Live child 0x218d4500 (out/src/hw/mpt-scsi.o) PID 5188 
  Compile checking out/src/hw/mpt-scsi.o
Reaping winning child 0x218d4500 PID 5188 
Live child 0x218d4500 (out/src/hw/mpt-scsi.o) PID 5189 
Reaping winning child 0x218d4500 PID 5189 
Removing child 0x218d4500 PID 5189 from chain.
                  Successfully remade target file 'out/src/hw/mpt-scsi.o'.
                  Considering target file 'out/src/post.o'.
                   File 'out/src/post.o' does not exist.
                   Looking for an implicit rule for 'out/src/post.o'.
                   Trying pattern rule with stem 'src/post'.
                   Trying implicit prerequisite 'src/post.c'.
                   Trying rule prerequisite 'out/autoconf.h'.
                   Found an implicit rule for 'out/src/post.o'.
                    Considering target file 'src/post.c'.
                     Looking for an implicit rule for 'src/post.c'.
                     Trying pattern rule with stem 'post'.
                     Trying implicit prerequisite 'src/post.y'.
                     Trying pattern rule with stem 'post'.
                     Trying implicit prerequisite 'src/post.l'.
                     Trying pattern rule with stem 'post'.
                     Trying implicit prerequisite 'src/post.w'.
                     Trying pattern rule with stem 'post'.
                     Trying implicit prerequisite 'src/post.w'.
                     Trying pattern rule with stem 'post.c'.
                     Trying implicit prerequisite 'src/post.c,v'.
                     Trying pattern rule with stem 'post.c'.
                     Trying implicit prerequisite 'src/RCS/post.c,v'.
                     Trying pattern rule with stem 'post.c'.
                     Trying implicit prerequisite 'src/RCS/post.c'.
                     Trying pattern rule with stem 'post.c'.
                     Trying implicit prerequisite 'src/s.post.c'.
                     Trying pattern rule with stem 'post.c'.
                     Trying implicit prerequisite 'src/SCCS/s.post.c'.
                     Trying pattern rule with stem 'post'.
                     Trying implicit prerequisite 'src/post.y'.
                     Looking for a rule with intermediate file 'src/post.y'.
                      Avoiding implicit rule recursion.
                      Trying pattern rule with stem 'post.y'.
                      Trying implicit prerequisite 'src/post.y,v'.
                      Trying pattern rule with stem 'post.y'.
                      Trying implicit prerequisite 'src/RCS/post.y,v'.
                      Trying pattern rule with stem 'post.y'.
                      Trying implicit prerequisite 'src/RCS/post.y'.
                      Trying pattern rule with stem 'post.y'.
                      Trying implicit prerequisite 'src/s.post.y'.
                      Trying pattern rule with stem 'post.y'.
                      Trying implicit prerequisite 'src/SCCS/s.post.y'.
                     Trying pattern rule with stem 'post'.
                     Trying implicit prerequisite 'src/post.l'.
                     Looking for a rule with intermediate file 'src/post.l'.
                      Avoiding implicit rule recursion.
                      Trying pattern rule with stem 'post.l'.
                      Trying implicit prerequisite 'src/post.l,v'.
                      Trying pattern rule with stem 'post.l'.
                      Trying implicit prerequisite 'src/RCS/post.l,v'.
                      Trying pattern rule with stem 'post.l'.
                      Trying implicit prerequisite 'src/RCS/post.l'.
                      Trying pattern rule with stem 'post.l'.
                      Trying implicit prerequisite 'src/s.post.l'.
                      Trying pattern rule with stem 'post.l'.
                      Trying implicit prerequisite 'src/SCCS/s.post.l'.
                     Trying pattern rule with stem 'post'.
                     Trying implicit prerequisite 'src/post.w'.
                     Looking for a rule with intermediate file 'src/post.w'.
                      Avoiding implicit rule recursion.
                      Trying pattern rule with stem 'post.w'.
                      Trying implicit prerequisite 'src/post.w,v'.
                      Trying pattern rule with stem 'post.w'.
                      Trying implicit prerequisite 'src/RCS/post.w,v'.
                      Trying pattern rule with stem 'post.w'.
                      Trying implicit prerequisite 'src/RCS/post.w'.
                      Trying pattern rule with stem 'post.w'.
                      Trying implicit prerequisite 'src/s.post.w'.
                      Trying pattern rule with stem 'post.w'.
                      Trying implicit prerequisite 'src/SCCS/s.post.w'.
                     Trying pattern rule with stem 'post'.
                     Rejecting impossible implicit prerequisite 'src/post.w'.
                     No implicit rule found for 'src/post.c'.
                     Finished prerequisites of target file 'src/post.c'.
                    No need to remake target 'src/post.c'.
                    Pruning file 'out/autoconf.h'.
                   Finished prerequisites of target file 'out/src/post.o'.
                  Must remake target 'out/src/post.o'.
Putting child 0x218d3fa0 (out/src/post.o) PID 5192 on the chain.
Live child 0x218d3fa0 (out/src/post.o) PID 5192 
  Compile checking out/src/post.o
Reaping winning child 0x218d3fa0 PID 5192 
Live child 0x218d3fa0 (out/src/post.o) PID 5193 
Reaping winning child 0x218d3fa0 PID 5193 
Removing child 0x218d3fa0 PID 5193 from chain.
                  Successfully remade target file 'out/src/post.o'.
                  Considering target file 'out/src/e820map.o'.
                   File 'out/src/e820map.o' does not exist.
                   Looking for an implicit rule for 'out/src/e820map.o'.
                   Trying pattern rule with stem 'src/e820map'.
                   Trying implicit prerequisite 'src/e820map.c'.
                   Trying rule prerequisite 'out/autoconf.h'.
                   Found an implicit rule for 'out/src/e820map.o'.
                    Considering target file 'src/e820map.c'.
                     Looking for an implicit rule for 'src/e820map.c'.
                     Trying pattern rule with stem 'e820map'.
                     Trying implicit prerequisite 'src/e820map.y'.
                     Trying pattern rule with stem 'e820map'.
                     Trying implicit prerequisite 'src/e820map.l'.
                     Trying pattern rule with stem 'e820map'.
                     Trying implicit prerequisite 'src/e820map.w'.
                     Trying pattern rule with stem 'e820map'.
                     Trying implicit prerequisite 'src/e820map.w'.
                     Trying pattern rule with stem 'e820map.c'.
                     Trying implicit prerequisite 'src/e820map.c,v'.
                     Trying pattern rule with stem 'e820map.c'.
                     Trying implicit prerequisite 'src/RCS/e820map.c,v'.
                     Trying pattern rule with stem 'e820map.c'.
                     Trying implicit prerequisite 'src/RCS/e820map.c'.
                     Trying pattern rule with stem 'e820map.c'.
                     Trying implicit prerequisite 'src/s.e820map.c'.
                     Trying pattern rule with stem 'e820map.c'.
                     Trying implicit prerequisite 'src/SCCS/s.e820map.c'.
                     Trying pattern rule with stem 'e820map'.
                     Trying implicit prerequisite 'src/e820map.y'.
                     Looking for a rule with intermediate file 'src/e820map.y'.
                      Avoiding implicit rule recursion.
                      Trying pattern rule with stem 'e820map.y'.
                      Trying implicit prerequisite 'src/e820map.y,v'.
                      Trying pattern rule with stem 'e820map.y'.
                      Trying implicit prerequisite 'src/RCS/e820map.y,v'.
                      Trying pattern rule with stem 'e820map.y'.
                      Trying implicit prerequisite 'src/RCS/e820map.y'.
                      Trying pattern rule with stem 'e820map.y'.
                      Trying implicit prerequisite 'src/s.e820map.y'.
                      Trying pattern rule with stem 'e820map.y'.
                      Trying implicit prerequisite 'src/SCCS/s.e820map.y'.
                     Trying pattern rule with stem 'e820map'.
                     Trying implicit prerequisite 'src/e820map.l'.
                     Looking for a rule with intermediate file 'src/e820map.l'.
                      Avoiding implicit rule recursion.
                      Trying pattern rule with stem 'e820map.l'.
                      Trying implicit prerequisite 'src/e820map.l,v'.
                      Trying pattern rule with stem 'e820map.l'.
                      Trying implicit prerequisite 'src/RCS/e820map.l,v'.
                      Trying pattern rule with stem 'e820map.l'.
                      Trying implicit prerequisite 'src/RCS/e820map.l'.
                      Trying pattern rule with stem 'e820map.l'.
                      Trying implicit prerequisite 'src/s.e820map.l'.
                      Trying pattern rule with stem 'e820map.l'.
                      Trying implicit prerequisite 'src/SCCS/s.e820map.l'.
                     Trying pattern rule with stem 'e820map'.
                     Trying implicit prerequisite 'src/e820map.w'.
                     Looking for a rule with intermediate file 'src/e820map.w'.
                      Avoiding implicit rule recursion.
                      Trying pattern rule with stem 'e820map.w'.
                      Trying implicit prerequisite 'src/e820map.w,v'.
                      Trying pattern rule with stem 'e820map.w'.
                      Trying implicit prerequisite 'src/RCS/e820map.w,v'.
                      Trying pattern rule with stem 'e820map.w'.
                      Trying implicit prerequisite 'src/RCS/e820map.w'.
                      Trying pattern rule with stem 'e820map.w'.
                      Trying implicit prerequisite 'src/s.e820map.w'.
                      Trying pattern rule with stem 'e820map.w'.
                      Trying implicit prerequisite 'src/SCCS/s.e820map.w'.
                     Trying pattern rule with stem 'e820map'.
                     Rejecting impossible implicit prerequisite 'src/e820map.w'.
                     No implicit rule found for 'src/e820map.c'.
                     Finished prerequisites of target file 'src/e820map.c'.
                    No need to remake target 'src/e820map.c'.
                    Pruning file 'out/autoconf.h'.
                   Finished prerequisites of target file 'out/src/e820map.o'.
                  Must remake target 'out/src/e820map.o'.
Putting child 0x218d3820 (out/src/e820map.o) PID 5196 on the chain.
Live child 0x218d3820 (out/src/e820map.o) PID 5196 
  Compile checking out/src/e820map.o
Reaping winning child 0x218d3820 PID 5196 
Live child 0x218d3820 (out/src/e820map.o) PID 5197 
Reaping winning child 0x218d3820 PID 5197 
Removing child 0x218d3820 PID 5197 from chain.
                  Successfully remade target file 'out/src/e820map.o'.
                  Considering target file 'out/src/malloc.o'.
                   File 'out/src/malloc.o' does not exist.
                   Looking for an implicit rule for 'out/src/malloc.o'.
                   Trying pattern rule with stem 'src/malloc'.
                   Trying implicit prerequisite 'src/malloc.c'.
                   Trying rule prerequisite 'out/autoconf.h'.
                   Found an implicit rule for 'out/src/malloc.o'.
                    Considering target file 'src/malloc.c'.
                     Looking for an implicit rule for 'src/malloc.c'.
                     Trying pattern rule with stem 'malloc'.
                     Trying implicit prerequisite 'src/malloc.y'.
                     Trying pattern rule with stem 'malloc'.
                     Trying implicit prerequisite 'src/malloc.l'.
                     Trying pattern rule with stem 'malloc'.
                     Trying implicit prerequisite 'src/malloc.w'.
                     Trying pattern rule with stem 'malloc'.
                     Trying implicit prerequisite 'src/malloc.w'.
                     Trying pattern rule with stem 'malloc.c'.
                     Trying implicit prerequisite 'src/malloc.c,v'.
                     Trying pattern rule with stem 'malloc.c'.
                     Trying implicit prerequisite 'src/RCS/malloc.c,v'.
                     Trying pattern rule with stem 'malloc.c'.
                     Trying implicit prerequisite 'src/RCS/malloc.c'.
                     Trying pattern rule with stem 'malloc.c'.
                     Trying implicit prerequisite 'src/s.malloc.c'.
                     Trying pattern rule with stem 'malloc.c'.
                     Trying implicit prerequisite 'src/SCCS/s.malloc.c'.
                     Trying pattern rule with stem 'malloc'.
                     Trying implicit prerequisite 'src/malloc.y'.
                     Looking for a rule with intermediate file 'src/malloc.y'.
                      Avoiding implicit rule recursion.
                      Trying pattern rule with stem 'malloc.y'.
                      Trying implicit prerequisite 'src/malloc.y,v'.
                      Trying pattern rule with stem 'malloc.y'.
                      Trying implicit prerequisite 'src/RCS/malloc.y,v'.
                      Trying pattern rule with stem 'malloc.y'.
                      Trying implicit prerequisite 'src/RCS/malloc.y'.
                      Trying pattern rule with stem 'malloc.y'.
                      Trying implicit prerequisite 'src/s.malloc.y'.
                      Trying pattern rule with stem 'malloc.y'.
                      Trying implicit prerequisite 'src/SCCS/s.malloc.y'.
                     Trying pattern rule with stem 'malloc'.
                     Trying implicit prerequisite 'src/malloc.l'.
                     Looking for a rule with intermediate file 'src/malloc.l'.
                      Avoiding implicit rule recursion.
                      Trying pattern rule with stem 'malloc.l'.
                      Trying implicit prerequisite 'src/malloc.l,v'.
                      Trying pattern rule with stem 'malloc.l'.
                      Trying implicit prerequisite 'src/RCS/malloc.l,v'.
                      Trying pattern rule with stem 'malloc.l'.
                      Trying implicit prerequisite 'src/RCS/malloc.l'.
                      Trying pattern rule with stem 'malloc.l'.
                      Trying implicit prerequisite 'src/s.malloc.l'.
                      Trying pattern rule with stem 'malloc.l'.
                      Trying implicit prerequisite 'src/SCCS/s.malloc.l'.
                     Trying pattern rule with stem 'malloc'.
                     Trying implicit prerequisite 'src/malloc.w'.
                     Looking for a rule with intermediate file 'src/malloc.w'.
                      Avoiding implicit rule recursion.
                      Trying pattern rule with stem 'malloc.w'.
                      Trying implicit prerequisite 'src/malloc.w,v'.
                      Trying pattern rule with stem 'malloc.w'.
                      Trying implicit prerequisite 'src/RCS/malloc.w,v'.
                      Trying pattern rule with stem 'malloc.w'.
                      Trying implicit prerequisite 'src/RCS/malloc.w'.
                      Trying pattern rule with stem 'malloc.w'.
                      Trying implicit prerequisite 'src/s.malloc.w'.
                      Trying pattern rule with stem 'malloc.w'.
                      Trying implicit prerequisite 'src/SCCS/s.malloc.w'.
                     Trying pattern rule with stem 'malloc'.
                     Rejecting impossible implicit prerequisite 'src/malloc.w'.
                     No implicit rule found for 'src/malloc.c'.
                     Finished prerequisites of target file 'src/malloc.c'.
                    No need to remake target 'src/malloc.c'.
                    Pruning file 'out/autoconf.h'.
                   Finished prerequisites of target file 'out/src/malloc.o'.
                  Must remake target 'out/src/malloc.o'.
Putting child 0x218d7670 (out/src/malloc.o) PID 5200 on the chain.
Live child 0x218d7670 (out/src/malloc.o) PID 5200 
  Compile checking out/src/malloc.o
Reaping winning child 0x218d7670 PID 5200 
Live child 0x218d7670 (out/src/malloc.o) PID 5201 
Reaping winning child 0x218d7670 PID 5201 
Removing child 0x218d7670 PID 5201 from chain.
                  Successfully remade target file 'out/src/malloc.o'.
                  Considering target file 'out/src/romfile.o'.
                   File 'out/src/romfile.o' does not exist.
                   Looking for an implicit rule for 'out/src/romfile.o'.
                   Trying pattern rule with stem 'src/romfile'.
                   Trying implicit prerequisite 'src/romfile.c'.
                   Trying rule prerequisite 'out/autoconf.h'.
                   Found an implicit rule for 'out/src/romfile.o'.
                    Considering target file 'src/romfile.c'.
                     Looking for an implicit rule for 'src/romfile.c'.
                     Trying pattern rule with stem 'romfile'.
                     Trying implicit prerequisite 'src/romfile.y'.
                     Trying pattern rule with stem 'romfile'.
                     Trying implicit prerequisite 'src/romfile.l'.
                     Trying pattern rule with stem 'romfile'.
                     Trying implicit prerequisite 'src/romfile.w'.
                     Trying pattern rule with stem 'romfile'.
                     Trying implicit prerequisite 'src/romfile.w'.
                     Trying pattern rule with stem 'romfile.c'.
                     Trying implicit prerequisite 'src/romfile.c,v'.
                     Trying pattern rule with stem 'romfile.c'.
                     Trying implicit prerequisite 'src/RCS/romfile.c,v'.
                     Trying pattern rule with stem 'romfile.c'.
                     Trying implicit prerequisite 'src/RCS/romfile.c'.
                     Trying pattern rule with stem 'romfile.c'.
                     Trying implicit prerequisite 'src/s.romfile.c'.
                     Trying pattern rule with stem 'romfile.c'.
                     Trying implicit prerequisite 'src/SCCS/s.romfile.c'.
                     Trying pattern rule with stem 'romfile'.
                     Trying implicit prerequisite 'src/romfile.y'.
                     Looking for a rule with intermediate file 'src/romfile.y'.
                      Avoiding implicit rule recursion.
                      Trying pattern rule with stem 'romfile.y'.
                      Trying implicit prerequisite 'src/romfile.y,v'.
                      Trying pattern rule with stem 'romfile.y'.
                      Trying implicit prerequisite 'src/RCS/romfile.y,v'.
                      Trying pattern rule with stem 'romfile.y'.
                      Trying implicit prerequisite 'src/RCS/romfile.y'.
                      Trying pattern rule with stem 'romfile.y'.
                      Trying implicit prerequisite 'src/s.romfile.y'.
                      Trying pattern rule with stem 'romfile.y'.
                      Trying implicit prerequisite 'src/SCCS/s.romfile.y'.
                     Trying pattern rule with stem 'romfile'.
                     Trying implicit prerequisite 'src/romfile.l'.
                     Looking for a rule with intermediate file 'src/romfile.l'.
                      Avoiding implicit rule recursion.
                      Trying pattern rule with stem 'romfile.l'.
                      Trying implicit prerequisite 'src/romfile.l,v'.
                      Trying pattern rule with stem 'romfile.l'.
                      Trying implicit prerequisite 'src/RCS/romfile.l,v'.
                      Trying pattern rule with stem 'romfile.l'.
                      Trying implicit prerequisite 'src/RCS/romfile.l'.
                      Trying pattern rule with stem 'romfile.l'.
                      Trying implicit prerequisite 'src/s.romfile.l'.
                      Trying pattern rule with stem 'romfile.l'.
                      Trying implicit prerequisite 'src/SCCS/s.romfile.l'.
                     Trying pattern rule with stem 'romfile'.
                     Trying implicit prerequisite 'src/romfile.w'.
                     Looking for a rule with intermediate file 'src/romfile.w'.
                      Avoiding implicit rule recursion.
                      Trying pattern rule with stem 'romfile.w'.
                      Trying implicit prerequisite 'src/romfile.w,v'.
                      Trying pattern rule with stem 'romfile.w'.
                      Trying implicit prerequisite 'src/RCS/romfile.w,v'.
                      Trying pattern rule with stem 'romfile.w'.
                      Trying implicit prerequisite 'src/RCS/romfile.w'.
                      Trying pattern rule with stem 'romfile.w'.
                      Trying implicit prerequisite 'src/s.romfile.w'.
                      Trying pattern rule with stem 'romfile.w'.
                      Trying implicit prerequisite 'src/SCCS/s.romfile.w'.
                     Trying pattern rule with stem 'romfile'.
                     Rejecting impossible implicit prerequisite 'src/romfile.w'.
                     No implicit rule found for 'src/romfile.c'.
                     Finished prerequisites of target file 'src/romfile.c'.
                    No need to remake target 'src/romfile.c'.
                    Pruning file 'out/autoconf.h'.
                   Finished prerequisites of target file 'out/src/romfile.o'.
                  Must remake target 'out/src/romfile.o'.
Putting child 0x218d6e20 (out/src/romfile.o) PID 5204 on the chain.
Live child 0x218d6e20 (out/src/romfile.o) PID 5204 
  Compile checking out/src/romfile.o
Reaping winning child 0x218d6e20 PID 5204 
Live child 0x218d6e20 (out/src/romfile.o) PID 5205 
Reaping winning child 0x218d6e20 PID 5205 
Removing child 0x218d6e20 PID 5205 from chain.
                  Successfully remade target file 'out/src/romfile.o'.
                  Considering target file 'out/src/x86.o'.
                   File 'out/src/x86.o' does not exist.
                   Looking for an implicit rule for 'out/src/x86.o'.
                   Trying pattern rule with stem 'src/x86'.
                   Trying implicit prerequisite 'src/x86.c'.
                   Trying rule prerequisite 'out/autoconf.h'.
                   Found an implicit rule for 'out/src/x86.o'.
                    Considering target file 'src/x86.c'.
                     Looking for an implicit rule for 'src/x86.c'.
                     Trying pattern rule with stem 'x86'.
                     Trying implicit prerequisite 'src/x86.y'.
                     Trying pattern rule with stem 'x86'.
                     Trying implicit prerequisite 'src/x86.l'.
                     Trying pattern rule with stem 'x86'.
                     Trying implicit prerequisite 'src/x86.w'.
                     Trying pattern rule with stem 'x86'.
                     Trying implicit prerequisite 'src/x86.w'.
                     Trying pattern rule with stem 'x86.c'.
                     Trying implicit prerequisite 'src/x86.c,v'.
                     Trying pattern rule with stem 'x86.c'.
                     Trying implicit prerequisite 'src/RCS/x86.c,v'.
                     Trying pattern rule with stem 'x86.c'.
                     Trying implicit prerequisite 'src/RCS/x86.c'.
                     Trying pattern rule with stem 'x86.c'.
                     Trying implicit prerequisite 'src/s.x86.c'.
                     Trying pattern rule with stem 'x86.c'.
                     Trying implicit prerequisite 'src/SCCS/s.x86.c'.
                     Trying pattern rule with stem 'x86'.
                     Trying implicit prerequisite 'src/x86.y'.
                     Looking for a rule with intermediate file 'src/x86.y'.
                      Avoiding implicit rule recursion.
                      Trying pattern rule with stem 'x86.y'.
                      Trying implicit prerequisite 'src/x86.y,v'.
                      Trying pattern rule with stem 'x86.y'.
                      Trying implicit prerequisite 'src/RCS/x86.y,v'.
                      Trying pattern rule with stem 'x86.y'.
                      Trying implicit prerequisite 'src/RCS/x86.y'.
                      Trying pattern rule with stem 'x86.y'.
                      Trying implicit prerequisite 'src/s.x86.y'.
                      Trying pattern rule with stem 'x86.y'.
                      Trying implicit prerequisite 'src/SCCS/s.x86.y'.
                     Trying pattern rule with stem 'x86'.
                     Trying implicit prerequisite 'src/x86.l'.
                     Looking for a rule with intermediate file 'src/x86.l'.
                      Avoiding implicit rule recursion.
                      Trying pattern rule with stem 'x86.l'.
                      Trying implicit prerequisite 'src/x86.l,v'.
                      Trying pattern rule with stem 'x86.l'.
                      Trying implicit prerequisite 'src/RCS/x86.l,v'.
                      Trying pattern rule with stem 'x86.l'.
                      Trying implicit prerequisite 'src/RCS/x86.l'.
                      Trying pattern rule with stem 'x86.l'.
                      Trying implicit prerequisite 'src/s.x86.l'.
                      Trying pattern rule with stem 'x86.l'.
                      Trying implicit prerequisite 'src/SCCS/s.x86.l'.
                     Trying pattern rule with stem 'x86'.
                     Trying implicit prerequisite 'src/x86.w'.
                     Looking for a rule with intermediate file 'src/x86.w'.
                      Avoiding implicit rule recursion.
                      Trying pattern rule with stem 'x86.w'.
                      Trying implicit prerequisite 'src/x86.w,v'.
                      Trying pattern rule with stem 'x86.w'.
                      Trying implicit prerequisite 'src/RCS/x86.w,v'.
                      Trying pattern rule with stem 'x86.w'.
                      Trying implicit prerequisite 'src/RCS/x86.w'.
                      Trying pattern rule with stem 'x86.w'.
                      Trying implicit prerequisite 'src/s.x86.w'.
                      Trying pattern rule with stem 'x86.w'.
                      Trying implicit prerequisite 'src/SCCS/s.x86.w'.
                     Trying pattern rule with stem 'x86'.
                     Rejecting impossible implicit prerequisite 'src/x86.w'.
                     No implicit rule found for 'src/x86.c'.
                     Finished prerequisites of target file 'src/x86.c'.
                    No need to remake target 'src/x86.c'.
                    Pruning file 'out/autoconf.h'.
                   Finished prerequisites of target file 'out/src/x86.o'.
                  Must remake target 'out/src/x86.o'.
Putting child 0x218d7ce0 (out/src/x86.o) PID 5208 on the chain.
Live child 0x218d7ce0 (out/src/x86.o) PID 5208 
  Compile checking out/src/x86.o
Reaping winning child 0x218d7ce0 PID 5208 
Live child 0x218d7ce0 (out/src/x86.o) PID 5209 
Reaping winning child 0x218d7ce0 PID 5209 
Removing child 0x218d7ce0 PID 5209 from chain.
                  Successfully remade target file 'out/src/x86.o'.
                  Considering target file 'out/src/optionroms.o'.
                   File 'out/src/optionroms.o' does not exist.
                   Looking for an implicit rule for 'out/src/optionroms.o'.
                   Trying pattern rule with stem 'src/optionroms'.
                   Trying implicit prerequisite 'src/optionroms.c'.
                   Trying rule prerequisite 'out/autoconf.h'.
                   Found an implicit rule for 'out/src/optionroms.o'.
                    Considering target file 'src/optionroms.c'.
                     Looking for an implicit rule for 'src/optionroms.c'.
                     Trying pattern rule with stem 'optionroms'.
                     Trying implicit prerequisite 'src/optionroms.y'.
                     Trying pattern rule with stem 'optionroms'.
                     Trying implicit prerequisite 'src/optionroms.l'.
                     Trying pattern rule with stem 'optionroms'.
                     Trying implicit prerequisite 'src/optionroms.w'.
                     Trying pattern rule with stem 'optionroms'.
                     Trying implicit prerequisite 'src/optionroms.w'.
                     Trying pattern rule with stem 'optionroms.c'.
                     Trying implicit prerequisite 'src/optionroms.c,v'.
                     Trying pattern rule with stem 'optionroms.c'.
                     Trying implicit prerequisite 'src/RCS/optionroms.c,v'.
                     Trying pattern rule with stem 'optionroms.c'.
                     Trying implicit prerequisite 'src/RCS/optionroms.c'.
                     Trying pattern rule with stem 'optionroms.c'.
                     Trying implicit prerequisite 'src/s.optionroms.c'.
                     Trying pattern rule with stem 'optionroms.c'.
                     Trying implicit prerequisite 'src/SCCS/s.optionroms.c'.
                     Trying pattern rule with stem 'optionroms'.
                     Trying implicit prerequisite 'src/optionroms.y'.
                     Looking for a rule with intermediate file 'src/optionroms.y'.
                      Avoiding implicit rule recursion.
                      Trying pattern rule with stem 'optionroms.y'.
                      Trying implicit prerequisite 'src/optionroms.y,v'.
                      Trying pattern rule with stem 'optionroms.y'.
                      Trying implicit prerequisite 'src/RCS/optionroms.y,v'.
                      Trying pattern rule with stem 'optionroms.y'.
                      Trying implicit prerequisite 'src/RCS/optionroms.y'.
                      Trying pattern rule with stem 'optionroms.y'.
                      Trying implicit prerequisite 'src/s.optionroms.y'.
                      Trying pattern rule with stem 'optionroms.y'.
                      Trying implicit prerequisite 'src/SCCS/s.optionroms.y'.
                     Trying pattern rule with stem 'optionroms'.
                     Trying implicit prerequisite 'src/optionroms.l'.
                     Looking for a rule with intermediate file 'src/optionroms.l'.
                      Avoiding implicit rule recursion.
                      Trying pattern rule with stem 'optionroms.l'.
                      Trying implicit prerequisite 'src/optionroms.l,v'.
                      Trying pattern rule with stem 'optionroms.l'.
                      Trying implicit prerequisite 'src/RCS/optionroms.l,v'.
                      Trying pattern rule with stem 'optionroms.l'.
                      Trying implicit prerequisite 'src/RCS/optionroms.l'.
                      Trying pattern rule with stem 'optionroms.l'.
                      Trying implicit prerequisite 'src/s.optionroms.l'.
                      Trying pattern rule with stem 'optionroms.l'.
                      Trying implicit prerequisite 'src/SCCS/s.optionroms.l'.
                     Trying pattern rule with stem 'optionroms'.
                     Trying implicit prerequisite 'src/optionroms.w'.
                     Looking for a rule with intermediate file 'src/optionroms.w'.
                      Avoiding implicit rule recursion.
                      Trying pattern rule with stem 'optionroms.w'.
                      Trying implicit prerequisite 'src/optionroms.w,v'.
                      Trying pattern rule with stem 'optionroms.w'.
                      Trying implicit prerequisite 'src/RCS/optionroms.w,v'.
                      Trying pattern rule with stem 'optionroms.w'.
                      Trying implicit prerequisite 'src/RCS/optionroms.w'.
                      Trying pattern rule with stem 'optionroms.w'.
                      Trying implicit prerequisite 'src/s.optionroms.w'.
                      Trying pattern rule with stem 'optionroms.w'.
                      Trying implicit prerequisite 'src/SCCS/s.optionroms.w'.
                     Trying pattern rule with stem 'optionroms'.
                     Rejecting impossible implicit prerequisite 'src/optionroms.w'.
                     No implicit rule found for 'src/optionroms.c'.
                     Finished prerequisites of target file 'src/optionroms.c'.
                    No need to remake target 'src/optionroms.c'.
                    Pruning file 'out/autoconf.h'.
                   Finished prerequisites of target file 'out/src/optionroms.o'.
                  Must remake target 'out/src/optionroms.o'.
Putting child 0x218d8390 (out/src/optionroms.o) PID 5212 on the chain.
Live child 0x218d8390 (out/src/optionroms.o) PID 5212 
  Compile checking out/src/optionroms.o
Reaping winning child 0x218d8390 PID 5212 
Live child 0x218d8390 (out/src/optionroms.o) PID 5213 
Reaping winning child 0x218d8390 PID 5213 
Removing child 0x218d8390 PID 5213 from chain.
                  Successfully remade target file 'out/src/optionroms.o'.
                  Considering target file 'out/src/pmm.o'.
                   File 'out/src/pmm.o' does not exist.
                   Looking for an implicit rule for 'out/src/pmm.o'.
                   Trying pattern rule with stem 'src/pmm'.
                   Trying implicit prerequisite 'src/pmm.c'.
                   Trying rule prerequisite 'out/autoconf.h'.
                   Found an implicit rule for 'out/src/pmm.o'.
                    Considering target file 'src/pmm.c'.
                     Looking for an implicit rule for 'src/pmm.c'.
                     Trying pattern rule with stem 'pmm'.
                     Trying implicit prerequisite 'src/pmm.y'.
                     Trying pattern rule with stem 'pmm'.
                     Trying implicit prerequisite 'src/pmm.l'.
                     Trying pattern rule with stem 'pmm'.
                     Trying implicit prerequisite 'src/pmm.w'.
                     Trying pattern rule with stem 'pmm'.
                     Trying implicit prerequisite 'src/pmm.w'.
                     Trying pattern rule with stem 'pmm.c'.
                     Trying implicit prerequisite 'src/pmm.c,v'.
                     Trying pattern rule with stem 'pmm.c'.
                     Trying implicit prerequisite 'src/RCS/pmm.c,v'.
                     Trying pattern rule with stem 'pmm.c'.
                     Trying implicit prerequisite 'src/RCS/pmm.c'.
                     Trying pattern rule with stem 'pmm.c'.
                     Trying implicit prerequisite 'src/s.pmm.c'.
                     Trying pattern rule with stem 'pmm.c'.
                     Trying implicit prerequisite 'src/SCCS/s.pmm.c'.
                     Trying pattern rule with stem 'pmm'.
                     Trying implicit prerequisite 'src/pmm.y'.
                     Looking for a rule with intermediate file 'src/pmm.y'.
                      Avoiding implicit rule recursion.
                      Trying pattern rule with stem 'pmm.y'.
                      Trying implicit prerequisite 'src/pmm.y,v'.
                      Trying pattern rule with stem 'pmm.y'.
                      Trying implicit prerequisite 'src/RCS/pmm.y,v'.
                      Trying pattern rule with stem 'pmm.y'.
                      Trying implicit prerequisite 'src/RCS/pmm.y'.
                      Trying pattern rule with stem 'pmm.y'.
                      Trying implicit prerequisite 'src/s.pmm.y'.
                      Trying pattern rule with stem 'pmm.y'.
                      Trying implicit prerequisite 'src/SCCS/s.pmm.y'.
                     Trying pattern rule with stem 'pmm'.
                     Trying implicit prerequisite 'src/pmm.l'.
                     Looking for a rule with intermediate file 'src/pmm.l'.
                      Avoiding implicit rule recursion.
                      Trying pattern rule with stem 'pmm.l'.
                      Trying implicit prerequisite 'src/pmm.l,v'.
                      Trying pattern rule with stem 'pmm.l'.
                      Trying implicit prerequisite 'src/RCS/pmm.l,v'.
                      Trying pattern rule with stem 'pmm.l'.
                      Trying implicit prerequisite 'src/RCS/pmm.l'.
                      Trying pattern rule with stem 'pmm.l'.
                      Trying implicit prerequisite 'src/s.pmm.l'.
                      Trying pattern rule with stem 'pmm.l'.
                      Trying implicit prerequisite 'src/SCCS/s.pmm.l'.
                     Trying pattern rule with stem 'pmm'.
                     Trying implicit prerequisite 'src/pmm.w'.
                     Looking for a rule with intermediate file 'src/pmm.w'.
                      Avoiding implicit rule recursion.
                      Trying pattern rule with stem 'pmm.w'.
                      Trying implicit prerequisite 'src/pmm.w,v'.
                      Trying pattern rule with stem 'pmm.w'.
                      Trying implicit prerequisite 'src/RCS/pmm.w,v'.
                      Trying pattern rule with stem 'pmm.w'.
                      Trying implicit prerequisite 'src/RCS/pmm.w'.
                      Trying pattern rule with stem 'pmm.w'.
                      Trying implicit prerequisite 'src/s.pmm.w'.
                      Trying pattern rule with stem 'pmm.w'.
                      Trying implicit prerequisite 'src/SCCS/s.pmm.w'.
                     Trying pattern rule with stem 'pmm'.
                     Rejecting impossible implicit prerequisite 'src/pmm.w'.
                     No implicit rule found for 'src/pmm.c'.
                     Finished prerequisites of target file 'src/pmm.c'.
                    No need to remake target 'src/pmm.c'.
                    Pruning file 'out/autoconf.h'.
                   Finished prerequisites of target file 'out/src/pmm.o'.
                  Must remake target 'out/src/pmm.o'.
Putting child 0x218d98d0 (out/src/pmm.o) PID 5216 on the chain.
Live child 0x218d98d0 (out/src/pmm.o) PID 5216 
  Compile checking out/src/pmm.o
Reaping winning child 0x218d98d0 PID 5216 
Live child 0x218d98d0 (out/src/pmm.o) PID 5217 
Reaping winning child 0x218d98d0 PID 5217 
Removing child 0x218d98d0 PID 5217 from chain.
                  Successfully remade target file 'out/src/pmm.o'.
                  Considering target file 'out/src/font.o'.
                   File 'out/src/font.o' does not exist.
                   Looking for an implicit rule for 'out/src/font.o'.
                   Trying pattern rule with stem 'src/font'.
                   Trying implicit prerequisite 'src/font.c'.
                   Trying rule prerequisite 'out/autoconf.h'.
                   Found an implicit rule for 'out/src/font.o'.
                    Considering target file 'src/font.c'.
                     Looking for an implicit rule for 'src/font.c'.
                     Trying pattern rule with stem 'font'.
                     Trying implicit prerequisite 'src/font.y'.
                     Trying pattern rule with stem 'font'.
                     Trying implicit prerequisite 'src/font.l'.
                     Trying pattern rule with stem 'font'.
                     Trying implicit prerequisite 'src/font.w'.
                     Trying pattern rule with stem 'font'.
                     Trying implicit prerequisite 'src/font.w'.
                     Trying pattern rule with stem 'font.c'.
                     Trying implicit prerequisite 'src/font.c,v'.
                     Trying pattern rule with stem 'font.c'.
                     Trying implicit prerequisite 'src/RCS/font.c,v'.
                     Trying pattern rule with stem 'font.c'.
                     Trying implicit prerequisite 'src/RCS/font.c'.
                     Trying pattern rule with stem 'font.c'.
                     Trying implicit prerequisite 'src/s.font.c'.
                     Trying pattern rule with stem 'font.c'.
                     Trying implicit prerequisite 'src/SCCS/s.font.c'.
                     Trying pattern rule with stem 'font'.
                     Trying implicit prerequisite 'src/font.y'.
                     Looking for a rule with intermediate file 'src/font.y'.
                      Avoiding implicit rule recursion.
                      Trying pattern rule with stem 'font.y'.
                      Trying implicit prerequisite 'src/font.y,v'.
                      Trying pattern rule with stem 'font.y'.
                      Trying implicit prerequisite 'src/RCS/font.y,v'.
                      Trying pattern rule with stem 'font.y'.
                      Trying implicit prerequisite 'src/RCS/font.y'.
                      Trying pattern rule with stem 'font.y'.
                      Trying implicit prerequisite 'src/s.font.y'.
                      Trying pattern rule with stem 'font.y'.
                      Trying implicit prerequisite 'src/SCCS/s.font.y'.
                     Trying pattern rule with stem 'font'.
                     Trying implicit prerequisite 'src/font.l'.
                     Looking for a rule with intermediate file 'src/font.l'.
                      Avoiding implicit rule recursion.
                      Trying pattern rule with stem 'font.l'.
                      Trying implicit prerequisite 'src/font.l,v'.
                      Trying pattern rule with stem 'font.l'.
                      Trying implicit prerequisite 'src/RCS/font.l,v'.
                      Trying pattern rule with stem 'font.l'.
                      Trying implicit prerequisite 'src/RCS/font.l'.
                      Trying pattern rule with stem 'font.l'.
                      Trying implicit prerequisite 'src/s.font.l'.
                      Trying pattern rule with stem 'font.l'.
                      Trying implicit prerequisite 'src/SCCS/s.font.l'.
                     Trying pattern rule with stem 'font'.
                     Trying implicit prerequisite 'src/font.w'.
                     Looking for a rule with intermediate file 'src/font.w'.
                      Avoiding implicit rule recursion.
                      Trying pattern rule with stem 'font.w'.
                      Trying implicit prerequisite 'src/font.w,v'.
                      Trying pattern rule with stem 'font.w'.
                      Trying implicit prerequisite 'src/RCS/font.w,v'.
                      Trying pattern rule with stem 'font.w'.
                      Trying implicit prerequisite 'src/RCS/font.w'.
                      Trying pattern rule with stem 'font.w'.
                      Trying implicit prerequisite 'src/s.font.w'.
                      Trying pattern rule with stem 'font.w'.
                      Trying implicit prerequisite 'src/SCCS/s.font.w'.
                     Trying pattern rule with stem 'font'.
                     Rejecting impossible implicit prerequisite 'src/font.w'.
                     No implicit rule found for 'src/font.c'.
                     Finished prerequisites of target file 'src/font.c'.
                    No need to remake target 'src/font.c'.
                    Pruning file 'out/autoconf.h'.
                   Finished prerequisites of target file 'out/src/font.o'.
                  Must remake target 'out/src/font.o'.
Putting child 0x218d8f90 (out/src/font.o) PID 5220 on the chain.
Live child 0x218d8f90 (out/src/font.o) PID 5220 
  Compile checking out/src/font.o
Reaping winning child 0x218d8f90 PID 5220 
Live child 0x218d8f90 (out/src/font.o) PID 5221 
Reaping winning child 0x218d8f90 PID 5221 
Removing child 0x218d8f90 PID 5221 from chain.
                  Successfully remade target file 'out/src/font.o'.
                  Considering target file 'out/src/boot.o'.
                   File 'out/src/boot.o' does not exist.
                   Looking for an implicit rule for 'out/src/boot.o'.
                   Trying pattern rule with stem 'src/boot'.
                   Trying implicit prerequisite 'src/boot.c'.
                   Trying rule prerequisite 'out/autoconf.h'.
                   Found an implicit rule for 'out/src/boot.o'.
                    Considering target file 'src/boot.c'.
                     Looking for an implicit rule for 'src/boot.c'.
                     Trying pattern rule with stem 'boot'.
                     Trying implicit prerequisite 'src/boot.y'.
                     Trying pattern rule with stem 'boot'.
                     Trying implicit prerequisite 'src/boot.l'.
                     Trying pattern rule with stem 'boot'.
                     Trying implicit prerequisite 'src/boot.w'.
                     Trying pattern rule with stem 'boot'.
                     Trying implicit prerequisite 'src/boot.w'.
                     Trying pattern rule with stem 'boot.c'.
                     Trying implicit prerequisite 'src/boot.c,v'.
                     Trying pattern rule with stem 'boot.c'.
                     Trying implicit prerequisite 'src/RCS/boot.c,v'.
                     Trying pattern rule with stem 'boot.c'.
                     Trying implicit prerequisite 'src/RCS/boot.c'.
                     Trying pattern rule with stem 'boot.c'.
                     Trying implicit prerequisite 'src/s.boot.c'.
                     Trying pattern rule with stem 'boot.c'.
                     Trying implicit prerequisite 'src/SCCS/s.boot.c'.
                     Trying pattern rule with stem 'boot'.
                     Trying implicit prerequisite 'src/boot.y'.
                     Looking for a rule with intermediate file 'src/boot.y'.
                      Avoiding implicit rule recursion.
                      Trying pattern rule with stem 'boot.y'.
                      Trying implicit prerequisite 'src/boot.y,v'.
                      Trying pattern rule with stem 'boot.y'.
                      Trying implicit prerequisite 'src/RCS/boot.y,v'.
                      Trying pattern rule with stem 'boot.y'.
                      Trying implicit prerequisite 'src/RCS/boot.y'.
                      Trying pattern rule with stem 'boot.y'.
                      Trying implicit prerequisite 'src/s.boot.y'.
                      Trying pattern rule with stem 'boot.y'.
                      Trying implicit prerequisite 'src/SCCS/s.boot.y'.
                     Trying pattern rule with stem 'boot'.
                     Trying implicit prerequisite 'src/boot.l'.
                     Looking for a rule with intermediate file 'src/boot.l'.
                      Avoiding implicit rule recursion.
                      Trying pattern rule with stem 'boot.l'.
                      Trying implicit prerequisite 'src/boot.l,v'.
                      Trying pattern rule with stem 'boot.l'.
                      Trying implicit prerequisite 'src/RCS/boot.l,v'.
                      Trying pattern rule with stem 'boot.l'.
                      Trying implicit prerequisite 'src/RCS/boot.l'.
                      Trying pattern rule with stem 'boot.l'.
                      Trying implicit prerequisite 'src/s.boot.l'.
                      Trying pattern rule with stem 'boot.l'.
                      Trying implicit prerequisite 'src/SCCS/s.boot.l'.
                     Trying pattern rule with stem 'boot'.
                     Trying implicit prerequisite 'src/boot.w'.
                     Looking for a rule with intermediate file 'src/boot.w'.
                      Avoiding implicit rule recursion.
                      Trying pattern rule with stem 'boot.w'.
                      Trying implicit prerequisite 'src/boot.w,v'.
                      Trying pattern rule with stem 'boot.w'.
                      Trying implicit prerequisite 'src/RCS/boot.w,v'.
                      Trying pattern rule with stem 'boot.w'.
                      Trying implicit prerequisite 'src/RCS/boot.w'.
                      Trying pattern rule with stem 'boot.w'.
                      Trying implicit prerequisite 'src/s.boot.w'.
                      Trying pattern rule with stem 'boot.w'.
                      Trying implicit prerequisite 'src/SCCS/s.boot.w'.
                     Trying pattern rule with stem 'boot'.
                     Rejecting impossible implicit prerequisite 'src/boot.w'.
                     No implicit rule found for 'src/boot.c'.
                     Finished prerequisites of target file 'src/boot.c'.
                    No need to remake target 'src/boot.c'.
                    Pruning file 'out/autoconf.h'.
                   Finished prerequisites of target file 'out/src/boot.o'.
                  Must remake target 'out/src/boot.o'.
Putting child 0x218d9580 (out/src/boot.o) PID 5224 on the chain.
Live child 0x218d9580 (out/src/boot.o) PID 5224 
  Compile checking out/src/boot.o
Reaping winning child 0x218d9580 PID 5224 
Live child 0x218d9580 (out/src/boot.o) PID 5225 
Reaping winning child 0x218d9580 PID 5225 
Removing child 0x218d9580 PID 5225 from chain.
                  Successfully remade target file 'out/src/boot.o'.
                  Considering target file 'out/src/bootsplash.o'.
                   File 'out/src/bootsplash.o' does not exist.
                   Looking for an implicit rule for 'out/src/bootsplash.o'.
                   Trying pattern rule with stem 'src/bootsplash'.
                   Trying implicit prerequisite 'src/bootsplash.c'.
                   Trying rule prerequisite 'out/autoconf.h'.
                   Found an implicit rule for 'out/src/bootsplash.o'.
                    Considering target file 'src/bootsplash.c'.
                     Looking for an implicit rule for 'src/bootsplash.c'.
                     Trying pattern rule with stem 'bootsplash'.
                     Trying implicit prerequisite 'src/bootsplash.y'.
                     Trying pattern rule with stem 'bootsplash'.
                     Trying implicit prerequisite 'src/bootsplash.l'.
                     Trying pattern rule with stem 'bootsplash'.
                     Trying implicit prerequisite 'src/bootsplash.w'.
                     Trying pattern rule with stem 'bootsplash'.
                     Trying implicit prerequisite 'src/bootsplash.w'.
                     Trying pattern rule with stem 'bootsplash.c'.
                     Trying implicit prerequisite 'src/bootsplash.c,v'.
                     Trying pattern rule with stem 'bootsplash.c'.
                     Trying implicit prerequisite 'src/RCS/bootsplash.c,v'.
                     Trying pattern rule with stem 'bootsplash.c'.
                     Trying implicit prerequisite 'src/RCS/bootsplash.c'.
                     Trying pattern rule with stem 'bootsplash.c'.
                     Trying implicit prerequisite 'src/s.bootsplash.c'.
                     Trying pattern rule with stem 'bootsplash.c'.
                     Trying implicit prerequisite 'src/SCCS/s.bootsplash.c'.
                     Trying pattern rule with stem 'bootsplash'.
                     Trying implicit prerequisite 'src/bootsplash.y'.
                     Looking for a rule with intermediate file 'src/bootsplash.y'.
                      Avoiding implicit rule recursion.
                      Trying pattern rule with stem 'bootsplash.y'.
                      Trying implicit prerequisite 'src/bootsplash.y,v'.
                      Trying pattern rule with stem 'bootsplash.y'.
                      Trying implicit prerequisite 'src/RCS/bootsplash.y,v'.
                      Trying pattern rule with stem 'bootsplash.y'.
                      Trying implicit prerequisite 'src/RCS/bootsplash.y'.
                      Trying pattern rule with stem 'bootsplash.y'.
                      Trying implicit prerequisite 'src/s.bootsplash.y'.
                      Trying pattern rule with stem 'bootsplash.y'.
                      Trying implicit prerequisite 'src/SCCS/s.bootsplash.y'.
                     Trying pattern rule with stem 'bootsplash'.
                     Trying implicit prerequisite 'src/bootsplash.l'.
                     Looking for a rule with intermediate file 'src/bootsplash.l'.
                      Avoiding implicit rule recursion.
                      Trying pattern rule with stem 'bootsplash.l'.
                      Trying implicit prerequisite 'src/bootsplash.l,v'.
                      Trying pattern rule with stem 'bootsplash.l'.
                      Trying implicit prerequisite 'src/RCS/bootsplash.l,v'.
                      Trying pattern rule with stem 'bootsplash.l'.
                      Trying implicit prerequisite 'src/RCS/bootsplash.l'.
                      Trying pattern rule with stem 'bootsplash.l'.
                      Trying implicit prerequisite 'src/s.bootsplash.l'.
                      Trying pattern rule with stem 'bootsplash.l'.
                      Trying implicit prerequisite 'src/SCCS/s.bootsplash.l'.
                     Trying pattern rule with stem 'bootsplash'.
                     Trying implicit prerequisite 'src/bootsplash.w'.
                     Looking for a rule with intermediate file 'src/bootsplash.w'.
                      Avoiding implicit rule recursion.
                      Trying pattern rule with stem 'bootsplash.w'.
                      Trying implicit prerequisite 'src/bootsplash.w,v'.
                      Trying pattern rule with stem 'bootsplash.w'.
                      Trying implicit prerequisite 'src/RCS/bootsplash.w,v'.
                      Trying pattern rule with stem 'bootsplash.w'.
                      Trying implicit prerequisite 'src/RCS/bootsplash.w'.
                      Trying pattern rule with stem 'bootsplash.w'.
                      Trying implicit prerequisite 'src/s.bootsplash.w'.
                      Trying pattern rule with stem 'bootsplash.w'.
                      Trying implicit prerequisite 'src/SCCS/s.bootsplash.w'.
                     Trying pattern rule with stem 'bootsplash'.
                     Rejecting impossible implicit prerequisite 'src/bootsplash.w'.
                     No implicit rule found for 'src/bootsplash.c'.
                     Finished prerequisites of target file 'src/bootsplash.c'.
                    No need to remake target 'src/bootsplash.c'.
                    Pruning file 'out/autoconf.h'.
                   Finished prerequisites of target file 'out/src/bootsplash.o'.
                  Must remake target 'out/src/bootsplash.o'.
Putting child 0x218d9b60 (out/src/bootsplash.o) PID 5228 on the chain.
Live child 0x218d9b60 (out/src/bootsplash.o) PID 5228 
  Compile checking out/src/bootsplash.o
Reaping winning child 0x218d9b60 PID 5228 
Live child 0x218d9b60 (out/src/bootsplash.o) PID 5229 
Reaping winning child 0x218d9b60 PID 5229 
Removing child 0x218d9b60 PID 5229 from chain.
                  Successfully remade target file 'out/src/bootsplash.o'.
                  Considering target file 'out/src/jpeg.o'.
                   File 'out/src/jpeg.o' does not exist.
                   Looking for an implicit rule for 'out/src/jpeg.o'.
                   Trying pattern rule with stem 'src/jpeg'.
                   Trying implicit prerequisite 'src/jpeg.c'.
                   Trying rule prerequisite 'out/autoconf.h'.
                   Found an implicit rule for 'out/src/jpeg.o'.
                    Considering target file 'src/jpeg.c'.
                     Looking for an implicit rule for 'src/jpeg.c'.
                     Trying pattern rule with stem 'jpeg'.
                     Trying implicit prerequisite 'src/jpeg.y'.
                     Trying pattern rule with stem 'jpeg'.
                     Trying implicit prerequisite 'src/jpeg.l'.
                     Trying pattern rule with stem 'jpeg'.
                     Trying implicit prerequisite 'src/jpeg.w'.
                     Trying pattern rule with stem 'jpeg'.
                     Trying implicit prerequisite 'src/jpeg.w'.
                     Trying pattern rule with stem 'jpeg.c'.
                     Trying implicit prerequisite 'src/jpeg.c,v'.
                     Trying pattern rule with stem 'jpeg.c'.
                     Trying implicit prerequisite 'src/RCS/jpeg.c,v'.
                     Trying pattern rule with stem 'jpeg.c'.
                     Trying implicit prerequisite 'src/RCS/jpeg.c'.
                     Trying pattern rule with stem 'jpeg.c'.
                     Trying implicit prerequisite 'src/s.jpeg.c'.
                     Trying pattern rule with stem 'jpeg.c'.
                     Trying implicit prerequisite 'src/SCCS/s.jpeg.c'.
                     Trying pattern rule with stem 'jpeg'.
                     Trying implicit prerequisite 'src/jpeg.y'.
                     Looking for a rule with intermediate file 'src/jpeg.y'.
                      Avoiding implicit rule recursion.
                      Trying pattern rule with stem 'jpeg.y'.
                      Trying implicit prerequisite 'src/jpeg.y,v'.
                      Trying pattern rule with stem 'jpeg.y'.
                      Trying implicit prerequisite 'src/RCS/jpeg.y,v'.
                      Trying pattern rule with stem 'jpeg.y'.
                      Trying implicit prerequisite 'src/RCS/jpeg.y'.
                      Trying pattern rule with stem 'jpeg.y'.
                      Trying implicit prerequisite 'src/s.jpeg.y'.
                      Trying pattern rule with stem 'jpeg.y'.
                      Trying implicit prerequisite 'src/SCCS/s.jpeg.y'.
                     Trying pattern rule with stem 'jpeg'.
                     Trying implicit prerequisite 'src/jpeg.l'.
                     Looking for a rule with intermediate file 'src/jpeg.l'.
                      Avoiding implicit rule recursion.
                      Trying pattern rule with stem 'jpeg.l'.
                      Trying implicit prerequisite 'src/jpeg.l,v'.
                      Trying pattern rule with stem 'jpeg.l'.
                      Trying implicit prerequisite 'src/RCS/jpeg.l,v'.
                      Trying pattern rule with stem 'jpeg.l'.
                      Trying implicit prerequisite 'src/RCS/jpeg.l'.
                      Trying pattern rule with stem 'jpeg.l'.
                      Trying implicit prerequisite 'src/s.jpeg.l'.
                      Trying pattern rule with stem 'jpeg.l'.
                      Trying implicit prerequisite 'src/SCCS/s.jpeg.l'.
                     Trying pattern rule with stem 'jpeg'.
                     Trying implicit prerequisite 'src/jpeg.w'.
                     Looking for a rule with intermediate file 'src/jpeg.w'.
                      Avoiding implicit rule recursion.
                      Trying pattern rule with stem 'jpeg.w'.
                      Trying implicit prerequisite 'src/jpeg.w,v'.
                      Trying pattern rule with stem 'jpeg.w'.
                      Trying implicit prerequisite 'src/RCS/jpeg.w,v'.
                      Trying pattern rule with stem 'jpeg.w'.
                      Trying implicit prerequisite 'src/RCS/jpeg.w'.
                      Trying pattern rule with stem 'jpeg.w'.
                      Trying implicit prerequisite 'src/s.jpeg.w'.
                      Trying pattern rule with stem 'jpeg.w'.
                      Trying implicit prerequisite 'src/SCCS/s.jpeg.w'.
                     Trying pattern rule with stem 'jpeg'.
                     Rejecting impossible implicit prerequisite 'src/jpeg.w'.
                     No implicit rule found for 'src/jpeg.c'.
                     Finished prerequisites of target file 'src/jpeg.c'.
                    No need to remake target 'src/jpeg.c'.
                    Pruning file 'out/autoconf.h'.
                   Finished prerequisites of target file 'out/src/jpeg.o'.
                  Must remake target 'out/src/jpeg.o'.
Putting child 0x218da180 (out/src/jpeg.o) PID 5232 on the chain.
Live child 0x218da180 (out/src/jpeg.o) PID 5232 
  Compile checking out/src/jpeg.o
Reaping winning child 0x218da180 PID 5232 
Live child 0x218da180 (out/src/jpeg.o) PID 5233 
Reaping winning child 0x218da180 PID 5233 
Removing child 0x218da180 PID 5233 from chain.
                  Successfully remade target file 'out/src/jpeg.o'.
                  Considering target file 'out/src/bmp.o'.
                   File 'out/src/bmp.o' does not exist.
                   Looking for an implicit rule for 'out/src/bmp.o'.
                   Trying pattern rule with stem 'src/bmp'.
                   Trying implicit prerequisite 'src/bmp.c'.
                   Trying rule prerequisite 'out/autoconf.h'.
                   Found an implicit rule for 'out/src/bmp.o'.
                    Considering target file 'src/bmp.c'.
                     Looking for an implicit rule for 'src/bmp.c'.
                     Trying pattern rule with stem 'bmp'.
                     Trying implicit prerequisite 'src/bmp.y'.
                     Trying pattern rule with stem 'bmp'.
                     Trying implicit prerequisite 'src/bmp.l'.
                     Trying pattern rule with stem 'bmp'.
                     Trying implicit prerequisite 'src/bmp.w'.
                     Trying pattern rule with stem 'bmp'.
                     Trying implicit prerequisite 'src/bmp.w'.
                     Trying pattern rule with stem 'bmp.c'.
                     Trying implicit prerequisite 'src/bmp.c,v'.
                     Trying pattern rule with stem 'bmp.c'.
                     Trying implicit prerequisite 'src/RCS/bmp.c,v'.
                     Trying pattern rule with stem 'bmp.c'.
                     Trying implicit prerequisite 'src/RCS/bmp.c'.
                     Trying pattern rule with stem 'bmp.c'.
                     Trying implicit prerequisite 'src/s.bmp.c'.
                     Trying pattern rule with stem 'bmp.c'.
                     Trying implicit prerequisite 'src/SCCS/s.bmp.c'.
                     Trying pattern rule with stem 'bmp'.
                     Trying implicit prerequisite 'src/bmp.y'.
                     Looking for a rule with intermediate file 'src/bmp.y'.
                      Avoiding implicit rule recursion.
                      Trying pattern rule with stem 'bmp.y'.
                      Trying implicit prerequisite 'src/bmp.y,v'.
                      Trying pattern rule with stem 'bmp.y'.
                      Trying implicit prerequisite 'src/RCS/bmp.y,v'.
                      Trying pattern rule with stem 'bmp.y'.
                      Trying implicit prerequisite 'src/RCS/bmp.y'.
                      Trying pattern rule with stem 'bmp.y'.
                      Trying implicit prerequisite 'src/s.bmp.y'.
                      Trying pattern rule with stem 'bmp.y'.
                      Trying implicit prerequisite 'src/SCCS/s.bmp.y'.
                     Trying pattern rule with stem 'bmp'.
                     Trying implicit prerequisite 'src/bmp.l'.
                     Looking for a rule with intermediate file 'src/bmp.l'.
                      Avoiding implicit rule recursion.
                      Trying pattern rule with stem 'bmp.l'.
                      Trying implicit prerequisite 'src/bmp.l,v'.
                      Trying pattern rule with stem 'bmp.l'.
                      Trying implicit prerequisite 'src/RCS/bmp.l,v'.
                      Trying pattern rule with stem 'bmp.l'.
                      Trying implicit prerequisite 'src/RCS/bmp.l'.
                      Trying pattern rule with stem 'bmp.l'.
                      Trying implicit prerequisite 'src/s.bmp.l'.
                      Trying pattern rule with stem 'bmp.l'.
                      Trying implicit prerequisite 'src/SCCS/s.bmp.l'.
                     Trying pattern rule with stem 'bmp'.
                     Trying implicit prerequisite 'src/bmp.w'.
                     Looking for a rule with intermediate file 'src/bmp.w'.
                      Avoiding implicit rule recursion.
                      Trying pattern rule with stem 'bmp.w'.
                      Trying implicit prerequisite 'src/bmp.w,v'.
                      Trying pattern rule with stem 'bmp.w'.
                      Trying implicit prerequisite 'src/RCS/bmp.w,v'.
                      Trying pattern rule with stem 'bmp.w'.
                      Trying implicit prerequisite 'src/RCS/bmp.w'.
                      Trying pattern rule with stem 'bmp.w'.
                      Trying implicit prerequisite 'src/s.bmp.w'.
                      Trying pattern rule with stem 'bmp.w'.
                      Trying implicit prerequisite 'src/SCCS/s.bmp.w'.
                     Trying pattern rule with stem 'bmp'.
                     Rejecting impossible implicit prerequisite 'src/bmp.w'.
                     No implicit rule found for 'src/bmp.c'.
                     Finished prerequisites of target file 'src/bmp.c'.
                    No need to remake target 'src/bmp.c'.
                    Pruning file 'out/autoconf.h'.
                   Finished prerequisites of target file 'out/src/bmp.o'.
                  Must remake target 'out/src/bmp.o'.
Putting child 0x218db6d0 (out/src/bmp.o) PID 5236 on the chain.
Live child 0x218db6d0 (out/src/bmp.o) PID 5236 
  Compile checking out/src/bmp.o
Reaping winning child 0x218db6d0 PID 5236 
Live child 0x218db6d0 (out/src/bmp.o) PID 5237 
Reaping winning child 0x218db6d0 PID 5237 
Removing child 0x218db6d0 PID 5237 from chain.
                  Successfully remade target file 'out/src/bmp.o'.
                  Considering target file 'out/src/tcgbios.o'.
                   File 'out/src/tcgbios.o' does not exist.
                   Looking for an implicit rule for 'out/src/tcgbios.o'.
                   Trying pattern rule with stem 'src/tcgbios'.
                   Trying implicit prerequisite 'src/tcgbios.c'.
                   Trying rule prerequisite 'out/autoconf.h'.
                   Found an implicit rule for 'out/src/tcgbios.o'.
                    Considering target file 'src/tcgbios.c'.
                     Looking for an implicit rule for 'src/tcgbios.c'.
                     Trying pattern rule with stem 'tcgbios'.
                     Trying implicit prerequisite 'src/tcgbios.y'.
                     Trying pattern rule with stem 'tcgbios'.
                     Trying implicit prerequisite 'src/tcgbios.l'.
                     Trying pattern rule with stem 'tcgbios'.
                     Trying implicit prerequisite 'src/tcgbios.w'.
                     Trying pattern rule with stem 'tcgbios'.
                     Trying implicit prerequisite 'src/tcgbios.w'.
                     Trying pattern rule with stem 'tcgbios.c'.
                     Trying implicit prerequisite 'src/tcgbios.c,v'.
                     Trying pattern rule with stem 'tcgbios.c'.
                     Trying implicit prerequisite 'src/RCS/tcgbios.c,v'.
                     Trying pattern rule with stem 'tcgbios.c'.
                     Trying implicit prerequisite 'src/RCS/tcgbios.c'.
                     Trying pattern rule with stem 'tcgbios.c'.
                     Trying implicit prerequisite 'src/s.tcgbios.c'.
                     Trying pattern rule with stem 'tcgbios.c'.
                     Trying implicit prerequisite 'src/SCCS/s.tcgbios.c'.
                     Trying pattern rule with stem 'tcgbios'.
                     Trying implicit prerequisite 'src/tcgbios.y'.
                     Looking for a rule with intermediate file 'src/tcgbios.y'.
                      Avoiding implicit rule recursion.
                      Trying pattern rule with stem 'tcgbios.y'.
                      Trying implicit prerequisite 'src/tcgbios.y,v'.
                      Trying pattern rule with stem 'tcgbios.y'.
                      Trying implicit prerequisite 'src/RCS/tcgbios.y,v'.
                      Trying pattern rule with stem 'tcgbios.y'.
                      Trying implicit prerequisite 'src/RCS/tcgbios.y'.
                      Trying pattern rule with stem 'tcgbios.y'.
                      Trying implicit prerequisite 'src/s.tcgbios.y'.
                      Trying pattern rule with stem 'tcgbios.y'.
                      Trying implicit prerequisite 'src/SCCS/s.tcgbios.y'.
                     Trying pattern rule with stem 'tcgbios'.
                     Trying implicit prerequisite 'src/tcgbios.l'.
                     Looking for a rule with intermediate file 'src/tcgbios.l'.
                      Avoiding implicit rule recursion.
                      Trying pattern rule with stem 'tcgbios.l'.
                      Trying implicit prerequisite 'src/tcgbios.l,v'.
                      Trying pattern rule with stem 'tcgbios.l'.
                      Trying implicit prerequisite 'src/RCS/tcgbios.l,v'.
                      Trying pattern rule with stem 'tcgbios.l'.
                      Trying implicit prerequisite 'src/RCS/tcgbios.l'.
                      Trying pattern rule with stem 'tcgbios.l'.
                      Trying implicit prerequisite 'src/s.tcgbios.l'.
                      Trying pattern rule with stem 'tcgbios.l'.
                      Trying implicit prerequisite 'src/SCCS/s.tcgbios.l'.
                     Trying pattern rule with stem 'tcgbios'.
                     Trying implicit prerequisite 'src/tcgbios.w'.
                     Looking for a rule with intermediate file 'src/tcgbios.w'.
                      Avoiding implicit rule recursion.
                      Trying pattern rule with stem 'tcgbios.w'.
                      Trying implicit prerequisite 'src/tcgbios.w,v'.
                      Trying pattern rule with stem 'tcgbios.w'.
                      Trying implicit prerequisite 'src/RCS/tcgbios.w,v'.
                      Trying pattern rule with stem 'tcgbios.w'.
                      Trying implicit prerequisite 'src/RCS/tcgbios.w'.
                      Trying pattern rule with stem 'tcgbios.w'.
                      Trying implicit prerequisite 'src/s.tcgbios.w'.
                      Trying pattern rule with stem 'tcgbios.w'.
                      Trying implicit prerequisite 'src/SCCS/s.tcgbios.w'.
                     Trying pattern rule with stem 'tcgbios'.
                     Rejecting impossible implicit prerequisite 'src/tcgbios.w'.
                     No implicit rule found for 'src/tcgbios.c'.
                     Finished prerequisites of target file 'src/tcgbios.c'.
                    No need to remake target 'src/tcgbios.c'.
                    Pruning file 'out/autoconf.h'.
                   Finished prerequisites of target file 'out/src/tcgbios.o'.
                  Must remake target 'out/src/tcgbios.o'.
Putting child 0x218daea0 (out/src/tcgbios.o) PID 5240 on the chain.
Live child 0x218daea0 (out/src/tcgbios.o) PID 5240 
  Compile checking out/src/tcgbios.o
Reaping winning child 0x218daea0 PID 5240 
Live child 0x218daea0 (out/src/tcgbios.o) PID 5241 
Reaping winning child 0x218daea0 PID 5241 
Removing child 0x218daea0 PID 5241 from chain.
                  Successfully remade target file 'out/src/tcgbios.o'.
                  Considering target file 'out/src/sha1.o'.
                   File 'out/src/sha1.o' does not exist.
                   Looking for an implicit rule for 'out/src/sha1.o'.
                   Trying pattern rule with stem 'src/sha1'.
                   Trying implicit prerequisite 'src/sha1.c'.
                   Trying rule prerequisite 'out/autoconf.h'.
                   Found an implicit rule for 'out/src/sha1.o'.
                    Considering target file 'src/sha1.c'.
                     Looking for an implicit rule for 'src/sha1.c'.
                     Trying pattern rule with stem 'sha1'.
                     Trying implicit prerequisite 'src/sha1.y'.
                     Trying pattern rule with stem 'sha1'.
                     Trying implicit prerequisite 'src/sha1.l'.
                     Trying pattern rule with stem 'sha1'.
                     Trying implicit prerequisite 'src/sha1.w'.
                     Trying pattern rule with stem 'sha1'.
                     Trying implicit prerequisite 'src/sha1.w'.
                     Trying pattern rule with stem 'sha1.c'.
                     Trying implicit prerequisite 'src/sha1.c,v'.
                     Trying pattern rule with stem 'sha1.c'.
                     Trying implicit prerequisite 'src/RCS/sha1.c,v'.
                     Trying pattern rule with stem 'sha1.c'.
                     Trying implicit prerequisite 'src/RCS/sha1.c'.
                     Trying pattern rule with stem 'sha1.c'.
                     Trying implicit prerequisite 'src/s.sha1.c'.
                     Trying pattern rule with stem 'sha1.c'.
                     Trying implicit prerequisite 'src/SCCS/s.sha1.c'.
                     Trying pattern rule with stem 'sha1'.
                     Trying implicit prerequisite 'src/sha1.y'.
                     Looking for a rule with intermediate file 'src/sha1.y'.
                      Avoiding implicit rule recursion.
                      Trying pattern rule with stem 'sha1.y'.
                      Trying implicit prerequisite 'src/sha1.y,v'.
                      Trying pattern rule with stem 'sha1.y'.
                      Trying implicit prerequisite 'src/RCS/sha1.y,v'.
                      Trying pattern rule with stem 'sha1.y'.
                      Trying implicit prerequisite 'src/RCS/sha1.y'.
                      Trying pattern rule with stem 'sha1.y'.
                      Trying implicit prerequisite 'src/s.sha1.y'.
                      Trying pattern rule with stem 'sha1.y'.
                      Trying implicit prerequisite 'src/SCCS/s.sha1.y'.
                     Trying pattern rule with stem 'sha1'.
                     Trying implicit prerequisite 'src/sha1.l'.
                     Looking for a rule with intermediate file 'src/sha1.l'.
                      Avoiding implicit rule recursion.
                      Trying pattern rule with stem 'sha1.l'.
                      Trying implicit prerequisite 'src/sha1.l,v'.
                      Trying pattern rule with stem 'sha1.l'.
                      Trying implicit prerequisite 'src/RCS/sha1.l,v'.
                      Trying pattern rule with stem 'sha1.l'.
                      Trying implicit prerequisite 'src/RCS/sha1.l'.
                      Trying pattern rule with stem 'sha1.l'.
                      Trying implicit prerequisite 'src/s.sha1.l'.
                      Trying pattern rule with stem 'sha1.l'.
                      Trying implicit prerequisite 'src/SCCS/s.sha1.l'.
                     Trying pattern rule with stem 'sha1'.
                     Trying implicit prerequisite 'src/sha1.w'.
                     Looking for a rule with intermediate file 'src/sha1.w'.
                      Avoiding implicit rule recursion.
                      Trying pattern rule with stem 'sha1.w'.
                      Trying implicit prerequisite 'src/sha1.w,v'.
                      Trying pattern rule with stem 'sha1.w'.
                      Trying implicit prerequisite 'src/RCS/sha1.w,v'.
                      Trying pattern rule with stem 'sha1.w'.
                      Trying implicit prerequisite 'src/RCS/sha1.w'.
                      Trying pattern rule with stem 'sha1.w'.
                      Trying implicit prerequisite 'src/s.sha1.w'.
                      Trying pattern rule with stem 'sha1.w'.
                      Trying implicit prerequisite 'src/SCCS/s.sha1.w'.
                     Trying pattern rule with stem 'sha1'.
                     Rejecting impossible implicit prerequisite 'src/sha1.w'.
                     No implicit rule found for 'src/sha1.c'.
                     Finished prerequisites of target file 'src/sha1.c'.
                    No need to remake target 'src/sha1.c'.
                    Pruning file 'out/autoconf.h'.
                   Finished prerequisites of target file 'out/src/sha1.o'.
                  Must remake target 'out/src/sha1.o'.
Putting child 0x218dcae0 (out/src/sha1.o) PID 5244 on the chain.
Live child 0x218dcae0 (out/src/sha1.o) PID 5244 
  Compile checking out/src/sha1.o
Reaping winning child 0x218dcae0 PID 5244 
Live child 0x218dcae0 (out/src/sha1.o) PID 5245 
Reaping winning child 0x218dcae0 PID 5245 
Removing child 0x218dcae0 PID 5245 from chain.
                  Successfully remade target file 'out/src/sha1.o'.
                  Considering target file 'out/src/hw/pcidevice.o'.
                   File 'out/src/hw/pcidevice.o' does not exist.
                   Looking for an implicit rule for 'out/src/hw/pcidevice.o'.
                   Trying pattern rule with stem 'src/hw/pcidevice'.
                   Trying implicit prerequisite 'src/hw/pcidevice.c'.
                   Trying rule prerequisite 'out/autoconf.h'.
                   Found an implicit rule for 'out/src/hw/pcidevice.o'.
                    Considering target file 'src/hw/pcidevice.c'.
                     Looking for an implicit rule for 'src/hw/pcidevice.c'.
                     Trying pattern rule with stem 'pcidevice'.
                     Trying implicit prerequisite 'src/hw/pcidevice.y'.
                     Trying pattern rule with stem 'pcidevice'.
                     Trying implicit prerequisite 'src/hw/pcidevice.l'.
                     Trying pattern rule with stem 'pcidevice'.
                     Trying implicit prerequisite 'src/hw/pcidevice.w'.
                     Trying pattern rule with stem 'pcidevice'.
                     Trying implicit prerequisite 'src/hw/pcidevice.w'.
                     Trying pattern rule with stem 'pcidevice.c'.
                     Trying implicit prerequisite 'src/hw/pcidevice.c,v'.
                     Trying pattern rule with stem 'pcidevice.c'.
                     Trying implicit prerequisite 'src/hw/RCS/pcidevice.c,v'.
                     Trying pattern rule with stem 'pcidevice.c'.
                     Trying implicit prerequisite 'src/hw/RCS/pcidevice.c'.
                     Trying pattern rule with stem 'pcidevice.c'.
                     Trying implicit prerequisite 'src/hw/s.pcidevice.c'.
                     Trying pattern rule with stem 'pcidevice.c'.
                     Trying implicit prerequisite 'src/hw/SCCS/s.pcidevice.c'.
                     Trying pattern rule with stem 'pcidevice'.
                     Trying implicit prerequisite 'src/hw/pcidevice.y'.
                     Looking for a rule with intermediate file 'src/hw/pcidevice.y'.
                      Avoiding implicit rule recursion.
                      Trying pattern rule with stem 'pcidevice.y'.
                      Trying implicit prerequisite 'src/hw/pcidevice.y,v'.
                      Trying pattern rule with stem 'pcidevice.y'.
                      Trying implicit prerequisite 'src/hw/RCS/pcidevice.y,v'.
                      Trying pattern rule with stem 'pcidevice.y'.
                      Trying implicit prerequisite 'src/hw/RCS/pcidevice.y'.
                      Trying pattern rule with stem 'pcidevice.y'.
                      Trying implicit prerequisite 'src/hw/s.pcidevice.y'.
                      Trying pattern rule with stem 'pcidevice.y'.
                      Trying implicit prerequisite 'src/hw/SCCS/s.pcidevice.y'.
                     Trying pattern rule with stem 'pcidevice'.
                     Trying implicit prerequisite 'src/hw/pcidevice.l'.
                     Looking for a rule with intermediate file 'src/hw/pcidevice.l'.
                      Avoiding implicit rule recursion.
                      Trying pattern rule with stem 'pcidevice.l'.
                      Trying implicit prerequisite 'src/hw/pcidevice.l,v'.
                      Trying pattern rule with stem 'pcidevice.l'.
                      Trying implicit prerequisite 'src/hw/RCS/pcidevice.l,v'.
                      Trying pattern rule with stem 'pcidevice.l'.
                      Trying implicit prerequisite 'src/hw/RCS/pcidevice.l'.
                      Trying pattern rule with stem 'pcidevice.l'.
                      Trying implicit prerequisite 'src/hw/s.pcidevice.l'.
                      Trying pattern rule with stem 'pcidevice.l'.
                      Trying implicit prerequisite 'src/hw/SCCS/s.pcidevice.l'.
                     Trying pattern rule with stem 'pcidevice'.
                     Trying implicit prerequisite 'src/hw/pcidevice.w'.
                     Looking for a rule with intermediate file 'src/hw/pcidevice.w'.
                      Avoiding implicit rule recursion.
                      Trying pattern rule with stem 'pcidevice.w'.
                      Trying implicit prerequisite 'src/hw/pcidevice.w,v'.
                      Trying pattern rule with stem 'pcidevice.w'.
                      Trying implicit prerequisite 'src/hw/RCS/pcidevice.w,v'.
                      Trying pattern rule with stem 'pcidevice.w'.
                      Trying implicit prerequisite 'src/hw/RCS/pcidevice.w'.
                      Trying pattern rule with stem 'pcidevice.w'.
                      Trying implicit prerequisite 'src/hw/s.pcidevice.w'.
                      Trying pattern rule with stem 'pcidevice.w'.
                      Trying implicit prerequisite 'src/hw/SCCS/s.pcidevice.w'.
                     Trying pattern rule with stem 'pcidevice'.
                     Rejecting impossible implicit prerequisite 'src/hw/pcidevice.w'.
                     No implicit rule found for 'src/hw/pcidevice.c'.
                     Finished prerequisites of target file 'src/hw/pcidevice.c'.
                    No need to remake target 'src/hw/pcidevice.c'.
                    Pruning file 'out/autoconf.h'.
                   Finished prerequisites of target file 'out/src/hw/pcidevice.o'.
                  Must remake target 'out/src/hw/pcidevice.o'.
Putting child 0x218dc060 (out/src/hw/pcidevice.o) PID 5248 on the chain.
Live child 0x218dc060 (out/src/hw/pcidevice.o) PID 5248 
  Compile checking out/src/hw/pcidevice.o
Reaping winning child 0x218dc060 PID 5248 
Live child 0x218dc060 (out/src/hw/pcidevice.o) PID 5249 
Reaping winning child 0x218dc060 PID 5249 
Removing child 0x218dc060 PID 5249 from chain.
                  Successfully remade target file 'out/src/hw/pcidevice.o'.
                  Considering target file 'out/src/hw/ahci.o'.
                   File 'out/src/hw/ahci.o' does not exist.
                   Looking for an implicit rule for 'out/src/hw/ahci.o'.
                   Trying pattern rule with stem 'src/hw/ahci'.
                   Trying implicit prerequisite 'src/hw/ahci.c'.
                   Trying rule prerequisite 'out/autoconf.h'.
                   Found an implicit rule for 'out/src/hw/ahci.o'.
                    Considering target file 'src/hw/ahci.c'.
                     Looking for an implicit rule for 'src/hw/ahci.c'.
                     Trying pattern rule with stem 'ahci'.
                     Trying implicit prerequisite 'src/hw/ahci.y'.
                     Trying pattern rule with stem 'ahci'.
                     Trying implicit prerequisite 'src/hw/ahci.l'.
                     Trying pattern rule with stem 'ahci'.
                     Trying implicit prerequisite 'src/hw/ahci.w'.
                     Trying pattern rule with stem 'ahci'.
                     Trying implicit prerequisite 'src/hw/ahci.w'.
                     Trying pattern rule with stem 'ahci.c'.
                     Trying implicit prerequisite 'src/hw/ahci.c,v'.
                     Trying pattern rule with stem 'ahci.c'.
                     Trying implicit prerequisite 'src/hw/RCS/ahci.c,v'.
                     Trying pattern rule with stem 'ahci.c'.
                     Trying implicit prerequisite 'src/hw/RCS/ahci.c'.
                     Trying pattern rule with stem 'ahci.c'.
                     Trying implicit prerequisite 'src/hw/s.ahci.c'.
                     Trying pattern rule with stem 'ahci.c'.
                     Trying implicit prerequisite 'src/hw/SCCS/s.ahci.c'.
                     Trying pattern rule with stem 'ahci'.
                     Trying implicit prerequisite 'src/hw/ahci.y'.
                     Looking for a rule with intermediate file 'src/hw/ahci.y'.
                      Avoiding implicit rule recursion.
                      Trying pattern rule with stem 'ahci.y'.
                      Trying implicit prerequisite 'src/hw/ahci.y,v'.
                      Trying pattern rule with stem 'ahci.y'.
                      Trying implicit prerequisite 'src/hw/RCS/ahci.y,v'.
                      Trying pattern rule with stem 'ahci.y'.
                      Trying implicit prerequisite 'src/hw/RCS/ahci.y'.
                      Trying pattern rule with stem 'ahci.y'.
                      Trying implicit prerequisite 'src/hw/s.ahci.y'.
                      Trying pattern rule with stem 'ahci.y'.
                      Trying implicit prerequisite 'src/hw/SCCS/s.ahci.y'.
                     Trying pattern rule with stem 'ahci'.
                     Trying implicit prerequisite 'src/hw/ahci.l'.
                     Looking for a rule with intermediate file 'src/hw/ahci.l'.
                      Avoiding implicit rule recursion.
                      Trying pattern rule with stem 'ahci.l'.
                      Trying implicit prerequisite 'src/hw/ahci.l,v'.
                      Trying pattern rule with stem 'ahci.l'.
                      Trying implicit prerequisite 'src/hw/RCS/ahci.l,v'.
                      Trying pattern rule with stem 'ahci.l'.
                      Trying implicit prerequisite 'src/hw/RCS/ahci.l'.
                      Trying pattern rule with stem 'ahci.l'.
                      Trying implicit prerequisite 'src/hw/s.ahci.l'.
                      Trying pattern rule with stem 'ahci.l'.
                      Trying implicit prerequisite 'src/hw/SCCS/s.ahci.l'.
                     Trying pattern rule with stem 'ahci'.
                     Trying implicit prerequisite 'src/hw/ahci.w'.
                     Looking for a rule with intermediate file 'src/hw/ahci.w'.
                      Avoiding implicit rule recursion.
                      Trying pattern rule with stem 'ahci.w'.
                      Trying implicit prerequisite 'src/hw/ahci.w,v'.
                      Trying pattern rule with stem 'ahci.w'.
                      Trying implicit prerequisite 'src/hw/RCS/ahci.w,v'.
                      Trying pattern rule with stem 'ahci.w'.
                      Trying implicit prerequisite 'src/hw/RCS/ahci.w'.
                      Trying pattern rule with stem 'ahci.w'.
                      Trying implicit prerequisite 'src/hw/s.ahci.w'.
                      Trying pattern rule with stem 'ahci.w'.
                      Trying implicit prerequisite 'src/hw/SCCS/s.ahci.w'.
                     Trying pattern rule with stem 'ahci'.
                     Rejecting impossible implicit prerequisite 'src/hw/ahci.w'.
                     No implicit rule found for 'src/hw/ahci.c'.
                     Finished prerequisites of target file 'src/hw/ahci.c'.
                    No need to remake target 'src/hw/ahci.c'.
                    Pruning file 'out/autoconf.h'.
                   Finished prerequisites of target file 'out/src/hw/ahci.o'.
                  Must remake target 'out/src/hw/ahci.o'.
Putting child 0x218ddd40 (out/src/hw/ahci.o) PID 5252 on the chain.
Live child 0x218ddd40 (out/src/hw/ahci.o) PID 5252 
  Compile checking out/src/hw/ahci.o
Reaping winning child 0x218ddd40 PID 5252 
Live child 0x218ddd40 (out/src/hw/ahci.o) PID 5253 
Reaping winning child 0x218ddd40 PID 5253 
Removing child 0x218ddd40 PID 5253 from chain.
                  Successfully remade target file 'out/src/hw/ahci.o'.
                  Considering target file 'out/src/hw/pvscsi.o'.
                   File 'out/src/hw/pvscsi.o' does not exist.
                   Looking for an implicit rule for 'out/src/hw/pvscsi.o'.
                   Trying pattern rule with stem 'src/hw/pvscsi'.
                   Trying implicit prerequisite 'src/hw/pvscsi.c'.
                   Trying rule prerequisite 'out/autoconf.h'.
                   Found an implicit rule for 'out/src/hw/pvscsi.o'.
                    Considering target file 'src/hw/pvscsi.c'.
                     Looking for an implicit rule for 'src/hw/pvscsi.c'.
                     Trying pattern rule with stem 'pvscsi'.
                     Trying implicit prerequisite 'src/hw/pvscsi.y'.
                     Trying pattern rule with stem 'pvscsi'.
                     Trying implicit prerequisite 'src/hw/pvscsi.l'.
                     Trying pattern rule with stem 'pvscsi'.
                     Trying implicit prerequisite 'src/hw/pvscsi.w'.
                     Trying pattern rule with stem 'pvscsi'.
                     Trying implicit prerequisite 'src/hw/pvscsi.w'.
                     Trying pattern rule with stem 'pvscsi.c'.
                     Trying implicit prerequisite 'src/hw/pvscsi.c,v'.
                     Trying pattern rule with stem 'pvscsi.c'.
                     Trying implicit prerequisite 'src/hw/RCS/pvscsi.c,v'.
                     Trying pattern rule with stem 'pvscsi.c'.
                     Trying implicit prerequisite 'src/hw/RCS/pvscsi.c'.
                     Trying pattern rule with stem 'pvscsi.c'.
                     Trying implicit prerequisite 'src/hw/s.pvscsi.c'.
                     Trying pattern rule with stem 'pvscsi.c'.
                     Trying implicit prerequisite 'src/hw/SCCS/s.pvscsi.c'.
                     Trying pattern rule with stem 'pvscsi'.
                     Trying implicit prerequisite 'src/hw/pvscsi.y'.
                     Looking for a rule with intermediate file 'src/hw/pvscsi.y'.
                      Avoiding implicit rule recursion.
                      Trying pattern rule with stem 'pvscsi.y'.
                      Trying implicit prerequisite 'src/hw/pvscsi.y,v'.
                      Trying pattern rule with stem 'pvscsi.y'.
                      Trying implicit prerequisite 'src/hw/RCS/pvscsi.y,v'.
                      Trying pattern rule with stem 'pvscsi.y'.
                      Trying implicit prerequisite 'src/hw/RCS/pvscsi.y'.
                      Trying pattern rule with stem 'pvscsi.y'.
                      Trying implicit prerequisite 'src/hw/s.pvscsi.y'.
                      Trying pattern rule with stem 'pvscsi.y'.
                      Trying implicit prerequisite 'src/hw/SCCS/s.pvscsi.y'.
                     Trying pattern rule with stem 'pvscsi'.
                     Trying implicit prerequisite 'src/hw/pvscsi.l'.
                     Looking for a rule with intermediate file 'src/hw/pvscsi.l'.
                      Avoiding implicit rule recursion.
                      Trying pattern rule with stem 'pvscsi.l'.
                      Trying implicit prerequisite 'src/hw/pvscsi.l,v'.
                      Trying pattern rule with stem 'pvscsi.l'.
                      Trying implicit prerequisite 'src/hw/RCS/pvscsi.l,v'.
                      Trying pattern rule with stem 'pvscsi.l'.
                      Trying implicit prerequisite 'src/hw/RCS/pvscsi.l'.
                      Trying pattern rule with stem 'pvscsi.l'.
                      Trying implicit prerequisite 'src/hw/s.pvscsi.l'.
                      Trying pattern rule with stem 'pvscsi.l'.
                      Trying implicit prerequisite 'src/hw/SCCS/s.pvscsi.l'.
                     Trying pattern rule with stem 'pvscsi'.
                     Trying implicit prerequisite 'src/hw/pvscsi.w'.
                     Looking for a rule with intermediate file 'src/hw/pvscsi.w'.
                      Avoiding implicit rule recursion.
                      Trying pattern rule with stem 'pvscsi.w'.
                      Trying implicit prerequisite 'src/hw/pvscsi.w,v'.
                      Trying pattern rule with stem 'pvscsi.w'.
                      Trying implicit prerequisite 'src/hw/RCS/pvscsi.w,v'.
                      Trying pattern rule with stem 'pvscsi.w'.
                      Trying implicit prerequisite 'src/hw/RCS/pvscsi.w'.
                      Trying pattern rule with stem 'pvscsi.w'.
                      Trying implicit prerequisite 'src/hw/s.pvscsi.w'.
                      Trying pattern rule with stem 'pvscsi.w'.
                      Trying implicit prerequisite 'src/hw/SCCS/s.pvscsi.w'.
                     Trying pattern rule with stem 'pvscsi'.
                     Rejecting impossible implicit prerequisite 'src/hw/pvscsi.w'.
                     No implicit rule found for 'src/hw/pvscsi.c'.
                     Finished prerequisites of target file 'src/hw/pvscsi.c'.
                    No need to remake target 'src/hw/pvscsi.c'.
                    Pruning file 'out/autoconf.h'.
                   Finished prerequisites of target file 'out/src/hw/pvscsi.o'.
                  Must remake target 'out/src/hw/pvscsi.o'.
Putting child 0x218de430 (out/src/hw/pvscsi.o) PID 5256 on the chain.
Live child 0x218de430 (out/src/hw/pvscsi.o) PID 5256 
  Compile checking out/src/hw/pvscsi.o
Reaping winning child 0x218de430 PID 5256 
Live child 0x218de430 (out/src/hw/pvscsi.o) PID 5257 
Reaping winning child 0x218de430 PID 5257 
Removing child 0x218de430 PID 5257 from chain.
                  Successfully remade target file 'out/src/hw/pvscsi.o'.
                  Considering target file 'out/src/hw/usb-xhci.o'.
                   File 'out/src/hw/usb-xhci.o' does not exist.
                   Looking for an implicit rule for 'out/src/hw/usb-xhci.o'.
                   Trying pattern rule with stem 'src/hw/usb-xhci'.
                   Trying implicit prerequisite 'src/hw/usb-xhci.c'.
                   Trying rule prerequisite 'out/autoconf.h'.
                   Found an implicit rule for 'out/src/hw/usb-xhci.o'.
                    Considering target file 'src/hw/usb-xhci.c'.
                     Looking for an implicit rule for 'src/hw/usb-xhci.c'.
                     Trying pattern rule with stem 'usb-xhci'.
                     Trying implicit prerequisite 'src/hw/usb-xhci.y'.
                     Trying pattern rule with stem 'usb-xhci'.
                     Trying implicit prerequisite 'src/hw/usb-xhci.l'.
                     Trying pattern rule with stem 'usb-xhci'.
                     Trying implicit prerequisite 'src/hw/usb-xhci.w'.
                     Trying pattern rule with stem 'usb-xhci'.
                     Trying implicit prerequisite 'src/hw/usb-xhci.w'.
                     Trying pattern rule with stem 'usb-xhci.c'.
                     Trying implicit prerequisite 'src/hw/usb-xhci.c,v'.
                     Trying pattern rule with stem 'usb-xhci.c'.
                     Trying implicit prerequisite 'src/hw/RCS/usb-xhci.c,v'.
                     Trying pattern rule with stem 'usb-xhci.c'.
                     Trying implicit prerequisite 'src/hw/RCS/usb-xhci.c'.
                     Trying pattern rule with stem 'usb-xhci.c'.
                     Trying implicit prerequisite 'src/hw/s.usb-xhci.c'.
                     Trying pattern rule with stem 'usb-xhci.c'.
                     Trying implicit prerequisite 'src/hw/SCCS/s.usb-xhci.c'.
                     Trying pattern rule with stem 'usb-xhci'.
                     Trying implicit prerequisite 'src/hw/usb-xhci.y'.
                     Looking for a rule with intermediate file 'src/hw/usb-xhci.y'.
                      Avoiding implicit rule recursion.
                      Trying pattern rule with stem 'usb-xhci.y'.
                      Trying implicit prerequisite 'src/hw/usb-xhci.y,v'.
                      Trying pattern rule with stem 'usb-xhci.y'.
                      Trying implicit prerequisite 'src/hw/RCS/usb-xhci.y,v'.
                      Trying pattern rule with stem 'usb-xhci.y'.
                      Trying implicit prerequisite 'src/hw/RCS/usb-xhci.y'.
                      Trying pattern rule with stem 'usb-xhci.y'.
                      Trying implicit prerequisite 'src/hw/s.usb-xhci.y'.
                      Trying pattern rule with stem 'usb-xhci.y'.
                      Trying implicit prerequisite 'src/hw/SCCS/s.usb-xhci.y'.
                     Trying pattern rule with stem 'usb-xhci'.
                     Trying implicit prerequisite 'src/hw/usb-xhci.l'.
                     Looking for a rule with intermediate file 'src/hw/usb-xhci.l'.
                      Avoiding implicit rule recursion.
                      Trying pattern rule with stem 'usb-xhci.l'.
                      Trying implicit prerequisite 'src/hw/usb-xhci.l,v'.
                      Trying pattern rule with stem 'usb-xhci.l'.
                      Trying implicit prerequisite 'src/hw/RCS/usb-xhci.l,v'.
                      Trying pattern rule with stem 'usb-xhci.l'.
                      Trying implicit prerequisite 'src/hw/RCS/usb-xhci.l'.
                      Trying pattern rule with stem 'usb-xhci.l'.
                      Trying implicit prerequisite 'src/hw/s.usb-xhci.l'.
                      Trying pattern rule with stem 'usb-xhci.l'.
                      Trying implicit prerequisite 'src/hw/SCCS/s.usb-xhci.l'.
                     Trying pattern rule with stem 'usb-xhci'.
                     Trying implicit prerequisite 'src/hw/usb-xhci.w'.
                     Looking for a rule with intermediate file 'src/hw/usb-xhci.w'.
                      Avoiding implicit rule recursion.
                      Trying pattern rule with stem 'usb-xhci.w'.
                      Trying implicit prerequisite 'src/hw/usb-xhci.w,v'.
                      Trying pattern rule with stem 'usb-xhci.w'.
                      Trying implicit prerequisite 'src/hw/RCS/usb-xhci.w,v'.
                      Trying pattern rule with stem 'usb-xhci.w'.
                      Trying implicit prerequisite 'src/hw/RCS/usb-xhci.w'.
                      Trying pattern rule with stem 'usb-xhci.w'.
                      Trying implicit prerequisite 'src/hw/s.usb-xhci.w'.
                      Trying pattern rule with stem 'usb-xhci.w'.
                      Trying implicit prerequisite 'src/hw/SCCS/s.usb-xhci.w'.
                     Trying pattern rule with stem 'usb-xhci'.
                     Rejecting impossible implicit prerequisite 'src/hw/usb-xhci.w'.
                     No implicit rule found for 'src/hw/usb-xhci.c'.
                     Finished prerequisites of target file 'src/hw/usb-xhci.c'.
                    No need to remake target 'src/hw/usb-xhci.c'.
                    Pruning file 'out/autoconf.h'.
                   Finished prerequisites of target file 'out/src/hw/usb-xhci.o'.
                  Must remake target 'out/src/hw/usb-xhci.o'.
Putting child 0x218ddb60 (out/src/hw/usb-xhci.o) PID 5260 on the chain.
Live child 0x218ddb60 (out/src/hw/usb-xhci.o) PID 5260 
  Compile checking out/src/hw/usb-xhci.o
Reaping winning child 0x218ddb60 PID 5260 
Live child 0x218ddb60 (out/src/hw/usb-xhci.o) PID 5261 
Reaping winning child 0x218ddb60 PID 5261 
Removing child 0x218ddb60 PID 5261 from chain.
                  Successfully remade target file 'out/src/hw/usb-xhci.o'.
                  Considering target file 'out/src/hw/usb-hub.o'.
                   File 'out/src/hw/usb-hub.o' does not exist.
                   Looking for an implicit rule for 'out/src/hw/usb-hub.o'.
                   Trying pattern rule with stem 'src/hw/usb-hub'.
                   Trying implicit prerequisite 'src/hw/usb-hub.c'.
                   Trying rule prerequisite 'out/autoconf.h'.
                   Found an implicit rule for 'out/src/hw/usb-hub.o'.
                    Considering target file 'src/hw/usb-hub.c'.
                     Looking for an implicit rule for 'src/hw/usb-hub.c'.
                     Trying pattern rule with stem 'usb-hub'.
                     Trying implicit prerequisite 'src/hw/usb-hub.y'.
                     Trying pattern rule with stem 'usb-hub'.
                     Trying implicit prerequisite 'src/hw/usb-hub.l'.
                     Trying pattern rule with stem 'usb-hub'.
                     Trying implicit prerequisite 'src/hw/usb-hub.w'.
                     Trying pattern rule with stem 'usb-hub'.
                     Trying implicit prerequisite 'src/hw/usb-hub.w'.
                     Trying pattern rule with stem 'usb-hub.c'.
                     Trying implicit prerequisite 'src/hw/usb-hub.c,v'.
                     Trying pattern rule with stem 'usb-hub.c'.
                     Trying implicit prerequisite 'src/hw/RCS/usb-hub.c,v'.
                     Trying pattern rule with stem 'usb-hub.c'.
                     Trying implicit prerequisite 'src/hw/RCS/usb-hub.c'.
                     Trying pattern rule with stem 'usb-hub.c'.
                     Trying implicit prerequisite 'src/hw/s.usb-hub.c'.
                     Trying pattern rule with stem 'usb-hub.c'.
                     Trying implicit prerequisite 'src/hw/SCCS/s.usb-hub.c'.
                     Trying pattern rule with stem 'usb-hub'.
                     Trying implicit prerequisite 'src/hw/usb-hub.y'.
                     Looking for a rule with intermediate file 'src/hw/usb-hub.y'.
                      Avoiding implicit rule recursion.
                      Trying pattern rule with stem 'usb-hub.y'.
                      Trying implicit prerequisite 'src/hw/usb-hub.y,v'.
                      Trying pattern rule with stem 'usb-hub.y'.
                      Trying implicit prerequisite 'src/hw/RCS/usb-hub.y,v'.
                      Trying pattern rule with stem 'usb-hub.y'.
                      Trying implicit prerequisite 'src/hw/RCS/usb-hub.y'.
                      Trying pattern rule with stem 'usb-hub.y'.
                      Trying implicit prerequisite 'src/hw/s.usb-hub.y'.
                      Trying pattern rule with stem 'usb-hub.y'.
                      Trying implicit prerequisite 'src/hw/SCCS/s.usb-hub.y'.
                     Trying pattern rule with stem 'usb-hub'.
                     Trying implicit prerequisite 'src/hw/usb-hub.l'.
                     Looking for a rule with intermediate file 'src/hw/usb-hub.l'.
                      Avoiding implicit rule recursion.
                      Trying pattern rule with stem 'usb-hub.l'.
                      Trying implicit prerequisite 'src/hw/usb-hub.l,v'.
                      Trying pattern rule with stem 'usb-hub.l'.
                      Trying implicit prerequisite 'src/hw/RCS/usb-hub.l,v'.
                      Trying pattern rule with stem 'usb-hub.l'.
                      Trying implicit prerequisite 'src/hw/RCS/usb-hub.l'.
                      Trying pattern rule with stem 'usb-hub.l'.
                      Trying implicit prerequisite 'src/hw/s.usb-hub.l'.
                      Trying pattern rule with stem 'usb-hub.l'.
                      Trying implicit prerequisite 'src/hw/SCCS/s.usb-hub.l'.
                     Trying pattern rule with stem 'usb-hub'.
                     Trying implicit prerequisite 'src/hw/usb-hub.w'.
                     Looking for a rule with intermediate file 'src/hw/usb-hub.w'.
                      Avoiding implicit rule recursion.
                      Trying pattern rule with stem 'usb-hub.w'.
                      Trying implicit prerequisite 'src/hw/usb-hub.w,v'.
                      Trying pattern rule with stem 'usb-hub.w'.
                      Trying implicit prerequisite 'src/hw/RCS/usb-hub.w,v'.
                      Trying pattern rule with stem 'usb-hub.w'.
                      Trying implicit prerequisite 'src/hw/RCS/usb-hub.w'.
                      Trying pattern rule with stem 'usb-hub.w'.
                      Trying implicit prerequisite 'src/hw/s.usb-hub.w'.
                      Trying pattern rule with stem 'usb-hub.w'.
                      Trying implicit prerequisite 'src/hw/SCCS/s.usb-hub.w'.
                     Trying pattern rule with stem 'usb-hub'.
                     Rejecting impossible implicit prerequisite 'src/hw/usb-hub.w'.
                     No implicit rule found for 'src/hw/usb-hub.c'.
                     Finished prerequisites of target file 'src/hw/usb-hub.c'.
                    No need to remake target 'src/hw/usb-hub.c'.
                    Pruning file 'out/autoconf.h'.
                   Finished prerequisites of target file 'out/src/hw/usb-hub.o'.
                  Must remake target 'out/src/hw/usb-hub.o'.
Putting child 0x218dd130 (out/src/hw/usb-hub.o) PID 5264 on the chain.
Live child 0x218dd130 (out/src/hw/usb-hub.o) PID 5264 
  Compile checking out/src/hw/usb-hub.o
Reaping winning child 0x218dd130 PID 5264 
Live child 0x218dd130 (out/src/hw/usb-hub.o) PID 5265 
Reaping winning child 0x218dd130 PID 5265 
Removing child 0x218dd130 PID 5265 from chain.
                  Successfully remade target file 'out/src/hw/usb-hub.o'.
                  Considering target file 'out/src/hw/sdcard.o'.
                   File 'out/src/hw/sdcard.o' does not exist.
                   Looking for an implicit rule for 'out/src/hw/sdcard.o'.
                   Trying pattern rule with stem 'src/hw/sdcard'.
                   Trying implicit prerequisite 'src/hw/sdcard.c'.
                   Trying rule prerequisite 'out/autoconf.h'.
                   Found an implicit rule for 'out/src/hw/sdcard.o'.
                    Considering target file 'src/hw/sdcard.c'.
                     Looking for an implicit rule for 'src/hw/sdcard.c'.
                     Trying pattern rule with stem 'sdcard'.
                     Trying implicit prerequisite 'src/hw/sdcard.y'.
                     Trying pattern rule with stem 'sdcard'.
                     Trying implicit prerequisite 'src/hw/sdcard.l'.
                     Trying pattern rule with stem 'sdcard'.
                     Trying implicit prerequisite 'src/hw/sdcard.w'.
                     Trying pattern rule with stem 'sdcard'.
                     Trying implicit prerequisite 'src/hw/sdcard.w'.
                     Trying pattern rule with stem 'sdcard.c'.
                     Trying implicit prerequisite 'src/hw/sdcard.c,v'.
                     Trying pattern rule with stem 'sdcard.c'.
                     Trying implicit prerequisite 'src/hw/RCS/sdcard.c,v'.
                     Trying pattern rule with stem 'sdcard.c'.
                     Trying implicit prerequisite 'src/hw/RCS/sdcard.c'.
                     Trying pattern rule with stem 'sdcard.c'.
                     Trying implicit prerequisite 'src/hw/s.sdcard.c'.
                     Trying pattern rule with stem 'sdcard.c'.
                     Trying implicit prerequisite 'src/hw/SCCS/s.sdcard.c'.
                     Trying pattern rule with stem 'sdcard'.
                     Trying implicit prerequisite 'src/hw/sdcard.y'.
                     Looking for a rule with intermediate file 'src/hw/sdcard.y'.
                      Avoiding implicit rule recursion.
                      Trying pattern rule with stem 'sdcard.y'.
                      Trying implicit prerequisite 'src/hw/sdcard.y,v'.
                      Trying pattern rule with stem 'sdcard.y'.
                      Trying implicit prerequisite 'src/hw/RCS/sdcard.y,v'.
                      Trying pattern rule with stem 'sdcard.y'.
                      Trying implicit prerequisite 'src/hw/RCS/sdcard.y'.
                      Trying pattern rule with stem 'sdcard.y'.
                      Trying implicit prerequisite 'src/hw/s.sdcard.y'.
                      Trying pattern rule with stem 'sdcard.y'.
                      Trying implicit prerequisite 'src/hw/SCCS/s.sdcard.y'.
                     Trying pattern rule with stem 'sdcard'.
                     Trying implicit prerequisite 'src/hw/sdcard.l'.
                     Looking for a rule with intermediate file 'src/hw/sdcard.l'.
                      Avoiding implicit rule recursion.
                      Trying pattern rule with stem 'sdcard.l'.
                      Trying implicit prerequisite 'src/hw/sdcard.l,v'.
                      Trying pattern rule with stem 'sdcard.l'.
                      Trying implicit prerequisite 'src/hw/RCS/sdcard.l,v'.
                      Trying pattern rule with stem 'sdcard.l'.
                      Trying implicit prerequisite 'src/hw/RCS/sdcard.l'.
                      Trying pattern rule with stem 'sdcard.l'.
                      Trying implicit prerequisite 'src/hw/s.sdcard.l'.
                      Trying pattern rule with stem 'sdcard.l'.
                      Trying implicit prerequisite 'src/hw/SCCS/s.sdcard.l'.
                     Trying pattern rule with stem 'sdcard'.
                     Trying implicit prerequisite 'src/hw/sdcard.w'.
                     Looking for a rule with intermediate file 'src/hw/sdcard.w'.
                      Avoiding implicit rule recursion.
                      Trying pattern rule with stem 'sdcard.w'.
                      Trying implicit prerequisite 'src/hw/sdcard.w,v'.
                      Trying pattern rule with stem 'sdcard.w'.
                      Trying implicit prerequisite 'src/hw/RCS/sdcard.w,v'.
                      Trying pattern rule with stem 'sdcard.w'.
                      Trying implicit prerequisite 'src/hw/RCS/sdcard.w'.
                      Trying pattern rule with stem 'sdcard.w'.
                      Trying implicit prerequisite 'src/hw/s.sdcard.w'.
                      Trying pattern rule with stem 'sdcard.w'.
                      Trying implicit prerequisite 'src/hw/SCCS/s.sdcard.w'.
                     Trying pattern rule with stem 'sdcard'.
                     Rejecting impossible implicit prerequisite 'src/hw/sdcard.w'.
                     No implicit rule found for 'src/hw/sdcard.c'.
                     Finished prerequisites of target file 'src/hw/sdcard.c'.
                    No need to remake target 'src/hw/sdcard.c'.
                    Pruning file 'out/autoconf.h'.
                   Finished prerequisites of target file 'out/src/hw/sdcard.o'.
                  Must remake target 'out/src/hw/sdcard.o'.
Putting child 0x218dd780 (out/src/hw/sdcard.o) PID 5268 on the chain.
Live child 0x218dd780 (out/src/hw/sdcard.o) PID 5268 
  Compile checking out/src/hw/sdcard.o
Reaping winning child 0x218dd780 PID 5268 
Live child 0x218dd780 (out/src/hw/sdcard.o) PID 5269 
Reaping winning child 0x218dd780 PID 5269 
Removing child 0x218dd780 PID 5269 from chain.
                  Successfully remade target file 'out/src/hw/sdcard.o'.
                  Considering target file 'out/src/fw/coreboot.o'.
                   File 'out/src/fw/coreboot.o' does not exist.
                   Looking for an implicit rule for 'out/src/fw/coreboot.o'.
                   Trying pattern rule with stem 'src/fw/coreboot'.
                   Trying implicit prerequisite 'src/fw/coreboot.c'.
                   Trying rule prerequisite 'out/autoconf.h'.
                   Found an implicit rule for 'out/src/fw/coreboot.o'.
                    Considering target file 'src/fw/coreboot.c'.
                     Looking for an implicit rule for 'src/fw/coreboot.c'.
                     Trying pattern rule with stem 'coreboot'.
                     Trying implicit prerequisite 'src/fw/coreboot.y'.
                     Trying pattern rule with stem 'coreboot'.
                     Trying implicit prerequisite 'src/fw/coreboot.l'.
                     Trying pattern rule with stem 'coreboot'.
                     Trying implicit prerequisite 'src/fw/coreboot.w'.
                     Trying pattern rule with stem 'coreboot'.
                     Trying implicit prerequisite 'src/fw/coreboot.w'.
                     Trying pattern rule with stem 'coreboot.c'.
                     Trying implicit prerequisite 'src/fw/coreboot.c,v'.
                     Trying pattern rule with stem 'coreboot.c'.
                     Trying implicit prerequisite 'src/fw/RCS/coreboot.c,v'.
                     Trying pattern rule with stem 'coreboot.c'.
                     Trying implicit prerequisite 'src/fw/RCS/coreboot.c'.
                     Trying pattern rule with stem 'coreboot.c'.
                     Trying implicit prerequisite 'src/fw/s.coreboot.c'.
                     Trying pattern rule with stem 'coreboot.c'.
                     Trying implicit prerequisite 'src/fw/SCCS/s.coreboot.c'.
                     Trying pattern rule with stem 'coreboot'.
                     Trying implicit prerequisite 'src/fw/coreboot.y'.
                     Looking for a rule with intermediate file 'src/fw/coreboot.y'.
                      Avoiding implicit rule recursion.
                      Trying pattern rule with stem 'coreboot.y'.
                      Trying implicit prerequisite 'src/fw/coreboot.y,v'.
                      Trying pattern rule with stem 'coreboot.y'.
                      Trying implicit prerequisite 'src/fw/RCS/coreboot.y,v'.
                      Trying pattern rule with stem 'coreboot.y'.
                      Trying implicit prerequisite 'src/fw/RCS/coreboot.y'.
                      Trying pattern rule with stem 'coreboot.y'.
                      Trying implicit prerequisite 'src/fw/s.coreboot.y'.
                      Trying pattern rule with stem 'coreboot.y'.
                      Trying implicit prerequisite 'src/fw/SCCS/s.coreboot.y'.
                     Trying pattern rule with stem 'coreboot'.
                     Trying implicit prerequisite 'src/fw/coreboot.l'.
                     Looking for a rule with intermediate file 'src/fw/coreboot.l'.
                      Avoiding implicit rule recursion.
                      Trying pattern rule with stem 'coreboot.l'.
                      Trying implicit prerequisite 'src/fw/coreboot.l,v'.
                      Trying pattern rule with stem 'coreboot.l'.
                      Trying implicit prerequisite 'src/fw/RCS/coreboot.l,v'.
                      Trying pattern rule with stem 'coreboot.l'.
                      Trying implicit prerequisite 'src/fw/RCS/coreboot.l'.
                      Trying pattern rule with stem 'coreboot.l'.
                      Trying implicit prerequisite 'src/fw/s.coreboot.l'.
                      Trying pattern rule with stem 'coreboot.l'.
                      Trying implicit prerequisite 'src/fw/SCCS/s.coreboot.l'.
                     Trying pattern rule with stem 'coreboot'.
                     Trying implicit prerequisite 'src/fw/coreboot.w'.
                     Looking for a rule with intermediate file 'src/fw/coreboot.w'.
                      Avoiding implicit rule recursion.
                      Trying pattern rule with stem 'coreboot.w'.
                      Trying implicit prerequisite 'src/fw/coreboot.w,v'.
                      Trying pattern rule with stem 'coreboot.w'.
                      Trying implicit prerequisite 'src/fw/RCS/coreboot.w,v'.
                      Trying pattern rule with stem 'coreboot.w'.
                      Trying implicit prerequisite 'src/fw/RCS/coreboot.w'.
                      Trying pattern rule with stem 'coreboot.w'.
                      Trying implicit prerequisite 'src/fw/s.coreboot.w'.
                      Trying pattern rule with stem 'coreboot.w'.
                      Trying implicit prerequisite 'src/fw/SCCS/s.coreboot.w'.
                     Trying pattern rule with stem 'coreboot'.
                     Rejecting impossible implicit prerequisite 'src/fw/coreboot.w'.
                     No implicit rule found for 'src/fw/coreboot.c'.
                     Finished prerequisites of target file 'src/fw/coreboot.c'.
                    No need to remake target 'src/fw/coreboot.c'.
                    Pruning file 'out/autoconf.h'.
                   Finished prerequisites of target file 'out/src/fw/coreboot.o'.
                  Must remake target 'out/src/fw/coreboot.o'.
Putting child 0x218e18f0 (out/src/fw/coreboot.o) PID 5272 on the chain.
Live child 0x218e18f0 (out/src/fw/coreboot.o) PID 5272 
  Compile checking out/src/fw/coreboot.o
Reaping winning child 0x218e18f0 PID 5272 
Live child 0x218e18f0 (out/src/fw/coreboot.o) PID 5273 
Reaping winning child 0x218e18f0 PID 5273 
Removing child 0x218e18f0 PID 5273 from chain.
                  Successfully remade target file 'out/src/fw/coreboot.o'.
                  Considering target file 'out/src/fw/lzmadecode.o'.
                   File 'out/src/fw/lzmadecode.o' does not exist.
                   Looking for an implicit rule for 'out/src/fw/lzmadecode.o'.
                   Trying pattern rule with stem 'src/fw/lzmadecode'.
                   Trying implicit prerequisite 'src/fw/lzmadecode.c'.
                   Trying rule prerequisite 'out/autoconf.h'.
                   Found an implicit rule for 'out/src/fw/lzmadecode.o'.
                    Considering target file 'src/fw/lzmadecode.c'.
                     Looking for an implicit rule for 'src/fw/lzmadecode.c'.
                     Trying pattern rule with stem 'lzmadecode'.
                     Trying implicit prerequisite 'src/fw/lzmadecode.y'.
                     Trying pattern rule with stem 'lzmadecode'.
                     Trying implicit prerequisite 'src/fw/lzmadecode.l'.
                     Trying pattern rule with stem 'lzmadecode'.
                     Trying implicit prerequisite 'src/fw/lzmadecode.w'.
                     Trying pattern rule with stem 'lzmadecode'.
                     Trying implicit prerequisite 'src/fw/lzmadecode.w'.
                     Trying pattern rule with stem 'lzmadecode.c'.
                     Trying implicit prerequisite 'src/fw/lzmadecode.c,v'.
                     Trying pattern rule with stem 'lzmadecode.c'.
                     Trying implicit prerequisite 'src/fw/RCS/lzmadecode.c,v'.
                     Trying pattern rule with stem 'lzmadecode.c'.
                     Trying implicit prerequisite 'src/fw/RCS/lzmadecode.c'.
                     Trying pattern rule with stem 'lzmadecode.c'.
                     Trying implicit prerequisite 'src/fw/s.lzmadecode.c'.
                     Trying pattern rule with stem 'lzmadecode.c'.
                     Trying implicit prerequisite 'src/fw/SCCS/s.lzmadecode.c'.
                     Trying pattern rule with stem 'lzmadecode'.
                     Trying implicit prerequisite 'src/fw/lzmadecode.y'.
                     Looking for a rule with intermediate file 'src/fw/lzmadecode.y'.
                      Avoiding implicit rule recursion.
                      Trying pattern rule with stem 'lzmadecode.y'.
                      Trying implicit prerequisite 'src/fw/lzmadecode.y,v'.
                      Trying pattern rule with stem 'lzmadecode.y'.
                      Trying implicit prerequisite 'src/fw/RCS/lzmadecode.y,v'.
                      Trying pattern rule with stem 'lzmadecode.y'.
                      Trying implicit prerequisite 'src/fw/RCS/lzmadecode.y'.
                      Trying pattern rule with stem 'lzmadecode.y'.
                      Trying implicit prerequisite 'src/fw/s.lzmadecode.y'.
                      Trying pattern rule with stem 'lzmadecode.y'.
                      Trying implicit prerequisite 'src/fw/SCCS/s.lzmadecode.y'.
                     Trying pattern rule with stem 'lzmadecode'.
                     Trying implicit prerequisite 'src/fw/lzmadecode.l'.
                     Looking for a rule with intermediate file 'src/fw/lzmadecode.l'.
                      Avoiding implicit rule recursion.
                      Trying pattern rule with stem 'lzmadecode.l'.
                      Trying implicit prerequisite 'src/fw/lzmadecode.l,v'.
                      Trying pattern rule with stem 'lzmadecode.l'.
                      Trying implicit prerequisite 'src/fw/RCS/lzmadecode.l,v'.
                      Trying pattern rule with stem 'lzmadecode.l'.
                      Trying implicit prerequisite 'src/fw/RCS/lzmadecode.l'.
                      Trying pattern rule with stem 'lzmadecode.l'.
                      Trying implicit prerequisite 'src/fw/s.lzmadecode.l'.
                      Trying pattern rule with stem 'lzmadecode.l'.
                      Trying implicit prerequisite 'src/fw/SCCS/s.lzmadecode.l'.
                     Trying pattern rule with stem 'lzmadecode'.
                     Trying implicit prerequisite 'src/fw/lzmadecode.w'.
                     Looking for a rule with intermediate file 'src/fw/lzmadecode.w'.
                      Avoiding implicit rule recursion.
                      Trying pattern rule with stem 'lzmadecode.w'.
                      Trying implicit prerequisite 'src/fw/lzmadecode.w,v'.
                      Trying pattern rule with stem 'lzmadecode.w'.
                      Trying implicit prerequisite 'src/fw/RCS/lzmadecode.w,v'.
                      Trying pattern rule with stem 'lzmadecode.w'.
                      Trying implicit prerequisite 'src/fw/RCS/lzmadecode.w'.
                      Trying pattern rule with stem 'lzmadecode.w'.
                      Trying implicit prerequisite 'src/fw/s.lzmadecode.w'.
                      Trying pattern rule with stem 'lzmadecode.w'.
                      Trying implicit prerequisite 'src/fw/SCCS/s.lzmadecode.w'.
                     Trying pattern rule with stem 'lzmadecode'.
                     Rejecting impossible implicit prerequisite 'src/fw/lzmadecode.w'.
                     No implicit rule found for 'src/fw/lzmadecode.c'.
                     Finished prerequisites of target file 'src/fw/lzmadecode.c'.
                    No need to remake target 'src/fw/lzmadecode.c'.
                    Pruning file 'out/autoconf.h'.
                   Finished prerequisites of target file 'out/src/fw/lzmadecode.o'.
                  Must remake target 'out/src/fw/lzmadecode.o'.
Putting child 0x218e0f00 (out/src/fw/lzmadecode.o) PID 5276 on the chain.
Live child 0x218e0f00 (out/src/fw/lzmadecode.o) PID 5276 
  Compile checking out/src/fw/lzmadecode.o
Reaping winning child 0x218e0f00 PID 5276 
Live child 0x218e0f00 (out/src/fw/lzmadecode.o) PID 5277 
Reaping winning child 0x218e0f00 PID 5277 
Removing child 0x218e0f00 PID 5277 from chain.
                  Successfully remade target file 'out/src/fw/lzmadecode.o'.
                  Considering target file 'out/src/fw/multiboot.o'.
                   File 'out/src/fw/multiboot.o' does not exist.
                   Looking for an implicit rule for 'out/src/fw/multiboot.o'.
                   Trying pattern rule with stem 'src/fw/multiboot'.
                   Trying implicit prerequisite 'src/fw/multiboot.c'.
                   Trying rule prerequisite 'out/autoconf.h'.
                   Found an implicit rule for 'out/src/fw/multiboot.o'.
                    Considering target file 'src/fw/multiboot.c'.
                     Looking for an implicit rule for 'src/fw/multiboot.c'.
                     Trying pattern rule with stem 'multiboot'.
                     Trying implicit prerequisite 'src/fw/multiboot.y'.
                     Trying pattern rule with stem 'multiboot'.
                     Trying implicit prerequisite 'src/fw/multiboot.l'.
                     Trying pattern rule with stem 'multiboot'.
                     Trying implicit prerequisite 'src/fw/multiboot.w'.
                     Trying pattern rule with stem 'multiboot'.
                     Trying implicit prerequisite 'src/fw/multiboot.w'.
                     Trying pattern rule with stem 'multiboot.c'.
                     Trying implicit prerequisite 'src/fw/multiboot.c,v'.
                     Trying pattern rule with stem 'multiboot.c'.
                     Trying implicit prerequisite 'src/fw/RCS/multiboot.c,v'.
                     Trying pattern rule with stem 'multiboot.c'.
                     Trying implicit prerequisite 'src/fw/RCS/multiboot.c'.
                     Trying pattern rule with stem 'multiboot.c'.
                     Trying implicit prerequisite 'src/fw/s.multiboot.c'.
                     Trying pattern rule with stem 'multiboot.c'.
                     Trying implicit prerequisite 'src/fw/SCCS/s.multiboot.c'.
                     Trying pattern rule with stem 'multiboot'.
                     Trying implicit prerequisite 'src/fw/multiboot.y'.
                     Looking for a rule with intermediate file 'src/fw/multiboot.y'.
                      Avoiding implicit rule recursion.
                      Trying pattern rule with stem 'multiboot.y'.
                      Trying implicit prerequisite 'src/fw/multiboot.y,v'.
                      Trying pattern rule with stem 'multiboot.y'.
                      Trying implicit prerequisite 'src/fw/RCS/multiboot.y,v'.
                      Trying pattern rule with stem 'multiboot.y'.
                      Trying implicit prerequisite 'src/fw/RCS/multiboot.y'.
                      Trying pattern rule with stem 'multiboot.y'.
                      Trying implicit prerequisite 'src/fw/s.multiboot.y'.
                      Trying pattern rule with stem 'multiboot.y'.
                      Trying implicit prerequisite 'src/fw/SCCS/s.multiboot.y'.
                     Trying pattern rule with stem 'multiboot'.
                     Trying implicit prerequisite 'src/fw/multiboot.l'.
                     Looking for a rule with intermediate file 'src/fw/multiboot.l'.
                      Avoiding implicit rule recursion.
                      Trying pattern rule with stem 'multiboot.l'.
                      Trying implicit prerequisite 'src/fw/multiboot.l,v'.
                      Trying pattern rule with stem 'multiboot.l'.
                      Trying implicit prerequisite 'src/fw/RCS/multiboot.l,v'.
                      Trying pattern rule with stem 'multiboot.l'.
                      Trying implicit prerequisite 'src/fw/RCS/multiboot.l'.
                      Trying pattern rule with stem 'multiboot.l'.
                      Trying implicit prerequisite 'src/fw/s.multiboot.l'.
                      Trying pattern rule with stem 'multiboot.l'.
                      Trying implicit prerequisite 'src/fw/SCCS/s.multiboot.l'.
                     Trying pattern rule with stem 'multiboot'.
                     Trying implicit prerequisite 'src/fw/multiboot.w'.
                     Looking for a rule with intermediate file 'src/fw/multiboot.w'.
                      Avoiding implicit rule recursion.
                      Trying pattern rule with stem 'multiboot.w'.
                      Trying implicit prerequisite 'src/fw/multiboot.w,v'.
                      Trying pattern rule with stem 'multiboot.w'.
                      Trying implicit prerequisite 'src/fw/RCS/multiboot.w,v'.
                      Trying pattern rule with stem 'multiboot.w'.
                      Trying implicit prerequisite 'src/fw/RCS/multiboot.w'.
                      Trying pattern rule with stem 'multiboot.w'.
                      Trying implicit prerequisite 'src/fw/s.multiboot.w'.
                      Trying pattern rule with stem 'multiboot.w'.
                      Trying implicit prerequisite 'src/fw/SCCS/s.multiboot.w'.
                     Trying pattern rule with stem 'multiboot'.
                     Rejecting impossible implicit prerequisite 'src/fw/multiboot.w'.
                     No implicit rule found for 'src/fw/multiboot.c'.
                     Finished prerequisites of target file 'src/fw/multiboot.c'.
                    No need to remake target 'src/fw/multiboot.c'.
                    Pruning file 'out/autoconf.h'.
                   Finished prerequisites of target file 'out/src/fw/multiboot.o'.
                  Must remake target 'out/src/fw/multiboot.o'.
Putting child 0x218e22a0 (out/src/fw/multiboot.o) PID 5280 on the chain.
Live child 0x218e22a0 (out/src/fw/multiboot.o) PID 5280 
  Compile checking out/src/fw/multiboot.o
Reaping winning child 0x218e22a0 PID 5280 
Live child 0x218e22a0 (out/src/fw/multiboot.o) PID 5281 
Reaping winning child 0x218e22a0 PID 5281 
Removing child 0x218e22a0 PID 5281 from chain.
                  Successfully remade target file 'out/src/fw/multiboot.o'.
                  Considering target file 'out/src/fw/csm.o'.
                   File 'out/src/fw/csm.o' does not exist.
                   Looking for an implicit rule for 'out/src/fw/csm.o'.
                   Trying pattern rule with stem 'src/fw/csm'.
                   Trying implicit prerequisite 'src/fw/csm.c'.
                   Trying rule prerequisite 'out/autoconf.h'.
                   Found an implicit rule for 'out/src/fw/csm.o'.
                    Considering target file 'src/fw/csm.c'.
                     Looking for an implicit rule for 'src/fw/csm.c'.
                     Trying pattern rule with stem 'csm'.
                     Trying implicit prerequisite 'src/fw/csm.y'.
                     Trying pattern rule with stem 'csm'.
                     Trying implicit prerequisite 'src/fw/csm.l'.
                     Trying pattern rule with stem 'csm'.
                     Trying implicit prerequisite 'src/fw/csm.w'.
                     Trying pattern rule with stem 'csm'.
                     Trying implicit prerequisite 'src/fw/csm.w'.
                     Trying pattern rule with stem 'csm.c'.
                     Trying implicit prerequisite 'src/fw/csm.c,v'.
                     Trying pattern rule with stem 'csm.c'.
                     Trying implicit prerequisite 'src/fw/RCS/csm.c,v'.
                     Trying pattern rule with stem 'csm.c'.
                     Trying implicit prerequisite 'src/fw/RCS/csm.c'.
                     Trying pattern rule with stem 'csm.c'.
                     Trying implicit prerequisite 'src/fw/s.csm.c'.
                     Trying pattern rule with stem 'csm.c'.
                     Trying implicit prerequisite 'src/fw/SCCS/s.csm.c'.
                     Trying pattern rule with stem 'csm'.
                     Trying implicit prerequisite 'src/fw/csm.y'.
                     Looking for a rule with intermediate file 'src/fw/csm.y'.
                      Avoiding implicit rule recursion.
                      Trying pattern rule with stem 'csm.y'.
                      Trying implicit prerequisite 'src/fw/csm.y,v'.
                      Trying pattern rule with stem 'csm.y'.
                      Trying implicit prerequisite 'src/fw/RCS/csm.y,v'.
                      Trying pattern rule with stem 'csm.y'.
                      Trying implicit prerequisite 'src/fw/RCS/csm.y'.
                      Trying pattern rule with stem 'csm.y'.
                      Trying implicit prerequisite 'src/fw/s.csm.y'.
                      Trying pattern rule with stem 'csm.y'.
                      Trying implicit prerequisite 'src/fw/SCCS/s.csm.y'.
                     Trying pattern rule with stem 'csm'.
                     Trying implicit prerequisite 'src/fw/csm.l'.
                     Looking for a rule with intermediate file 'src/fw/csm.l'.
                      Avoiding implicit rule recursion.
                      Trying pattern rule with stem 'csm.l'.
                      Trying implicit prerequisite 'src/fw/csm.l,v'.
                      Trying pattern rule with stem 'csm.l'.
                      Trying implicit prerequisite 'src/fw/RCS/csm.l,v'.
                      Trying pattern rule with stem 'csm.l'.
                      Trying implicit prerequisite 'src/fw/RCS/csm.l'.
                      Trying pattern rule with stem 'csm.l'.
                      Trying implicit prerequisite 'src/fw/s.csm.l'.
                      Trying pattern rule with stem 'csm.l'.
                      Trying implicit prerequisite 'src/fw/SCCS/s.csm.l'.
                     Trying pattern rule with stem 'csm'.
                     Trying implicit prerequisite 'src/fw/csm.w'.
                     Looking for a rule with intermediate file 'src/fw/csm.w'.
                      Avoiding implicit rule recursion.
                      Trying pattern rule with stem 'csm.w'.
                      Trying implicit prerequisite 'src/fw/csm.w,v'.
                      Trying pattern rule with stem 'csm.w'.
                      Trying implicit prerequisite 'src/fw/RCS/csm.w,v'.
                      Trying pattern rule with stem 'csm.w'.
                      Trying implicit prerequisite 'src/fw/RCS/csm.w'.
                      Trying pattern rule with stem 'csm.w'.
                      Trying implicit prerequisite 'src/fw/s.csm.w'.
                      Trying pattern rule with stem 'csm.w'.
                      Trying implicit prerequisite 'src/fw/SCCS/s.csm.w'.
                     Trying pattern rule with stem 'csm'.
                     Rejecting impossible implicit prerequisite 'src/fw/csm.w'.
                     No implicit rule found for 'src/fw/csm.c'.
                     Finished prerequisites of target file 'src/fw/csm.c'.
                    No need to remake target 'src/fw/csm.c'.
                    Pruning file 'out/autoconf.h'.
                   Finished prerequisites of target file 'out/src/fw/csm.o'.
                  Must remake target 'out/src/fw/csm.o'.
Putting child 0x218e1b50 (out/src/fw/csm.o) PID 5284 on the chain.
Live child 0x218e1b50 (out/src/fw/csm.o) PID 5284 
  Compile checking out/src/fw/csm.o
Reaping winning child 0x218e1b50 PID 5284 
Live child 0x218e1b50 (out/src/fw/csm.o) PID 5285 
Reaping winning child 0x218e1b50 PID 5285 
Removing child 0x218e1b50 PID 5285 from chain.
                  Successfully remade target file 'out/src/fw/csm.o'.
                  Considering target file 'out/src/fw/biostables.o'.
                   File 'out/src/fw/biostables.o' does not exist.
                   Looking for an implicit rule for 'out/src/fw/biostables.o'.
                   Trying pattern rule with stem 'src/fw/biostables'.
                   Trying implicit prerequisite 'src/fw/biostables.c'.
                   Trying rule prerequisite 'out/autoconf.h'.
                   Found an implicit rule for 'out/src/fw/biostables.o'.
                    Considering target file 'src/fw/biostables.c'.
                     Looking for an implicit rule for 'src/fw/biostables.c'.
                     Trying pattern rule with stem 'biostables'.
                     Trying implicit prerequisite 'src/fw/biostables.y'.
                     Trying pattern rule with stem 'biostables'.
                     Trying implicit prerequisite 'src/fw/biostables.l'.
                     Trying pattern rule with stem 'biostables'.
                     Trying implicit prerequisite 'src/fw/biostables.w'.
                     Trying pattern rule with stem 'biostables'.
                     Trying implicit prerequisite 'src/fw/biostables.w'.
                     Trying pattern rule with stem 'biostables.c'.
                     Trying implicit prerequisite 'src/fw/biostables.c,v'.
                     Trying pattern rule with stem 'biostables.c'.
                     Trying implicit prerequisite 'src/fw/RCS/biostables.c,v'.
                     Trying pattern rule with stem 'biostables.c'.
                     Trying implicit prerequisite 'src/fw/RCS/biostables.c'.
                     Trying pattern rule with stem 'biostables.c'.
                     Trying implicit prerequisite 'src/fw/s.biostables.c'.
                     Trying pattern rule with stem 'biostables.c'.
                     Trying implicit prerequisite 'src/fw/SCCS/s.biostables.c'.
                     Trying pattern rule with stem 'biostables'.
                     Trying implicit prerequisite 'src/fw/biostables.y'.
                     Looking for a rule with intermediate file 'src/fw/biostables.y'.
                      Avoiding implicit rule recursion.
                      Trying pattern rule with stem 'biostables.y'.
                      Trying implicit prerequisite 'src/fw/biostables.y,v'.
                      Trying pattern rule with stem 'biostables.y'.
                      Trying implicit prerequisite 'src/fw/RCS/biostables.y,v'.
                      Trying pattern rule with stem 'biostables.y'.
                      Trying implicit prerequisite 'src/fw/RCS/biostables.y'.
                      Trying pattern rule with stem 'biostables.y'.
                      Trying implicit prerequisite 'src/fw/s.biostables.y'.
                      Trying pattern rule with stem 'biostables.y'.
                      Trying implicit prerequisite 'src/fw/SCCS/s.biostables.y'.
                     Trying pattern rule with stem 'biostables'.
                     Trying implicit prerequisite 'src/fw/biostables.l'.
                     Looking for a rule with intermediate file 'src/fw/biostables.l'.
                      Avoiding implicit rule recursion.
                      Trying pattern rule with stem 'biostables.l'.
                      Trying implicit prerequisite 'src/fw/biostables.l,v'.
                      Trying pattern rule with stem 'biostables.l'.
                      Trying implicit prerequisite 'src/fw/RCS/biostables.l,v'.
                      Trying pattern rule with stem 'biostables.l'.
                      Trying implicit prerequisite 'src/fw/RCS/biostables.l'.
                      Trying pattern rule with stem 'biostables.l'.
                      Trying implicit prerequisite 'src/fw/s.biostables.l'.
                      Trying pattern rule with stem 'biostables.l'.
                      Trying implicit prerequisite 'src/fw/SCCS/s.biostables.l'.
                     Trying pattern rule with stem 'biostables'.
                     Trying implicit prerequisite 'src/fw/biostables.w'.
                     Looking for a rule with intermediate file 'src/fw/biostables.w'.
                      Avoiding implicit rule recursion.
                      Trying pattern rule with stem 'biostables.w'.
                      Trying implicit prerequisite 'src/fw/biostables.w,v'.
                      Trying pattern rule with stem 'biostables.w'.
                      Trying implicit prerequisite 'src/fw/RCS/biostables.w,v'.
                      Trying pattern rule with stem 'biostables.w'.
                      Trying implicit prerequisite 'src/fw/RCS/biostables.w'.
                      Trying pattern rule with stem 'biostables.w'.
                      Trying implicit prerequisite 'src/fw/s.biostables.w'.
                      Trying pattern rule with stem 'biostables.w'.
                      Trying implicit prerequisite 'src/fw/SCCS/s.biostables.w'.
                     Trying pattern rule with stem 'biostables'.
                     Rejecting impossible implicit prerequisite 'src/fw/biostables.w'.
                     No implicit rule found for 'src/fw/biostables.c'.
                     Finished prerequisites of target file 'src/fw/biostables.c'.
                    No need to remake target 'src/fw/biostables.c'.
                    Pruning file 'out/autoconf.h'.
                   Finished prerequisites of target file 'out/src/fw/biostables.o'.
                  Must remake target 'out/src/fw/biostables.o'.
Putting child 0x218e3940 (out/src/fw/biostables.o) PID 5288 on the chain.
Live child 0x218e3940 (out/src/fw/biostables.o) PID 5288 
  Compile checking out/src/fw/biostables.o
Reaping winning child 0x218e3940 PID 5288 
Live child 0x218e3940 (out/src/fw/biostables.o) PID 5289 
Reaping winning child 0x218e3940 PID 5289 
Removing child 0x218e3940 PID 5289 from chain.
                  Successfully remade target file 'out/src/fw/biostables.o'.
                  Considering target file 'out/src/fw/paravirt.o'.
                   File 'out/src/fw/paravirt.o' does not exist.
                   Looking for an implicit rule for 'out/src/fw/paravirt.o'.
                   Trying pattern rule with stem 'src/fw/paravirt'.
                   Trying implicit prerequisite 'src/fw/paravirt.c'.
                   Trying rule prerequisite 'out/autoconf.h'.
                   Found an implicit rule for 'out/src/fw/paravirt.o'.
                    Considering target file 'src/fw/paravirt.c'.
                     Looking for an implicit rule for 'src/fw/paravirt.c'.
                     Trying pattern rule with stem 'paravirt'.
                     Trying implicit prerequisite 'src/fw/paravirt.y'.
                     Trying pattern rule with stem 'paravirt'.
                     Trying implicit prerequisite 'src/fw/paravirt.l'.
                     Trying pattern rule with stem 'paravirt'.
                     Trying implicit prerequisite 'src/fw/paravirt.w'.
                     Trying pattern rule with stem 'paravirt'.
                     Trying implicit prerequisite 'src/fw/paravirt.w'.
                     Trying pattern rule with stem 'paravirt.c'.
                     Trying implicit prerequisite 'src/fw/paravirt.c,v'.
                     Trying pattern rule with stem 'paravirt.c'.
                     Trying implicit prerequisite 'src/fw/RCS/paravirt.c,v'.
                     Trying pattern rule with stem 'paravirt.c'.
                     Trying implicit prerequisite 'src/fw/RCS/paravirt.c'.
                     Trying pattern rule with stem 'paravirt.c'.
                     Trying implicit prerequisite 'src/fw/s.paravirt.c'.
                     Trying pattern rule with stem 'paravirt.c'.
                     Trying implicit prerequisite 'src/fw/SCCS/s.paravirt.c'.
                     Trying pattern rule with stem 'paravirt'.
                     Trying implicit prerequisite 'src/fw/paravirt.y'.
                     Looking for a rule with intermediate file 'src/fw/paravirt.y'.
                      Avoiding implicit rule recursion.
                      Trying pattern rule with stem 'paravirt.y'.
                      Trying implicit prerequisite 'src/fw/paravirt.y,v'.
                      Trying pattern rule with stem 'paravirt.y'.
                      Trying implicit prerequisite 'src/fw/RCS/paravirt.y,v'.
                      Trying pattern rule with stem 'paravirt.y'.
                      Trying implicit prerequisite 'src/fw/RCS/paravirt.y'.
                      Trying pattern rule with stem 'paravirt.y'.
                      Trying implicit prerequisite 'src/fw/s.paravirt.y'.
                      Trying pattern rule with stem 'paravirt.y'.
                      Trying implicit prerequisite 'src/fw/SCCS/s.paravirt.y'.
                     Trying pattern rule with stem 'paravirt'.
                     Trying implicit prerequisite 'src/fw/paravirt.l'.
                     Looking for a rule with intermediate file 'src/fw/paravirt.l'.
                      Avoiding implicit rule recursion.
                      Trying pattern rule with stem 'paravirt.l'.
                      Trying implicit prerequisite 'src/fw/paravirt.l,v'.
                      Trying pattern rule with stem 'paravirt.l'.
                      Trying implicit prerequisite 'src/fw/RCS/paravirt.l,v'.
                      Trying pattern rule with stem 'paravirt.l'.
                      Trying implicit prerequisite 'src/fw/RCS/paravirt.l'.
                      Trying pattern rule with stem 'paravirt.l'.
                      Trying implicit prerequisite 'src/fw/s.paravirt.l'.
                      Trying pattern rule with stem 'paravirt.l'.
                      Trying implicit prerequisite 'src/fw/SCCS/s.paravirt.l'.
                     Trying pattern rule with stem 'paravirt'.
                     Trying implicit prerequisite 'src/fw/paravirt.w'.
                     Looking for a rule with intermediate file 'src/fw/paravirt.w'.
                      Avoiding implicit rule recursion.
                      Trying pattern rule with stem 'paravirt.w'.
                      Trying implicit prerequisite 'src/fw/paravirt.w,v'.
                      Trying pattern rule with stem 'paravirt.w'.
                      Trying implicit prerequisite 'src/fw/RCS/paravirt.w,v'.
                      Trying pattern rule with stem 'paravirt.w'.
                      Trying implicit prerequisite 'src/fw/RCS/paravirt.w'.
                      Trying pattern rule with stem 'paravirt.w'.
                      Trying implicit prerequisite 'src/fw/s.paravirt.w'.
                      Trying pattern rule with stem 'paravirt.w'.
                      Trying implicit prerequisite 'src/fw/SCCS/s.paravirt.w'.
                     Trying pattern rule with stem 'paravirt'.
                     Rejecting impossible implicit prerequisite 'src/fw/paravirt.w'.
                     No implicit rule found for 'src/fw/paravirt.c'.
                     Finished prerequisites of target file 'src/fw/paravirt.c'.
                    No need to remake target 'src/fw/paravirt.c'.
                    Pruning file 'out/autoconf.h'.
                   Finished prerequisites of target file 'out/src/fw/paravirt.o'.
                  Must remake target 'out/src/fw/paravirt.o'.
Putting child 0x218e2ee0 (out/src/fw/paravirt.o) PID 5292 on the chain.
Live child 0x218e2ee0 (out/src/fw/paravirt.o) PID 5292 
  Compile checking out/src/fw/paravirt.o
Reaping winning child 0x218e2ee0 PID 5292 
Live child 0x218e2ee0 (out/src/fw/paravirt.o) PID 5293 
Reaping winning child 0x218e2ee0 PID 5293 
Removing child 0x218e2ee0 PID 5293 from chain.
                  Successfully remade target file 'out/src/fw/paravirt.o'.
                  Considering target file 'out/src/fw/shadow.o'.
                   File 'out/src/fw/shadow.o' does not exist.
                   Looking for an implicit rule for 'out/src/fw/shadow.o'.
                   Trying pattern rule with stem 'src/fw/shadow'.
                   Trying implicit prerequisite 'src/fw/shadow.c'.
                   Trying rule prerequisite 'out/autoconf.h'.
                   Found an implicit rule for 'out/src/fw/shadow.o'.
                    Considering target file 'src/fw/shadow.c'.
                     Looking for an implicit rule for 'src/fw/shadow.c'.
                     Trying pattern rule with stem 'shadow'.
                     Trying implicit prerequisite 'src/fw/shadow.y'.
                     Trying pattern rule with stem 'shadow'.
                     Trying implicit prerequisite 'src/fw/shadow.l'.
                     Trying pattern rule with stem 'shadow'.
                     Trying implicit prerequisite 'src/fw/shadow.w'.
                     Trying pattern rule with stem 'shadow'.
                     Trying implicit prerequisite 'src/fw/shadow.w'.
                     Trying pattern rule with stem 'shadow.c'.
                     Trying implicit prerequisite 'src/fw/shadow.c,v'.
                     Trying pattern rule with stem 'shadow.c'.
                     Trying implicit prerequisite 'src/fw/RCS/shadow.c,v'.
                     Trying pattern rule with stem 'shadow.c'.
                     Trying implicit prerequisite 'src/fw/RCS/shadow.c'.
                     Trying pattern rule with stem 'shadow.c'.
                     Trying implicit prerequisite 'src/fw/s.shadow.c'.
                     Trying pattern rule with stem 'shadow.c'.
                     Trying implicit prerequisite 'src/fw/SCCS/s.shadow.c'.
                     Trying pattern rule with stem 'shadow'.
                     Trying implicit prerequisite 'src/fw/shadow.y'.
                     Looking for a rule with intermediate file 'src/fw/shadow.y'.
                      Avoiding implicit rule recursion.
                      Trying pattern rule with stem 'shadow.y'.
                      Trying implicit prerequisite 'src/fw/shadow.y,v'.
                      Trying pattern rule with stem 'shadow.y'.
                      Trying implicit prerequisite 'src/fw/RCS/shadow.y,v'.
                      Trying pattern rule with stem 'shadow.y'.
                      Trying implicit prerequisite 'src/fw/RCS/shadow.y'.
                      Trying pattern rule with stem 'shadow.y'.
                      Trying implicit prerequisite 'src/fw/s.shadow.y'.
                      Trying pattern rule with stem 'shadow.y'.
                      Trying implicit prerequisite 'src/fw/SCCS/s.shadow.y'.
                     Trying pattern rule with stem 'shadow'.
                     Trying implicit prerequisite 'src/fw/shadow.l'.
                     Looking for a rule with intermediate file 'src/fw/shadow.l'.
                      Avoiding implicit rule recursion.
                      Trying pattern rule with stem 'shadow.l'.
                      Trying implicit prerequisite 'src/fw/shadow.l,v'.
                      Trying pattern rule with stem 'shadow.l'.
                      Trying implicit prerequisite 'src/fw/RCS/shadow.l,v'.
                      Trying pattern rule with stem 'shadow.l'.
                      Trying implicit prerequisite 'src/fw/RCS/shadow.l'.
                      Trying pattern rule with stem 'shadow.l'.
                      Trying implicit prerequisite 'src/fw/s.shadow.l'.
                      Trying pattern rule with stem 'shadow.l'.
                      Trying implicit prerequisite 'src/fw/SCCS/s.shadow.l'.
                     Trying pattern rule with stem 'shadow'.
                     Trying implicit prerequisite 'src/fw/shadow.w'.
                     Looking for a rule with intermediate file 'src/fw/shadow.w'.
                      Avoiding implicit rule recursion.
                      Trying pattern rule with stem 'shadow.w'.
                      Trying implicit prerequisite 'src/fw/shadow.w,v'.
                      Trying pattern rule with stem 'shadow.w'.
                      Trying implicit prerequisite 'src/fw/RCS/shadow.w,v'.
                      Trying pattern rule with stem 'shadow.w'.
                      Trying implicit prerequisite 'src/fw/RCS/shadow.w'.
                      Trying pattern rule with stem 'shadow.w'.
                      Trying implicit prerequisite 'src/fw/s.shadow.w'.
                      Trying pattern rule with stem 'shadow.w'.
                      Trying implicit prerequisite 'src/fw/SCCS/s.shadow.w'.
                     Trying pattern rule with stem 'shadow'.
                     Rejecting impossible implicit prerequisite 'src/fw/shadow.w'.
                     No implicit rule found for 'src/fw/shadow.c'.
                     Finished prerequisites of target file 'src/fw/shadow.c'.
                    No need to remake target 'src/fw/shadow.c'.
                    Pruning file 'out/autoconf.h'.
                   Finished prerequisites of target file 'out/src/fw/shadow.o'.
                  Must remake target 'out/src/fw/shadow.o'.
Putting child 0x218e3530 (out/src/fw/shadow.o) PID 5296 on the chain.
Live child 0x218e3530 (out/src/fw/shadow.o) PID 5296 
  Compile checking out/src/fw/shadow.o
Reaping winning child 0x218e3530 PID 5296 
Live child 0x218e3530 (out/src/fw/shadow.o) PID 5297 
Reaping winning child 0x218e3530 PID 5297 
Removing child 0x218e3530 PID 5297 from chain.
                  Successfully remade target file 'out/src/fw/shadow.o'.
                  Considering target file 'out/src/fw/pciinit.o'.
                   File 'out/src/fw/pciinit.o' does not exist.
                   Looking for an implicit rule for 'out/src/fw/pciinit.o'.
                   Trying pattern rule with stem 'src/fw/pciinit'.
                   Trying implicit prerequisite 'src/fw/pciinit.c'.
                   Trying rule prerequisite 'out/autoconf.h'.
                   Found an implicit rule for 'out/src/fw/pciinit.o'.
                    Considering target file 'src/fw/pciinit.c'.
                     Looking for an implicit rule for 'src/fw/pciinit.c'.
                     Trying pattern rule with stem 'pciinit'.
                     Trying implicit prerequisite 'src/fw/pciinit.y'.
                     Trying pattern rule with stem 'pciinit'.
                     Trying implicit prerequisite 'src/fw/pciinit.l'.
                     Trying pattern rule with stem 'pciinit'.
                     Trying implicit prerequisite 'src/fw/pciinit.w'.
                     Trying pattern rule with stem 'pciinit'.
                     Trying implicit prerequisite 'src/fw/pciinit.w'.
                     Trying pattern rule with stem 'pciinit.c'.
                     Trying implicit prerequisite 'src/fw/pciinit.c,v'.
                     Trying pattern rule with stem 'pciinit.c'.
                     Trying implicit prerequisite 'src/fw/RCS/pciinit.c,v'.
                     Trying pattern rule with stem 'pciinit.c'.
                     Trying implicit prerequisite 'src/fw/RCS/pciinit.c'.
                     Trying pattern rule with stem 'pciinit.c'.
                     Trying implicit prerequisite 'src/fw/s.pciinit.c'.
                     Trying pattern rule with stem 'pciinit.c'.
                     Trying implicit prerequisite 'src/fw/SCCS/s.pciinit.c'.
                     Trying pattern rule with stem 'pciinit'.
                     Trying implicit prerequisite 'src/fw/pciinit.y'.
                     Looking for a rule with intermediate file 'src/fw/pciinit.y'.
                      Avoiding implicit rule recursion.
                      Trying pattern rule with stem 'pciinit.y'.
                      Trying implicit prerequisite 'src/fw/pciinit.y,v'.
                      Trying pattern rule with stem 'pciinit.y'.
                      Trying implicit prerequisite 'src/fw/RCS/pciinit.y,v'.
                      Trying pattern rule with stem 'pciinit.y'.
                      Trying implicit prerequisite 'src/fw/RCS/pciinit.y'.
                      Trying pattern rule with stem 'pciinit.y'.
                      Trying implicit prerequisite 'src/fw/s.pciinit.y'.
                      Trying pattern rule with stem 'pciinit.y'.
                      Trying implicit prerequisite 'src/fw/SCCS/s.pciinit.y'.
                     Trying pattern rule with stem 'pciinit'.
                     Trying implicit prerequisite 'src/fw/pciinit.l'.
                     Looking for a rule with intermediate file 'src/fw/pciinit.l'.
                      Avoiding implicit rule recursion.
                      Trying pattern rule with stem 'pciinit.l'.
                      Trying implicit prerequisite 'src/fw/pciinit.l,v'.
                      Trying pattern rule with stem 'pciinit.l'.
                      Trying implicit prerequisite 'src/fw/RCS/pciinit.l,v'.
                      Trying pattern rule with stem 'pciinit.l'.
                      Trying implicit prerequisite 'src/fw/RCS/pciinit.l'.
                      Trying pattern rule with stem 'pciinit.l'.
                      Trying implicit prerequisite 'src/fw/s.pciinit.l'.
                      Trying pattern rule with stem 'pciinit.l'.
                      Trying implicit prerequisite 'src/fw/SCCS/s.pciinit.l'.
                     Trying pattern rule with stem 'pciinit'.
                     Trying implicit prerequisite 'src/fw/pciinit.w'.
                     Looking for a rule with intermediate file 'src/fw/pciinit.w'.
                      Avoiding implicit rule recursion.
                      Trying pattern rule with stem 'pciinit.w'.
                      Trying implicit prerequisite 'src/fw/pciinit.w,v'.
                      Trying pattern rule with stem 'pciinit.w'.
                      Trying implicit prerequisite 'src/fw/RCS/pciinit.w,v'.
                      Trying pattern rule with stem 'pciinit.w'.
                      Trying implicit prerequisite 'src/fw/RCS/pciinit.w'.
                      Trying pattern rule with stem 'pciinit.w'.
                      Trying implicit prerequisite 'src/fw/s.pciinit.w'.
                      Trying pattern rule with stem 'pciinit.w'.
                      Trying implicit prerequisite 'src/fw/SCCS/s.pciinit.w'.
                     Trying pattern rule with stem 'pciinit'.
                     Rejecting impossible implicit prerequisite 'src/fw/pciinit.w'.
                     No implicit rule found for 'src/fw/pciinit.c'.
                     Finished prerequisites of target file 'src/fw/pciinit.c'.
                    No need to remake target 'src/fw/pciinit.c'.
                    Pruning file 'out/autoconf.h'.
                   Finished prerequisites of target file 'out/src/fw/pciinit.o'.
                  Must remake target 'out/src/fw/pciinit.o'.
Putting child 0x218e4a90 (out/src/fw/pciinit.o) PID 5300 on the chain.
Live child 0x218e4a90 (out/src/fw/pciinit.o) PID 5300 
  Compile checking out/src/fw/pciinit.o
Reaping winning child 0x218e4a90 PID 5300 
Live child 0x218e4a90 (out/src/fw/pciinit.o) PID 5301 
Reaping winning child 0x218e4a90 PID 5301 
Removing child 0x218e4a90 PID 5301 from chain.
                  Successfully remade target file 'out/src/fw/pciinit.o'.
                  Considering target file 'out/src/fw/smm.o'.
                   File 'out/src/fw/smm.o' does not exist.
                   Looking for an implicit rule for 'out/src/fw/smm.o'.
                   Trying pattern rule with stem 'src/fw/smm'.
                   Trying implicit prerequisite 'src/fw/smm.c'.
                   Trying rule prerequisite 'out/autoconf.h'.
                   Found an implicit rule for 'out/src/fw/smm.o'.
                    Considering target file 'src/fw/smm.c'.
                     Looking for an implicit rule for 'src/fw/smm.c'.
                     Trying pattern rule with stem 'smm'.
                     Trying implicit prerequisite 'src/fw/smm.y'.
                     Trying pattern rule with stem 'smm'.
                     Trying implicit prerequisite 'src/fw/smm.l'.
                     Trying pattern rule with stem 'smm'.
                     Trying implicit prerequisite 'src/fw/smm.w'.
                     Trying pattern rule with stem 'smm'.
                     Trying implicit prerequisite 'src/fw/smm.w'.
                     Trying pattern rule with stem 'smm.c'.
                     Trying implicit prerequisite 'src/fw/smm.c,v'.
                     Trying pattern rule with stem 'smm.c'.
                     Trying implicit prerequisite 'src/fw/RCS/smm.c,v'.
                     Trying pattern rule with stem 'smm.c'.
                     Trying implicit prerequisite 'src/fw/RCS/smm.c'.
                     Trying pattern rule with stem 'smm.c'.
                     Trying implicit prerequisite 'src/fw/s.smm.c'.
                     Trying pattern rule with stem 'smm.c'.
                     Trying implicit prerequisite 'src/fw/SCCS/s.smm.c'.
                     Trying pattern rule with stem 'smm'.
                     Trying implicit prerequisite 'src/fw/smm.y'.
                     Looking for a rule with intermediate file 'src/fw/smm.y'.
                      Avoiding implicit rule recursion.
                      Trying pattern rule with stem 'smm.y'.
                      Trying implicit prerequisite 'src/fw/smm.y,v'.
                      Trying pattern rule with stem 'smm.y'.
                      Trying implicit prerequisite 'src/fw/RCS/smm.y,v'.
                      Trying pattern rule with stem 'smm.y'.
                      Trying implicit prerequisite 'src/fw/RCS/smm.y'.
                      Trying pattern rule with stem 'smm.y'.
                      Trying implicit prerequisite 'src/fw/s.smm.y'.
                      Trying pattern rule with stem 'smm.y'.
                      Trying implicit prerequisite 'src/fw/SCCS/s.smm.y'.
                     Trying pattern rule with stem 'smm'.
                     Trying implicit prerequisite 'src/fw/smm.l'.
                     Looking for a rule with intermediate file 'src/fw/smm.l'.
                      Avoiding implicit rule recursion.
                      Trying pattern rule with stem 'smm.l'.
                      Trying implicit prerequisite 'src/fw/smm.l,v'.
                      Trying pattern rule with stem 'smm.l'.
                      Trying implicit prerequisite 'src/fw/RCS/smm.l,v'.
                      Trying pattern rule with stem 'smm.l'.
                      Trying implicit prerequisite 'src/fw/RCS/smm.l'.
                      Trying pattern rule with stem 'smm.l'.
                      Trying implicit prerequisite 'src/fw/s.smm.l'.
                      Trying pattern rule with stem 'smm.l'.
                      Trying implicit prerequisite 'src/fw/SCCS/s.smm.l'.
                     Trying pattern rule with stem 'smm'.
                     Trying implicit prerequisite 'src/fw/smm.w'.
                     Looking for a rule with intermediate file 'src/fw/smm.w'.
                      Avoiding implicit rule recursion.
                      Trying pattern rule with stem 'smm.w'.
                      Trying implicit prerequisite 'src/fw/smm.w,v'.
                      Trying pattern rule with stem 'smm.w'.
                      Trying implicit prerequisite 'src/fw/RCS/smm.w,v'.
                      Trying pattern rule with stem 'smm.w'.
                      Trying implicit prerequisite 'src/fw/RCS/smm.w'.
                      Trying pattern rule with stem 'smm.w'.
                      Trying implicit prerequisite 'src/fw/s.smm.w'.
                      Trying pattern rule with stem 'smm.w'.
                      Trying implicit prerequisite 'src/fw/SCCS/s.smm.w'.
                     Trying pattern rule with stem 'smm'.
                     Rejecting impossible implicit prerequisite 'src/fw/smm.w'.
                     No implicit rule found for 'src/fw/smm.c'.
                     Finished prerequisites of target file 'src/fw/smm.c'.
                    No need to remake target 'src/fw/smm.c'.
                    Pruning file 'out/autoconf.h'.
                   Finished prerequisites of target file 'out/src/fw/smm.o'.
                  Must remake target 'out/src/fw/smm.o'.
Putting child 0x218e4080 (out/src/fw/smm.o) PID 5304 on the chain.
Live child 0x218e4080 (out/src/fw/smm.o) PID 5304 
  Compile checking out/src/fw/smm.o
Reaping winning child 0x218e4080 PID 5304 
Live child 0x218e4080 (out/src/fw/smm.o) PID 5305 
Reaping winning child 0x218e4080 PID 5305 
Removing child 0x218e4080 PID 5305 from chain.
                  Successfully remade target file 'out/src/fw/smm.o'.
                  Considering target file 'out/src/fw/smp.o'.
                   File 'out/src/fw/smp.o' does not exist.
                   Looking for an implicit rule for 'out/src/fw/smp.o'.
                   Trying pattern rule with stem 'src/fw/smp'.
                   Trying implicit prerequisite 'src/fw/smp.c'.
                   Trying rule prerequisite 'out/autoconf.h'.
                   Found an implicit rule for 'out/src/fw/smp.o'.
                    Considering target file 'src/fw/smp.c'.
                     Looking for an implicit rule for 'src/fw/smp.c'.
                     Trying pattern rule with stem 'smp'.
                     Trying implicit prerequisite 'src/fw/smp.y'.
                     Trying pattern rule with stem 'smp'.
                     Trying implicit prerequisite 'src/fw/smp.l'.
                     Trying pattern rule with stem 'smp'.
                     Trying implicit prerequisite 'src/fw/smp.w'.
                     Trying pattern rule with stem 'smp'.
                     Trying implicit prerequisite 'src/fw/smp.w'.
                     Trying pattern rule with stem 'smp.c'.
                     Trying implicit prerequisite 'src/fw/smp.c,v'.
                     Trying pattern rule with stem 'smp.c'.
                     Trying implicit prerequisite 'src/fw/RCS/smp.c,v'.
                     Trying pattern rule with stem 'smp.c'.
                     Trying implicit prerequisite 'src/fw/RCS/smp.c'.
                     Trying pattern rule with stem 'smp.c'.
                     Trying implicit prerequisite 'src/fw/s.smp.c'.
                     Trying pattern rule with stem 'smp.c'.
                     Trying implicit prerequisite 'src/fw/SCCS/s.smp.c'.
                     Trying pattern rule with stem 'smp'.
                     Trying implicit prerequisite 'src/fw/smp.y'.
                     Looking for a rule with intermediate file 'src/fw/smp.y'.
                      Avoiding implicit rule recursion.
                      Trying pattern rule with stem 'smp.y'.
                      Trying implicit prerequisite 'src/fw/smp.y,v'.
                      Trying pattern rule with stem 'smp.y'.
                      Trying implicit prerequisite 'src/fw/RCS/smp.y,v'.
                      Trying pattern rule with stem 'smp.y'.
                      Trying implicit prerequisite 'src/fw/RCS/smp.y'.
                      Trying pattern rule with stem 'smp.y'.
                      Trying implicit prerequisite 'src/fw/s.smp.y'.
                      Trying pattern rule with stem 'smp.y'.
                      Trying implicit prerequisite 'src/fw/SCCS/s.smp.y'.
                     Trying pattern rule with stem 'smp'.
                     Trying implicit prerequisite 'src/fw/smp.l'.
                     Looking for a rule with intermediate file 'src/fw/smp.l'.
                      Avoiding implicit rule recursion.
                      Trying pattern rule with stem 'smp.l'.
                      Trying implicit prerequisite 'src/fw/smp.l,v'.
                      Trying pattern rule with stem 'smp.l'.
                      Trying implicit prerequisite 'src/fw/RCS/smp.l,v'.
                      Trying pattern rule with stem 'smp.l'.
                      Trying implicit prerequisite 'src/fw/RCS/smp.l'.
                      Trying pattern rule with stem 'smp.l'.
                      Trying implicit prerequisite 'src/fw/s.smp.l'.
                      Trying pattern rule with stem 'smp.l'.
                      Trying implicit prerequisite 'src/fw/SCCS/s.smp.l'.
                     Trying pattern rule with stem 'smp'.
                     Trying implicit prerequisite 'src/fw/smp.w'.
                     Looking for a rule with intermediate file 'src/fw/smp.w'.
                      Avoiding implicit rule recursion.
                      Trying pattern rule with stem 'smp.w'.
                      Trying implicit prerequisite 'src/fw/smp.w,v'.
                      Trying pattern rule with stem 'smp.w'.
                      Trying implicit prerequisite 'src/fw/RCS/smp.w,v'.
                      Trying pattern rule with stem 'smp.w'.
                      Trying implicit prerequisite 'src/fw/RCS/smp.w'.
                      Trying pattern rule with stem 'smp.w'.
                      Trying implicit prerequisite 'src/fw/s.smp.w'.
                      Trying pattern rule with stem 'smp.w'.
                      Trying implicit prerequisite 'src/fw/SCCS/s.smp.w'.
                     Trying pattern rule with stem 'smp'.
                     Rejecting impossible implicit prerequisite 'src/fw/smp.w'.
                     No implicit rule found for 'src/fw/smp.c'.
                     Finished prerequisites of target file 'src/fw/smp.c'.
                    No need to remake target 'src/fw/smp.c'.
                    Pruning file 'out/autoconf.h'.
                   Finished prerequisites of target file 'out/src/fw/smp.o'.
                  Must remake target 'out/src/fw/smp.o'.
Putting child 0x218e5470 (out/src/fw/smp.o) PID 5308 on the chain.
Live child 0x218e5470 (out/src/fw/smp.o) PID 5308 
  Compile checking out/src/fw/smp.o
Reaping winning child 0x218e5470 PID 5308 
Live child 0x218e5470 (out/src/fw/smp.o) PID 5309 
Reaping winning child 0x218e5470 PID 5309 
Removing child 0x218e5470 PID 5309 from chain.
                  Successfully remade target file 'out/src/fw/smp.o'.
                  Considering target file 'out/src/fw/mtrr.o'.
                   File 'out/src/fw/mtrr.o' does not exist.
                   Looking for an implicit rule for 'out/src/fw/mtrr.o'.
                   Trying pattern rule with stem 'src/fw/mtrr'.
                   Trying implicit prerequisite 'src/fw/mtrr.c'.
                   Trying rule prerequisite 'out/autoconf.h'.
                   Found an implicit rule for 'out/src/fw/mtrr.o'.
                    Considering target file 'src/fw/mtrr.c'.
                     Looking for an implicit rule for 'src/fw/mtrr.c'.
                     Trying pattern rule with stem 'mtrr'.
                     Trying implicit prerequisite 'src/fw/mtrr.y'.
                     Trying pattern rule with stem 'mtrr'.
                     Trying implicit prerequisite 'src/fw/mtrr.l'.
                     Trying pattern rule with stem 'mtrr'.
                     Trying implicit prerequisite 'src/fw/mtrr.w'.
                     Trying pattern rule with stem 'mtrr'.
                     Trying implicit prerequisite 'src/fw/mtrr.w'.
                     Trying pattern rule with stem 'mtrr.c'.
                     Trying implicit prerequisite 'src/fw/mtrr.c,v'.
                     Trying pattern rule with stem 'mtrr.c'.
                     Trying implicit prerequisite 'src/fw/RCS/mtrr.c,v'.
                     Trying pattern rule with stem 'mtrr.c'.
                     Trying implicit prerequisite 'src/fw/RCS/mtrr.c'.
                     Trying pattern rule with stem 'mtrr.c'.
                     Trying implicit prerequisite 'src/fw/s.mtrr.c'.
                     Trying pattern rule with stem 'mtrr.c'.
                     Trying implicit prerequisite 'src/fw/SCCS/s.mtrr.c'.
                     Trying pattern rule with stem 'mtrr'.
                     Trying implicit prerequisite 'src/fw/mtrr.y'.
                     Looking for a rule with intermediate file 'src/fw/mtrr.y'.
                      Avoiding implicit rule recursion.
                      Trying pattern rule with stem 'mtrr.y'.
                      Trying implicit prerequisite 'src/fw/mtrr.y,v'.
                      Trying pattern rule with stem 'mtrr.y'.
                      Trying implicit prerequisite 'src/fw/RCS/mtrr.y,v'.
                      Trying pattern rule with stem 'mtrr.y'.
                      Trying implicit prerequisite 'src/fw/RCS/mtrr.y'.
                      Trying pattern rule with stem 'mtrr.y'.
                      Trying implicit prerequisite 'src/fw/s.mtrr.y'.
                      Trying pattern rule with stem 'mtrr.y'.
                      Trying implicit prerequisite 'src/fw/SCCS/s.mtrr.y'.
                     Trying pattern rule with stem 'mtrr'.
                     Trying implicit prerequisite 'src/fw/mtrr.l'.
                     Looking for a rule with intermediate file 'src/fw/mtrr.l'.
                      Avoiding implicit rule recursion.
                      Trying pattern rule with stem 'mtrr.l'.
                      Trying implicit prerequisite 'src/fw/mtrr.l,v'.
                      Trying pattern rule with stem 'mtrr.l'.
                      Trying implicit prerequisite 'src/fw/RCS/mtrr.l,v'.
                      Trying pattern rule with stem 'mtrr.l'.
                      Trying implicit prerequisite 'src/fw/RCS/mtrr.l'.
                      Trying pattern rule with stem 'mtrr.l'.
                      Trying implicit prerequisite 'src/fw/s.mtrr.l'.
                      Trying pattern rule with stem 'mtrr.l'.
                      Trying implicit prerequisite 'src/fw/SCCS/s.mtrr.l'.
                     Trying pattern rule with stem 'mtrr'.
                     Trying implicit prerequisite 'src/fw/mtrr.w'.
                     Looking for a rule with intermediate file 'src/fw/mtrr.w'.
                      Avoiding implicit rule recursion.
                      Trying pattern rule with stem 'mtrr.w'.
                      Trying implicit prerequisite 'src/fw/mtrr.w,v'.
                      Trying pattern rule with stem 'mtrr.w'.
                      Trying implicit prerequisite 'src/fw/RCS/mtrr.w,v'.
                      Trying pattern rule with stem 'mtrr.w'.
                      Trying implicit prerequisite 'src/fw/RCS/mtrr.w'.
                      Trying pattern rule with stem 'mtrr.w'.
                      Trying implicit prerequisite 'src/fw/s.mtrr.w'.
                      Trying pattern rule with stem 'mtrr.w'.
                      Trying implicit prerequisite 'src/fw/SCCS/s.mtrr.w'.
                     Trying pattern rule with stem 'mtrr'.
                     Rejecting impossible implicit prerequisite 'src/fw/mtrr.w'.
                     No implicit rule found for 'src/fw/mtrr.c'.
                     Finished prerequisites of target file 'src/fw/mtrr.c'.
                    No need to remake target 'src/fw/mtrr.c'.
                    Pruning file 'out/autoconf.h'.
                   Finished prerequisites of target file 'out/src/fw/mtrr.o'.
                  Must remake target 'out/src/fw/mtrr.o'.
Putting child 0x218e4d40 (out/src/fw/mtrr.o) PID 5312 on the chain.
Live child 0x218e4d40 (out/src/fw/mtrr.o) PID 5312 
  Compile checking out/src/fw/mtrr.o
Reaping winning child 0x218e4d40 PID 5312 
Live child 0x218e4d40 (out/src/fw/mtrr.o) PID 5313 
Reaping winning child 0x218e4d40 PID 5313 
Removing child 0x218e4d40 PID 5313 from chain.
                  Successfully remade target file 'out/src/fw/mtrr.o'.
                  Considering target file 'out/src/fw/xen.o'.
                   File 'out/src/fw/xen.o' does not exist.
                   Looking for an implicit rule for 'out/src/fw/xen.o'.
                   Trying pattern rule with stem 'src/fw/xen'.
                   Trying implicit prerequisite 'src/fw/xen.c'.
                   Trying rule prerequisite 'out/autoconf.h'.
                   Found an implicit rule for 'out/src/fw/xen.o'.
                    Considering target file 'src/fw/xen.c'.
                     Looking for an implicit rule for 'src/fw/xen.c'.
                     Trying pattern rule with stem 'xen'.
                     Trying implicit prerequisite 'src/fw/xen.y'.
                     Trying pattern rule with stem 'xen'.
                     Trying implicit prerequisite 'src/fw/xen.l'.
                     Trying pattern rule with stem 'xen'.
                     Trying implicit prerequisite 'src/fw/xen.w'.
                     Trying pattern rule with stem 'xen'.
                     Trying implicit prerequisite 'src/fw/xen.w'.
                     Trying pattern rule with stem 'xen.c'.
                     Trying implicit prerequisite 'src/fw/xen.c,v'.
                     Trying pattern rule with stem 'xen.c'.
                     Trying implicit prerequisite 'src/fw/RCS/xen.c,v'.
                     Trying pattern rule with stem 'xen.c'.
                     Trying implicit prerequisite 'src/fw/RCS/xen.c'.
                     Trying pattern rule with stem 'xen.c'.
                     Trying implicit prerequisite 'src/fw/s.xen.c'.
                     Trying pattern rule with stem 'xen.c'.
                     Trying implicit prerequisite 'src/fw/SCCS/s.xen.c'.
                     Trying pattern rule with stem 'xen'.
                     Trying implicit prerequisite 'src/fw/xen.y'.
                     Looking for a rule with intermediate file 'src/fw/xen.y'.
                      Avoiding implicit rule recursion.
                      Trying pattern rule with stem 'xen.y'.
                      Trying implicit prerequisite 'src/fw/xen.y,v'.
                      Trying pattern rule with stem 'xen.y'.
                      Trying implicit prerequisite 'src/fw/RCS/xen.y,v'.
                      Trying pattern rule with stem 'xen.y'.
                      Trying implicit prerequisite 'src/fw/RCS/xen.y'.
                      Trying pattern rule with stem 'xen.y'.
                      Trying implicit prerequisite 'src/fw/s.xen.y'.
                      Trying pattern rule with stem 'xen.y'.
                      Trying implicit prerequisite 'src/fw/SCCS/s.xen.y'.
                     Trying pattern rule with stem 'xen'.
                     Trying implicit prerequisite 'src/fw/xen.l'.
                     Looking for a rule with intermediate file 'src/fw/xen.l'.
                      Avoiding implicit rule recursion.
                      Trying pattern rule with stem 'xen.l'.
                      Trying implicit prerequisite 'src/fw/xen.l,v'.
                      Trying pattern rule with stem 'xen.l'.
                      Trying implicit prerequisite 'src/fw/RCS/xen.l,v'.
                      Trying pattern rule with stem 'xen.l'.
                      Trying implicit prerequisite 'src/fw/RCS/xen.l'.
                      Trying pattern rule with stem 'xen.l'.
                      Trying implicit prerequisite 'src/fw/s.xen.l'.
                      Trying pattern rule with stem 'xen.l'.
                      Trying implicit prerequisite 'src/fw/SCCS/s.xen.l'.
                     Trying pattern rule with stem 'xen'.
                     Trying implicit prerequisite 'src/fw/xen.w'.
                     Looking for a rule with intermediate file 'src/fw/xen.w'.
                      Avoiding implicit rule recursion.
                      Trying pattern rule with stem 'xen.w'.
                      Trying implicit prerequisite 'src/fw/xen.w,v'.
                      Trying pattern rule with stem 'xen.w'.
                      Trying implicit prerequisite 'src/fw/RCS/xen.w,v'.
                      Trying pattern rule with stem 'xen.w'.
                      Trying implicit prerequisite 'src/fw/RCS/xen.w'.
                      Trying pattern rule with stem 'xen.w'.
                      Trying implicit prerequisite 'src/fw/s.xen.w'.
                      Trying pattern rule with stem 'xen.w'.
                      Trying implicit prerequisite 'src/fw/SCCS/s.xen.w'.
                     Trying pattern rule with stem 'xen'.
                     Rejecting impossible implicit prerequisite 'src/fw/xen.w'.
                     No implicit rule found for 'src/fw/xen.c'.
                     Finished prerequisites of target file 'src/fw/xen.c'.
                    No need to remake target 'src/fw/xen.c'.
                    Pruning file 'out/autoconf.h'.
                   Finished prerequisites of target file 'out/src/fw/xen.o'.
                  Must remake target 'out/src/fw/xen.o'.
Putting child 0x218e7000 (out/src/fw/xen.o) PID 5316 on the chain.
Live child 0x218e7000 (out/src/fw/xen.o) PID 5316 
  Compile checking out/src/fw/xen.o
Reaping winning child 0x218e7000 PID 5316 
Live child 0x218e7000 (out/src/fw/xen.o) PID 5317 
Reaping winning child 0x218e7000 PID 5317 
Removing child 0x218e7000 PID 5317 from chain.
                  Successfully remade target file 'out/src/fw/xen.o'.
                  Considering target file 'out/src/fw/acpi.o'.
                   File 'out/src/fw/acpi.o' does not exist.
                   Looking for an implicit rule for 'out/src/fw/acpi.o'.
                   Trying pattern rule with stem 'src/fw/acpi'.
                   Trying implicit prerequisite 'src/fw/acpi.c'.
                   Trying rule prerequisite 'out/autoconf.h'.
                   Found an implicit rule for 'out/src/fw/acpi.o'.
                    Considering target file 'src/fw/acpi.c'.
                     Looking for an implicit rule for 'src/fw/acpi.c'.
                     Trying pattern rule with stem 'acpi'.
                     Trying implicit prerequisite 'src/fw/acpi.y'.
                     Trying pattern rule with stem 'acpi'.
                     Trying implicit prerequisite 'src/fw/acpi.l'.
                     Trying pattern rule with stem 'acpi'.
                     Trying implicit prerequisite 'src/fw/acpi.w'.
                     Trying pattern rule with stem 'acpi'.
                     Trying implicit prerequisite 'src/fw/acpi.w'.
                     Trying pattern rule with stem 'acpi.c'.
                     Trying implicit prerequisite 'src/fw/acpi.c,v'.
                     Trying pattern rule with stem 'acpi.c'.
                     Trying implicit prerequisite 'src/fw/RCS/acpi.c,v'.
                     Trying pattern rule with stem 'acpi.c'.
                     Trying implicit prerequisite 'src/fw/RCS/acpi.c'.
                     Trying pattern rule with stem 'acpi.c'.
                     Trying implicit prerequisite 'src/fw/s.acpi.c'.
                     Trying pattern rule with stem 'acpi.c'.
                     Trying implicit prerequisite 'src/fw/SCCS/s.acpi.c'.
                     Trying pattern rule with stem 'acpi'.
                     Trying implicit prerequisite 'src/fw/acpi.y'.
                     Looking for a rule with intermediate file 'src/fw/acpi.y'.
                      Avoiding implicit rule recursion.
                      Trying pattern rule with stem 'acpi.y'.
                      Trying implicit prerequisite 'src/fw/acpi.y,v'.
                      Trying pattern rule with stem 'acpi.y'.
                      Trying implicit prerequisite 'src/fw/RCS/acpi.y,v'.
                      Trying pattern rule with stem 'acpi.y'.
                      Trying implicit prerequisite 'src/fw/RCS/acpi.y'.
                      Trying pattern rule with stem 'acpi.y'.
                      Trying implicit prerequisite 'src/fw/s.acpi.y'.
                      Trying pattern rule with stem 'acpi.y'.
                      Trying implicit prerequisite 'src/fw/SCCS/s.acpi.y'.
                     Trying pattern rule with stem 'acpi'.
                     Trying implicit prerequisite 'src/fw/acpi.l'.
                     Looking for a rule with intermediate file 'src/fw/acpi.l'.
                      Avoiding implicit rule recursion.
                      Trying pattern rule with stem 'acpi.l'.
                      Trying implicit prerequisite 'src/fw/acpi.l,v'.
                      Trying pattern rule with stem 'acpi.l'.
                      Trying implicit prerequisite 'src/fw/RCS/acpi.l,v'.
                      Trying pattern rule with stem 'acpi.l'.
                      Trying implicit prerequisite 'src/fw/RCS/acpi.l'.
                      Trying pattern rule with stem 'acpi.l'.
                      Trying implicit prerequisite 'src/fw/s.acpi.l'.
                      Trying pattern rule with stem 'acpi.l'.
                      Trying implicit prerequisite 'src/fw/SCCS/s.acpi.l'.
                     Trying pattern rule with stem 'acpi'.
                     Trying implicit prerequisite 'src/fw/acpi.w'.
                     Looking for a rule with intermediate file 'src/fw/acpi.w'.
                      Avoiding implicit rule recursion.
                      Trying pattern rule with stem 'acpi.w'.
                      Trying implicit prerequisite 'src/fw/acpi.w,v'.
                      Trying pattern rule with stem 'acpi.w'.
                      Trying implicit prerequisite 'src/fw/RCS/acpi.w,v'.
                      Trying pattern rule with stem 'acpi.w'.
                      Trying implicit prerequisite 'src/fw/RCS/acpi.w'.
                      Trying pattern rule with stem 'acpi.w'.
                      Trying implicit prerequisite 'src/fw/s.acpi.w'.
                      Trying pattern rule with stem 'acpi.w'.
                      Trying implicit prerequisite 'src/fw/SCCS/s.acpi.w'.
                     Trying pattern rule with stem 'acpi'.
                     Rejecting impossible implicit prerequisite 'src/fw/acpi.w'.
                     No implicit rule found for 'src/fw/acpi.c'.
                     Finished prerequisites of target file 'src/fw/acpi.c'.
                    No need to remake target 'src/fw/acpi.c'.
                    Pruning file 'out/autoconf.h'.
                   Finished prerequisites of target file 'out/src/fw/acpi.o'.
                  Must remake target 'out/src/fw/acpi.o'.
Putting child 0x218e60e0 (out/src/fw/acpi.o) PID 5320 on the chain.
Live child 0x218e60e0 (out/src/fw/acpi.o) PID 5320 
  Compile checking out/src/fw/acpi.o
Reaping winning child 0x218e60e0 PID 5320 
Live child 0x218e60e0 (out/src/fw/acpi.o) PID 5321 
Reaping winning child 0x218e60e0 PID 5321 
Removing child 0x218e60e0 PID 5321 from chain.
                  Successfully remade target file 'out/src/fw/acpi.o'.
                  Considering target file 'out/src/fw/mptable.o'.
                   File 'out/src/fw/mptable.o' does not exist.
                   Looking for an implicit rule for 'out/src/fw/mptable.o'.
                   Trying pattern rule with stem 'src/fw/mptable'.
                   Trying implicit prerequisite 'src/fw/mptable.c'.
                   Trying rule prerequisite 'out/autoconf.h'.
                   Found an implicit rule for 'out/src/fw/mptable.o'.
                    Considering target file 'src/fw/mptable.c'.
                     Looking for an implicit rule for 'src/fw/mptable.c'.
                     Trying pattern rule with stem 'mptable'.
                     Trying implicit prerequisite 'src/fw/mptable.y'.
                     Trying pattern rule with stem 'mptable'.
                     Trying implicit prerequisite 'src/fw/mptable.l'.
                     Trying pattern rule with stem 'mptable'.
                     Trying implicit prerequisite 'src/fw/mptable.w'.
                     Trying pattern rule with stem 'mptable'.
                     Trying implicit prerequisite 'src/fw/mptable.w'.
                     Trying pattern rule with stem 'mptable.c'.
                     Trying implicit prerequisite 'src/fw/mptable.c,v'.
                     Trying pattern rule with stem 'mptable.c'.
                     Trying implicit prerequisite 'src/fw/RCS/mptable.c,v'.
                     Trying pattern rule with stem 'mptable.c'.
                     Trying implicit prerequisite 'src/fw/RCS/mptable.c'.
                     Trying pattern rule with stem 'mptable.c'.
                     Trying implicit prerequisite 'src/fw/s.mptable.c'.
                     Trying pattern rule with stem 'mptable.c'.
                     Trying implicit prerequisite 'src/fw/SCCS/s.mptable.c'.
                     Trying pattern rule with stem 'mptable'.
                     Trying implicit prerequisite 'src/fw/mptable.y'.
                     Looking for a rule with intermediate file 'src/fw/mptable.y'.
                      Avoiding implicit rule recursion.
                      Trying pattern rule with stem 'mptable.y'.
                      Trying implicit prerequisite 'src/fw/mptable.y,v'.
                      Trying pattern rule with stem 'mptable.y'.
                      Trying implicit prerequisite 'src/fw/RCS/mptable.y,v'.
                      Trying pattern rule with stem 'mptable.y'.
                      Trying implicit prerequisite 'src/fw/RCS/mptable.y'.
                      Trying pattern rule with stem 'mptable.y'.
                      Trying implicit prerequisite 'src/fw/s.mptable.y'.
                      Trying pattern rule with stem 'mptable.y'.
                      Trying implicit prerequisite 'src/fw/SCCS/s.mptable.y'.
                     Trying pattern rule with stem 'mptable'.
                     Trying implicit prerequisite 'src/fw/mptable.l'.
                     Looking for a rule with intermediate file 'src/fw/mptable.l'.
                      Avoiding implicit rule recursion.
                      Trying pattern rule with stem 'mptable.l'.
                      Trying implicit prerequisite 'src/fw/mptable.l,v'.
                      Trying pattern rule with stem 'mptable.l'.
                      Trying implicit prerequisite 'src/fw/RCS/mptable.l,v'.
                      Trying pattern rule with stem 'mptable.l'.
                      Trying implicit prerequisite 'src/fw/RCS/mptable.l'.
                      Trying pattern rule with stem 'mptable.l'.
                      Trying implicit prerequisite 'src/fw/s.mptable.l'.
                      Trying pattern rule with stem 'mptable.l'.
                      Trying implicit prerequisite 'src/fw/SCCS/s.mptable.l'.
                     Trying pattern rule with stem 'mptable'.
                     Trying implicit prerequisite 'src/fw/mptable.w'.
                     Looking for a rule with intermediate file 'src/fw/mptable.w'.
                      Avoiding implicit rule recursion.
                      Trying pattern rule with stem 'mptable.w'.
                      Trying implicit prerequisite 'src/fw/mptable.w,v'.
                      Trying pattern rule with stem 'mptable.w'.
                      Trying implicit prerequisite 'src/fw/RCS/mptable.w,v'.
                      Trying pattern rule with stem 'mptable.w'.
                      Trying implicit prerequisite 'src/fw/RCS/mptable.w'.
                      Trying pattern rule with stem 'mptable.w'.
                      Trying implicit prerequisite 'src/fw/s.mptable.w'.
                      Trying pattern rule with stem 'mptable.w'.
                      Trying implicit prerequisite 'src/fw/SCCS/s.mptable.w'.
                     Trying pattern rule with stem 'mptable'.
                     Rejecting impossible implicit prerequisite 'src/fw/mptable.w'.
                     No implicit rule found for 'src/fw/mptable.c'.
                     Finished prerequisites of target file 'src/fw/mptable.c'.
                    No need to remake target 'src/fw/mptable.c'.
                    Pruning file 'out/autoconf.h'.
                   Finished prerequisites of target file 'out/src/fw/mptable.o'.
                  Must remake target 'out/src/fw/mptable.o'.
Putting child 0x218e6520 (out/src/fw/mptable.o) PID 5324 on the chain.
Live child 0x218e6520 (out/src/fw/mptable.o) PID 5324 
  Compile checking out/src/fw/mptable.o
Reaping winning child 0x218e6520 PID 5324 
Live child 0x218e6520 (out/src/fw/mptable.o) PID 5325 
Reaping winning child 0x218e6520 PID 5325 
Removing child 0x218e6520 PID 5325 from chain.
                  Successfully remade target file 'out/src/fw/mptable.o'.
                  Considering target file 'out/src/fw/pirtable.o'.
                   File 'out/src/fw/pirtable.o' does not exist.
                   Looking for an implicit rule for 'out/src/fw/pirtable.o'.
                   Trying pattern rule with stem 'src/fw/pirtable'.
                   Trying implicit prerequisite 'src/fw/pirtable.c'.
                   Trying rule prerequisite 'out/autoconf.h'.
                   Found an implicit rule for 'out/src/fw/pirtable.o'.
                    Considering target file 'src/fw/pirtable.c'.
                     Looking for an implicit rule for 'src/fw/pirtable.c'.
                     Trying pattern rule with stem 'pirtable'.
                     Trying implicit prerequisite 'src/fw/pirtable.y'.
                     Trying pattern rule with stem 'pirtable'.
                     Trying implicit prerequisite 'src/fw/pirtable.l'.
                     Trying pattern rule with stem 'pirtable'.
                     Trying implicit prerequisite 'src/fw/pirtable.w'.
                     Trying pattern rule with stem 'pirtable'.
                     Trying implicit prerequisite 'src/fw/pirtable.w'.
                     Trying pattern rule with stem 'pirtable.c'.
                     Trying implicit prerequisite 'src/fw/pirtable.c,v'.
                     Trying pattern rule with stem 'pirtable.c'.
                     Trying implicit prerequisite 'src/fw/RCS/pirtable.c,v'.
                     Trying pattern rule with stem 'pirtable.c'.
                     Trying implicit prerequisite 'src/fw/RCS/pirtable.c'.
                     Trying pattern rule with stem 'pirtable.c'.
                     Trying implicit prerequisite 'src/fw/s.pirtable.c'.
                     Trying pattern rule with stem 'pirtable.c'.
                     Trying implicit prerequisite 'src/fw/SCCS/s.pirtable.c'.
                     Trying pattern rule with stem 'pirtable'.
                     Trying implicit prerequisite 'src/fw/pirtable.y'.
                     Looking for a rule with intermediate file 'src/fw/pirtable.y'.
                      Avoiding implicit rule recursion.
                      Trying pattern rule with stem 'pirtable.y'.
                      Trying implicit prerequisite 'src/fw/pirtable.y,v'.
                      Trying pattern rule with stem 'pirtable.y'.
                      Trying implicit prerequisite 'src/fw/RCS/pirtable.y,v'.
                      Trying pattern rule with stem 'pirtable.y'.
                      Trying implicit prerequisite 'src/fw/RCS/pirtable.y'.
                      Trying pattern rule with stem 'pirtable.y'.
                      Trying implicit prerequisite 'src/fw/s.pirtable.y'.
                      Trying pattern rule with stem 'pirtable.y'.
                      Trying implicit prerequisite 'src/fw/SCCS/s.pirtable.y'.
                     Trying pattern rule with stem 'pirtable'.
                     Trying implicit prerequisite 'src/fw/pirtable.l'.
                     Looking for a rule with intermediate file 'src/fw/pirtable.l'.
                      Avoiding implicit rule recursion.
                      Trying pattern rule with stem 'pirtable.l'.
                      Trying implicit prerequisite 'src/fw/pirtable.l,v'.
                      Trying pattern rule with stem 'pirtable.l'.
                      Trying implicit prerequisite 'src/fw/RCS/pirtable.l,v'.
                      Trying pattern rule with stem 'pirtable.l'.
                      Trying implicit prerequisite 'src/fw/RCS/pirtable.l'.
                      Trying pattern rule with stem 'pirtable.l'.
                      Trying implicit prerequisite 'src/fw/s.pirtable.l'.
                      Trying pattern rule with stem 'pirtable.l'.
                      Trying implicit prerequisite 'src/fw/SCCS/s.pirtable.l'.
                     Trying pattern rule with stem 'pirtable'.
                     Trying implicit prerequisite 'src/fw/pirtable.w'.
                     Looking for a rule with intermediate file 'src/fw/pirtable.w'.
                      Avoiding implicit rule recursion.
                      Trying pattern rule with stem 'pirtable.w'.
                      Trying implicit prerequisite 'src/fw/pirtable.w,v'.
                      Trying pattern rule with stem 'pirtable.w'.
                      Trying implicit prerequisite 'src/fw/RCS/pirtable.w,v'.
                      Trying pattern rule with stem 'pirtable.w'.
                      Trying implicit prerequisite 'src/fw/RCS/pirtable.w'.
                      Trying pattern rule with stem 'pirtable.w'.
                      Trying implicit prerequisite 'src/fw/s.pirtable.w'.
                      Trying pattern rule with stem 'pirtable.w'.
                      Trying implicit prerequisite 'src/fw/SCCS/s.pirtable.w'.
                     Trying pattern rule with stem 'pirtable'.
                     Rejecting impossible implicit prerequisite 'src/fw/pirtable.w'.
                     No implicit rule found for 'src/fw/pirtable.c'.
                     Finished prerequisites of target file 'src/fw/pirtable.c'.
                    No need to remake target 'src/fw/pirtable.c'.
                    Pruning file 'out/autoconf.h'.
                   Finished prerequisites of target file 'out/src/fw/pirtable.o'.
                  Must remake target 'out/src/fw/pirtable.o'.
Putting child 0x218e67a0 (out/src/fw/pirtable.o) PID 5328 on the chain.
Live child 0x218e67a0 (out/src/fw/pirtable.o) PID 5328 
  Compile checking out/src/fw/pirtable.o
Reaping winning child 0x218e67a0 PID 5328 
Live child 0x218e67a0 (out/src/fw/pirtable.o) PID 5329 
Reaping winning child 0x218e67a0 PID 5329 
Removing child 0x218e67a0 PID 5329 from chain.
                  Successfully remade target file 'out/src/fw/pirtable.o'.
                  Considering target file 'out/src/fw/smbios.o'.
                   File 'out/src/fw/smbios.o' does not exist.
                   Looking for an implicit rule for 'out/src/fw/smbios.o'.
                   Trying pattern rule with stem 'src/fw/smbios'.
                   Trying implicit prerequisite 'src/fw/smbios.c'.
                   Trying rule prerequisite 'out/autoconf.h'.
                   Found an implicit rule for 'out/src/fw/smbios.o'.
                    Considering target file 'src/fw/smbios.c'.
                     Looking for an implicit rule for 'src/fw/smbios.c'.
                     Trying pattern rule with stem 'smbios'.
                     Trying implicit prerequisite 'src/fw/smbios.y'.
                     Trying pattern rule with stem 'smbios'.
                     Trying implicit prerequisite 'src/fw/smbios.l'.
                     Trying pattern rule with stem 'smbios'.
                     Trying implicit prerequisite 'src/fw/smbios.w'.
                     Trying pattern rule with stem 'smbios'.
                     Trying implicit prerequisite 'src/fw/smbios.w'.
                     Trying pattern rule with stem 'smbios.c'.
                     Trying implicit prerequisite 'src/fw/smbios.c,v'.
                     Trying pattern rule with stem 'smbios.c'.
                     Trying implicit prerequisite 'src/fw/RCS/smbios.c,v'.
                     Trying pattern rule with stem 'smbios.c'.
                     Trying implicit prerequisite 'src/fw/RCS/smbios.c'.
                     Trying pattern rule with stem 'smbios.c'.
                     Trying implicit prerequisite 'src/fw/s.smbios.c'.
                     Trying pattern rule with stem 'smbios.c'.
                     Trying implicit prerequisite 'src/fw/SCCS/s.smbios.c'.
                     Trying pattern rule with stem 'smbios'.
                     Trying implicit prerequisite 'src/fw/smbios.y'.
                     Looking for a rule with intermediate file 'src/fw/smbios.y'.
                      Avoiding implicit rule recursion.
                      Trying pattern rule with stem 'smbios.y'.
                      Trying implicit prerequisite 'src/fw/smbios.y,v'.
                      Trying pattern rule with stem 'smbios.y'.
                      Trying implicit prerequisite 'src/fw/RCS/smbios.y,v'.
                      Trying pattern rule with stem 'smbios.y'.
                      Trying implicit prerequisite 'src/fw/RCS/smbios.y'.
                      Trying pattern rule with stem 'smbios.y'.
                      Trying implicit prerequisite 'src/fw/s.smbios.y'.
                      Trying pattern rule with stem 'smbios.y'.
                      Trying implicit prerequisite 'src/fw/SCCS/s.smbios.y'.
                     Trying pattern rule with stem 'smbios'.
                     Trying implicit prerequisite 'src/fw/smbios.l'.
                     Looking for a rule with intermediate file 'src/fw/smbios.l'.
                      Avoiding implicit rule recursion.
                      Trying pattern rule with stem 'smbios.l'.
                      Trying implicit prerequisite 'src/fw/smbios.l,v'.
                      Trying pattern rule with stem 'smbios.l'.
                      Trying implicit prerequisite 'src/fw/RCS/smbios.l,v'.
                      Trying pattern rule with stem 'smbios.l'.
                      Trying implicit prerequisite 'src/fw/RCS/smbios.l'.
                      Trying pattern rule with stem 'smbios.l'.
                      Trying implicit prerequisite 'src/fw/s.smbios.l'.
                      Trying pattern rule with stem 'smbios.l'.
                      Trying implicit prerequisite 'src/fw/SCCS/s.smbios.l'.
                     Trying pattern rule with stem 'smbios'.
                     Trying implicit prerequisite 'src/fw/smbios.w'.
                     Looking for a rule with intermediate file 'src/fw/smbios.w'.
                      Avoiding implicit rule recursion.
                      Trying pattern rule with stem 'smbios.w'.
                      Trying implicit prerequisite 'src/fw/smbios.w,v'.
                      Trying pattern rule with stem 'smbios.w'.
                      Trying implicit prerequisite 'src/fw/RCS/smbios.w,v'.
                      Trying pattern rule with stem 'smbios.w'.
                      Trying implicit prerequisite 'src/fw/RCS/smbios.w'.
                      Trying pattern rule with stem 'smbios.w'.
                      Trying implicit prerequisite 'src/fw/s.smbios.w'.
                      Trying pattern rule with stem 'smbios.w'.
                      Trying implicit prerequisite 'src/fw/SCCS/s.smbios.w'.
                     Trying pattern rule with stem 'smbios'.
                     Rejecting impossible implicit prerequisite 'src/fw/smbios.w'.
                     No implicit rule found for 'src/fw/smbios.c'.
                     Finished prerequisites of target file 'src/fw/smbios.c'.
                    No need to remake target 'src/fw/smbios.c'.
                    Pruning file 'out/autoconf.h'.
                   Finished prerequisites of target file 'out/src/fw/smbios.o'.
                  Must remake target 'out/src/fw/smbios.o'.
Putting child 0x218e9c10 (out/src/fw/smbios.o) PID 5332 on the chain.
Live child 0x218e9c10 (out/src/fw/smbios.o) PID 5332 
  Compile checking out/src/fw/smbios.o
Reaping winning child 0x218e9c10 PID 5332 
Live child 0x218e9c10 (out/src/fw/smbios.o) PID 5333 
Reaping winning child 0x218e9c10 PID 5333 
Removing child 0x218e9c10 PID 5333 from chain.
                  Successfully remade target file 'out/src/fw/smbios.o'.
                  Considering target file 'out/src/fw/romfile_loader.o'.
                   File 'out/src/fw/romfile_loader.o' does not exist.
                   Looking for an implicit rule for 'out/src/fw/romfile_loader.o'.
                   Trying pattern rule with stem 'src/fw/romfile_loader'.
                   Trying implicit prerequisite 'src/fw/romfile_loader.c'.
                   Trying rule prerequisite 'out/autoconf.h'.
                   Found an implicit rule for 'out/src/fw/romfile_loader.o'.
                    Considering target file 'src/fw/romfile_loader.c'.
                     Looking for an implicit rule for 'src/fw/romfile_loader.c'.
                     Trying pattern rule with stem 'romfile_loader'.
                     Trying implicit prerequisite 'src/fw/romfile_loader.y'.
                     Trying pattern rule with stem 'romfile_loader'.
                     Trying implicit prerequisite 'src/fw/romfile_loader.l'.
                     Trying pattern rule with stem 'romfile_loader'.
                     Trying implicit prerequisite 'src/fw/romfile_loader.w'.
                     Trying pattern rule with stem 'romfile_loader'.
                     Trying implicit prerequisite 'src/fw/romfile_loader.w'.
                     Trying pattern rule with stem 'romfile_loader.c'.
                     Trying implicit prerequisite 'src/fw/romfile_loader.c,v'.
                     Trying pattern rule with stem 'romfile_loader.c'.
                     Trying implicit prerequisite 'src/fw/RCS/romfile_loader.c,v'.
                     Trying pattern rule with stem 'romfile_loader.c'.
                     Trying implicit prerequisite 'src/fw/RCS/romfile_loader.c'.
                     Trying pattern rule with stem 'romfile_loader.c'.
                     Trying implicit prerequisite 'src/fw/s.romfile_loader.c'.
                     Trying pattern rule with stem 'romfile_loader.c'.
                     Trying implicit prerequisite 'src/fw/SCCS/s.romfile_loader.c'.
                     Trying pattern rule with stem 'romfile_loader'.
                     Trying implicit prerequisite 'src/fw/romfile_loader.y'.
                     Looking for a rule with intermediate file 'src/fw/romfile_loader.y'.
                      Avoiding implicit rule recursion.
                      Trying pattern rule with stem 'romfile_loader.y'.
                      Trying implicit prerequisite 'src/fw/romfile_loader.y,v'.
                      Trying pattern rule with stem 'romfile_loader.y'.
                      Trying implicit prerequisite 'src/fw/RCS/romfile_loader.y,v'.
                      Trying pattern rule with stem 'romfile_loader.y'.
                      Trying implicit prerequisite 'src/fw/RCS/romfile_loader.y'.
                      Trying pattern rule with stem 'romfile_loader.y'.
                      Trying implicit prerequisite 'src/fw/s.romfile_loader.y'.
                      Trying pattern rule with stem 'romfile_loader.y'.
                      Trying implicit prerequisite 'src/fw/SCCS/s.romfile_loader.y'.
                     Trying pattern rule with stem 'romfile_loader'.
                     Trying implicit prerequisite 'src/fw/romfile_loader.l'.
                     Looking for a rule with intermediate file 'src/fw/romfile_loader.l'.
                      Avoiding implicit rule recursion.
                      Trying pattern rule with stem 'romfile_loader.l'.
                      Trying implicit prerequisite 'src/fw/romfile_loader.l,v'.
                      Trying pattern rule with stem 'romfile_loader.l'.
                      Trying implicit prerequisite 'src/fw/RCS/romfile_loader.l,v'.
                      Trying pattern rule with stem 'romfile_loader.l'.
                      Trying implicit prerequisite 'src/fw/RCS/romfile_loader.l'.
                      Trying pattern rule with stem 'romfile_loader.l'.
                      Trying implicit prerequisite 'src/fw/s.romfile_loader.l'.
                      Trying pattern rule with stem 'romfile_loader.l'.
                      Trying implicit prerequisite 'src/fw/SCCS/s.romfile_loader.l'.
                     Trying pattern rule with stem 'romfile_loader'.
                     Trying implicit prerequisite 'src/fw/romfile_loader.w'.
                     Looking for a rule with intermediate file 'src/fw/romfile_loader.w'.
                      Avoiding implicit rule recursion.
                      Trying pattern rule with stem 'romfile_loader.w'.
                      Trying implicit prerequisite 'src/fw/romfile_loader.w,v'.
                      Trying pattern rule with stem 'romfile_loader.w'.
                      Trying implicit prerequisite 'src/fw/RCS/romfile_loader.w,v'.
                      Trying pattern rule with stem 'romfile_loader.w'.
                      Trying implicit prerequisite 'src/fw/RCS/romfile_loader.w'.
                      Trying pattern rule with stem 'romfile_loader.w'.
                      Trying implicit prerequisite 'src/fw/s.romfile_loader.w'.
                      Trying pattern rule with stem 'romfile_loader.w'.
                      Trying implicit prerequisite 'src/fw/SCCS/s.romfile_loader.w'.
                     Trying pattern rule with stem 'romfile_loader'.
                     Rejecting impossible implicit prerequisite 'src/fw/romfile_loader.w'.
                     No implicit rule found for 'src/fw/romfile_loader.c'.
                     Finished prerequisites of target file 'src/fw/romfile_loader.c'.
                    No need to remake target 'src/fw/romfile_loader.c'.
                    Pruning file 'out/autoconf.h'.
                   Finished prerequisites of target file 'out/src/fw/romfile_loader.o'.
                  Must remake target 'out/src/fw/romfile_loader.o'.
Putting child 0x218ea240 (out/src/fw/romfile_loader.o) PID 5336 on the chain.
Live child 0x218ea240 (out/src/fw/romfile_loader.o) PID 5336 
  Compile checking out/src/fw/romfile_loader.o
Reaping winning child 0x218ea240 PID 5336 
Live child 0x218ea240 (out/src/fw/romfile_loader.o) PID 5337 
Reaping winning child 0x218ea240 PID 5337 
Removing child 0x218ea240 PID 5337 from chain.
                  Successfully remade target file 'out/src/fw/romfile_loader.o'.
                  Considering target file 'out/src/fw/dsdt_parser.o'.
                   File 'out/src/fw/dsdt_parser.o' does not exist.
                   Looking for an implicit rule for 'out/src/fw/dsdt_parser.o'.
                   Trying pattern rule with stem 'src/fw/dsdt_parser'.
                   Trying implicit prerequisite 'src/fw/dsdt_parser.c'.
                   Trying rule prerequisite 'out/autoconf.h'.
                   Found an implicit rule for 'out/src/fw/dsdt_parser.o'.
                    Considering target file 'src/fw/dsdt_parser.c'.
                     Looking for an implicit rule for 'src/fw/dsdt_parser.c'.
                     Trying pattern rule with stem 'dsdt_parser'.
                     Trying implicit prerequisite 'src/fw/dsdt_parser.y'.
                     Trying pattern rule with stem 'dsdt_parser'.
                     Trying implicit prerequisite 'src/fw/dsdt_parser.l'.
                     Trying pattern rule with stem 'dsdt_parser'.
                     Trying implicit prerequisite 'src/fw/dsdt_parser.w'.
                     Trying pattern rule with stem 'dsdt_parser'.
                     Trying implicit prerequisite 'src/fw/dsdt_parser.w'.
                     Trying pattern rule with stem 'dsdt_parser.c'.
                     Trying implicit prerequisite 'src/fw/dsdt_parser.c,v'.
                     Trying pattern rule with stem 'dsdt_parser.c'.
                     Trying implicit prerequisite 'src/fw/RCS/dsdt_parser.c,v'.
                     Trying pattern rule with stem 'dsdt_parser.c'.
                     Trying implicit prerequisite 'src/fw/RCS/dsdt_parser.c'.
                     Trying pattern rule with stem 'dsdt_parser.c'.
                     Trying implicit prerequisite 'src/fw/s.dsdt_parser.c'.
                     Trying pattern rule with stem 'dsdt_parser.c'.
                     Trying implicit prerequisite 'src/fw/SCCS/s.dsdt_parser.c'.
                     Trying pattern rule with stem 'dsdt_parser'.
                     Trying implicit prerequisite 'src/fw/dsdt_parser.y'.
                     Looking for a rule with intermediate file 'src/fw/dsdt_parser.y'.
                      Avoiding implicit rule recursion.
                      Trying pattern rule with stem 'dsdt_parser.y'.
                      Trying implicit prerequisite 'src/fw/dsdt_parser.y,v'.
                      Trying pattern rule with stem 'dsdt_parser.y'.
                      Trying implicit prerequisite 'src/fw/RCS/dsdt_parser.y,v'.
                      Trying pattern rule with stem 'dsdt_parser.y'.
                      Trying implicit prerequisite 'src/fw/RCS/dsdt_parser.y'.
                      Trying pattern rule with stem 'dsdt_parser.y'.
                      Trying implicit prerequisite 'src/fw/s.dsdt_parser.y'.
                      Trying pattern rule with stem 'dsdt_parser.y'.
                      Trying implicit prerequisite 'src/fw/SCCS/s.dsdt_parser.y'.
                     Trying pattern rule with stem 'dsdt_parser'.
                     Trying implicit prerequisite 'src/fw/dsdt_parser.l'.
                     Looking for a rule with intermediate file 'src/fw/dsdt_parser.l'.
                      Avoiding implicit rule recursion.
                      Trying pattern rule with stem 'dsdt_parser.l'.
                      Trying implicit prerequisite 'src/fw/dsdt_parser.l,v'.
                      Trying pattern rule with stem 'dsdt_parser.l'.
                      Trying implicit prerequisite 'src/fw/RCS/dsdt_parser.l,v'.
                      Trying pattern rule with stem 'dsdt_parser.l'.
                      Trying implicit prerequisite 'src/fw/RCS/dsdt_parser.l'.
                      Trying pattern rule with stem 'dsdt_parser.l'.
                      Trying implicit prerequisite 'src/fw/s.dsdt_parser.l'.
                      Trying pattern rule with stem 'dsdt_parser.l'.
                      Trying implicit prerequisite 'src/fw/SCCS/s.dsdt_parser.l'.
                     Trying pattern rule with stem 'dsdt_parser'.
                     Trying implicit prerequisite 'src/fw/dsdt_parser.w'.
                     Looking for a rule with intermediate file 'src/fw/dsdt_parser.w'.
                      Avoiding implicit rule recursion.
                      Trying pattern rule with stem 'dsdt_parser.w'.
                      Trying implicit prerequisite 'src/fw/dsdt_parser.w,v'.
                      Trying pattern rule with stem 'dsdt_parser.w'.
                      Trying implicit prerequisite 'src/fw/RCS/dsdt_parser.w,v'.
                      Trying pattern rule with stem 'dsdt_parser.w'.
                      Trying implicit prerequisite 'src/fw/RCS/dsdt_parser.w'.
                      Trying pattern rule with stem 'dsdt_parser.w'.
                      Trying implicit prerequisite 'src/fw/s.dsdt_parser.w'.
                      Trying pattern rule with stem 'dsdt_parser.w'.
                      Trying implicit prerequisite 'src/fw/SCCS/s.dsdt_parser.w'.
                     Trying pattern rule with stem 'dsdt_parser'.
                     Rejecting impossible implicit prerequisite 'src/fw/dsdt_parser.w'.
                     No implicit rule found for 'src/fw/dsdt_parser.c'.
                     Finished prerequisites of target file 'src/fw/dsdt_parser.c'.
                    No need to remake target 'src/fw/dsdt_parser.c'.
                    Pruning file 'out/autoconf.h'.
                   Finished prerequisites of target file 'out/src/fw/dsdt_parser.o'.
                  Must remake target 'out/src/fw/dsdt_parser.o'.
Putting child 0x218ea8a0 (out/src/fw/dsdt_parser.o) PID 5340 on the chain.
Live child 0x218ea8a0 (out/src/fw/dsdt_parser.o) PID 5340 
  Compile checking out/src/fw/dsdt_parser.o
Reaping winning child 0x218ea8a0 PID 5340 
Live child 0x218ea8a0 (out/src/fw/dsdt_parser.o) PID 5341 
Reaping winning child 0x218ea8a0 PID 5341 
Removing child 0x218ea8a0 PID 5341 from chain.
                  Successfully remade target file 'out/src/fw/dsdt_parser.o'.
                  Considering target file 'out/src/hw/virtio-ring.o'.
                   File 'out/src/hw/virtio-ring.o' does not exist.
                   Looking for an implicit rule for 'out/src/hw/virtio-ring.o'.
                   Trying pattern rule with stem 'src/hw/virtio-ring'.
                   Trying implicit prerequisite 'src/hw/virtio-ring.c'.
                   Trying rule prerequisite 'out/autoconf.h'.
                   Found an implicit rule for 'out/src/hw/virtio-ring.o'.
                    Considering target file 'src/hw/virtio-ring.c'.
                     Looking for an implicit rule for 'src/hw/virtio-ring.c'.
                     Trying pattern rule with stem 'virtio-ring'.
                     Trying implicit prerequisite 'src/hw/virtio-ring.y'.
                     Trying pattern rule with stem 'virtio-ring'.
                     Trying implicit prerequisite 'src/hw/virtio-ring.l'.
                     Trying pattern rule with stem 'virtio-ring'.
                     Trying implicit prerequisite 'src/hw/virtio-ring.w'.
                     Trying pattern rule with stem 'virtio-ring'.
                     Trying implicit prerequisite 'src/hw/virtio-ring.w'.
                     Trying pattern rule with stem 'virtio-ring.c'.
                     Trying implicit prerequisite 'src/hw/virtio-ring.c,v'.
                     Trying pattern rule with stem 'virtio-ring.c'.
                     Trying implicit prerequisite 'src/hw/RCS/virtio-ring.c,v'.
                     Trying pattern rule with stem 'virtio-ring.c'.
                     Trying implicit prerequisite 'src/hw/RCS/virtio-ring.c'.
                     Trying pattern rule with stem 'virtio-ring.c'.
                     Trying implicit prerequisite 'src/hw/s.virtio-ring.c'.
                     Trying pattern rule with stem 'virtio-ring.c'.
                     Trying implicit prerequisite 'src/hw/SCCS/s.virtio-ring.c'.
                     Trying pattern rule with stem 'virtio-ring'.
                     Trying implicit prerequisite 'src/hw/virtio-ring.y'.
                     Looking for a rule with intermediate file 'src/hw/virtio-ring.y'.
                      Avoiding implicit rule recursion.
                      Trying pattern rule with stem 'virtio-ring.y'.
                      Trying implicit prerequisite 'src/hw/virtio-ring.y,v'.
                      Trying pattern rule with stem 'virtio-ring.y'.
                      Trying implicit prerequisite 'src/hw/RCS/virtio-ring.y,v'.
                      Trying pattern rule with stem 'virtio-ring.y'.
                      Trying implicit prerequisite 'src/hw/RCS/virtio-ring.y'.
                      Trying pattern rule with stem 'virtio-ring.y'.
                      Trying implicit prerequisite 'src/hw/s.virtio-ring.y'.
                      Trying pattern rule with stem 'virtio-ring.y'.
                      Trying implicit prerequisite 'src/hw/SCCS/s.virtio-ring.y'.
                     Trying pattern rule with stem 'virtio-ring'.
                     Trying implicit prerequisite 'src/hw/virtio-ring.l'.
                     Looking for a rule with intermediate file 'src/hw/virtio-ring.l'.
                      Avoiding implicit rule recursion.
                      Trying pattern rule with stem 'virtio-ring.l'.
                      Trying implicit prerequisite 'src/hw/virtio-ring.l,v'.
                      Trying pattern rule with stem 'virtio-ring.l'.
                      Trying implicit prerequisite 'src/hw/RCS/virtio-ring.l,v'.
                      Trying pattern rule with stem 'virtio-ring.l'.
                      Trying implicit prerequisite 'src/hw/RCS/virtio-ring.l'.
                      Trying pattern rule with stem 'virtio-ring.l'.
                      Trying implicit prerequisite 'src/hw/s.virtio-ring.l'.
                      Trying pattern rule with stem 'virtio-ring.l'.
                      Trying implicit prerequisite 'src/hw/SCCS/s.virtio-ring.l'.
                     Trying pattern rule with stem 'virtio-ring'.
                     Trying implicit prerequisite 'src/hw/virtio-ring.w'.
                     Looking for a rule with intermediate file 'src/hw/virtio-ring.w'.
                      Avoiding implicit rule recursion.
                      Trying pattern rule with stem 'virtio-ring.w'.
                      Trying implicit prerequisite 'src/hw/virtio-ring.w,v'.
                      Trying pattern rule with stem 'virtio-ring.w'.
                      Trying implicit prerequisite 'src/hw/RCS/virtio-ring.w,v'.
                      Trying pattern rule with stem 'virtio-ring.w'.
                      Trying implicit prerequisite 'src/hw/RCS/virtio-ring.w'.
                      Trying pattern rule with stem 'virtio-ring.w'.
                      Trying implicit prerequisite 'src/hw/s.virtio-ring.w'.
                      Trying pattern rule with stem 'virtio-ring.w'.
                      Trying implicit prerequisite 'src/hw/SCCS/s.virtio-ring.w'.
                     Trying pattern rule with stem 'virtio-ring'.
                     Rejecting impossible implicit prerequisite 'src/hw/virtio-ring.w'.
                     No implicit rule found for 'src/hw/virtio-ring.c'.
                     Finished prerequisites of target file 'src/hw/virtio-ring.c'.
                    No need to remake target 'src/hw/virtio-ring.c'.
                    Pruning file 'out/autoconf.h'.
                   Finished prerequisites of target file 'out/src/hw/virtio-ring.o'.
                  Must remake target 'out/src/hw/virtio-ring.o'.
Putting child 0x218ec8c0 (out/src/hw/virtio-ring.o) PID 5344 on the chain.
Live child 0x218ec8c0 (out/src/hw/virtio-ring.o) PID 5344 
  Compile checking out/src/hw/virtio-ring.o
Reaping winning child 0x218ec8c0 PID 5344 
Live child 0x218ec8c0 (out/src/hw/virtio-ring.o) PID 5345 
Reaping winning child 0x218ec8c0 PID 5345 
Removing child 0x218ec8c0 PID 5345 from chain.
                  Successfully remade target file 'out/src/hw/virtio-ring.o'.
                  Considering target file 'out/src/hw/virtio-pci.o'.
                   File 'out/src/hw/virtio-pci.o' does not exist.
                   Looking for an implicit rule for 'out/src/hw/virtio-pci.o'.
                   Trying pattern rule with stem 'src/hw/virtio-pci'.
                   Trying implicit prerequisite 'src/hw/virtio-pci.c'.
                   Trying rule prerequisite 'out/autoconf.h'.
                   Found an implicit rule for 'out/src/hw/virtio-pci.o'.
                    Considering target file 'src/hw/virtio-pci.c'.
                     Looking for an implicit rule for 'src/hw/virtio-pci.c'.
                     Trying pattern rule with stem 'virtio-pci'.
                     Trying implicit prerequisite 'src/hw/virtio-pci.y'.
                     Trying pattern rule with stem 'virtio-pci'.
                     Trying implicit prerequisite 'src/hw/virtio-pci.l'.
                     Trying pattern rule with stem 'virtio-pci'.
                     Trying implicit prerequisite 'src/hw/virtio-pci.w'.
                     Trying pattern rule with stem 'virtio-pci'.
                     Trying implicit prerequisite 'src/hw/virtio-pci.w'.
                     Trying pattern rule with stem 'virtio-pci.c'.
                     Trying implicit prerequisite 'src/hw/virtio-pci.c,v'.
                     Trying pattern rule with stem 'virtio-pci.c'.
                     Trying implicit prerequisite 'src/hw/RCS/virtio-pci.c,v'.
                     Trying pattern rule with stem 'virtio-pci.c'.
                     Trying implicit prerequisite 'src/hw/RCS/virtio-pci.c'.
                     Trying pattern rule with stem 'virtio-pci.c'.
                     Trying implicit prerequisite 'src/hw/s.virtio-pci.c'.
                     Trying pattern rule with stem 'virtio-pci.c'.
                     Trying implicit prerequisite 'src/hw/SCCS/s.virtio-pci.c'.
                     Trying pattern rule with stem 'virtio-pci'.
                     Trying implicit prerequisite 'src/hw/virtio-pci.y'.
                     Looking for a rule with intermediate file 'src/hw/virtio-pci.y'.
                      Avoiding implicit rule recursion.
                      Trying pattern rule with stem 'virtio-pci.y'.
                      Trying implicit prerequisite 'src/hw/virtio-pci.y,v'.
                      Trying pattern rule with stem 'virtio-pci.y'.
                      Trying implicit prerequisite 'src/hw/RCS/virtio-pci.y,v'.
                      Trying pattern rule with stem 'virtio-pci.y'.
                      Trying implicit prerequisite 'src/hw/RCS/virtio-pci.y'.
                      Trying pattern rule with stem 'virtio-pci.y'.
                      Trying implicit prerequisite 'src/hw/s.virtio-pci.y'.
                      Trying pattern rule with stem 'virtio-pci.y'.
                      Trying implicit prerequisite 'src/hw/SCCS/s.virtio-pci.y'.
                     Trying pattern rule with stem 'virtio-pci'.
                     Trying implicit prerequisite 'src/hw/virtio-pci.l'.
                     Looking for a rule with intermediate file 'src/hw/virtio-pci.l'.
                      Avoiding implicit rule recursion.
                      Trying pattern rule with stem 'virtio-pci.l'.
                      Trying implicit prerequisite 'src/hw/virtio-pci.l,v'.
                      Trying pattern rule with stem 'virtio-pci.l'.
                      Trying implicit prerequisite 'src/hw/RCS/virtio-pci.l,v'.
                      Trying pattern rule with stem 'virtio-pci.l'.
                      Trying implicit prerequisite 'src/hw/RCS/virtio-pci.l'.
                      Trying pattern rule with stem 'virtio-pci.l'.
                      Trying implicit prerequisite 'src/hw/s.virtio-pci.l'.
                      Trying pattern rule with stem 'virtio-pci.l'.
                      Trying implicit prerequisite 'src/hw/SCCS/s.virtio-pci.l'.
                     Trying pattern rule with stem 'virtio-pci'.
                     Trying implicit prerequisite 'src/hw/virtio-pci.w'.
                     Looking for a rule with intermediate file 'src/hw/virtio-pci.w'.
                      Avoiding implicit rule recursion.
                      Trying pattern rule with stem 'virtio-pci.w'.
                      Trying implicit prerequisite 'src/hw/virtio-pci.w,v'.
                      Trying pattern rule with stem 'virtio-pci.w'.
                      Trying implicit prerequisite 'src/hw/RCS/virtio-pci.w,v'.
                      Trying pattern rule with stem 'virtio-pci.w'.
                      Trying implicit prerequisite 'src/hw/RCS/virtio-pci.w'.
                      Trying pattern rule with stem 'virtio-pci.w'.
                      Trying implicit prerequisite 'src/hw/s.virtio-pci.w'.
                      Trying pattern rule with stem 'virtio-pci.w'.
                      Trying implicit prerequisite 'src/hw/SCCS/s.virtio-pci.w'.
                     Trying pattern rule with stem 'virtio-pci'.
                     Rejecting impossible implicit prerequisite 'src/hw/virtio-pci.w'.
                     No implicit rule found for 'src/hw/virtio-pci.c'.
                     Finished prerequisites of target file 'src/hw/virtio-pci.c'.
                    No need to remake target 'src/hw/virtio-pci.c'.
                    Pruning file 'out/autoconf.h'.
                   Finished prerequisites of target file 'out/src/hw/virtio-pci.o'.
                  Must remake target 'out/src/hw/virtio-pci.o'.
Putting child 0x218eaf30 (out/src/hw/virtio-pci.o) PID 5348 on the chain.
Live child 0x218eaf30 (out/src/hw/virtio-pci.o) PID 5348 
  Compile checking out/src/hw/virtio-pci.o
Reaping winning child 0x218eaf30 PID 5348 
Live child 0x218eaf30 (out/src/hw/virtio-pci.o) PID 5349 
Reaping winning child 0x218eaf30 PID 5349 
Removing child 0x218eaf30 PID 5349 from chain.
                  Successfully remade target file 'out/src/hw/virtio-pci.o'.
                  Considering target file 'out/src/hw/virtio-mmio.o'.
                   File 'out/src/hw/virtio-mmio.o' does not exist.
                   Looking for an implicit rule for 'out/src/hw/virtio-mmio.o'.
                   Trying pattern rule with stem 'src/hw/virtio-mmio'.
                   Trying implicit prerequisite 'src/hw/virtio-mmio.c'.
                   Trying rule prerequisite 'out/autoconf.h'.
                   Found an implicit rule for 'out/src/hw/virtio-mmio.o'.
                    Considering target file 'src/hw/virtio-mmio.c'.
                     Looking for an implicit rule for 'src/hw/virtio-mmio.c'.
                     Trying pattern rule with stem 'virtio-mmio'.
                     Trying implicit prerequisite 'src/hw/virtio-mmio.y'.
                     Trying pattern rule with stem 'virtio-mmio'.
                     Trying implicit prerequisite 'src/hw/virtio-mmio.l'.
                     Trying pattern rule with stem 'virtio-mmio'.
                     Trying implicit prerequisite 'src/hw/virtio-mmio.w'.
                     Trying pattern rule with stem 'virtio-mmio'.
                     Trying implicit prerequisite 'src/hw/virtio-mmio.w'.
                     Trying pattern rule with stem 'virtio-mmio.c'.
                     Trying implicit prerequisite 'src/hw/virtio-mmio.c,v'.
                     Trying pattern rule with stem 'virtio-mmio.c'.
                     Trying implicit prerequisite 'src/hw/RCS/virtio-mmio.c,v'.
                     Trying pattern rule with stem 'virtio-mmio.c'.
                     Trying implicit prerequisite 'src/hw/RCS/virtio-mmio.c'.
                     Trying pattern rule with stem 'virtio-mmio.c'.
                     Trying implicit prerequisite 'src/hw/s.virtio-mmio.c'.
                     Trying pattern rule with stem 'virtio-mmio.c'.
                     Trying implicit prerequisite 'src/hw/SCCS/s.virtio-mmio.c'.
                     Trying pattern rule with stem 'virtio-mmio'.
                     Trying implicit prerequisite 'src/hw/virtio-mmio.y'.
                     Looking for a rule with intermediate file 'src/hw/virtio-mmio.y'.
                      Avoiding implicit rule recursion.
                      Trying pattern rule with stem 'virtio-mmio.y'.
                      Trying implicit prerequisite 'src/hw/virtio-mmio.y,v'.
                      Trying pattern rule with stem 'virtio-mmio.y'.
                      Trying implicit prerequisite 'src/hw/RCS/virtio-mmio.y,v'.
                      Trying pattern rule with stem 'virtio-mmio.y'.
                      Trying implicit prerequisite 'src/hw/RCS/virtio-mmio.y'.
                      Trying pattern rule with stem 'virtio-mmio.y'.
                      Trying implicit prerequisite 'src/hw/s.virtio-mmio.y'.
                      Trying pattern rule with stem 'virtio-mmio.y'.
                      Trying implicit prerequisite 'src/hw/SCCS/s.virtio-mmio.y'.
                     Trying pattern rule with stem 'virtio-mmio'.
                     Trying implicit prerequisite 'src/hw/virtio-mmio.l'.
                     Looking for a rule with intermediate file 'src/hw/virtio-mmio.l'.
                      Avoiding implicit rule recursion.
                      Trying pattern rule with stem 'virtio-mmio.l'.
                      Trying implicit prerequisite 'src/hw/virtio-mmio.l,v'.
                      Trying pattern rule with stem 'virtio-mmio.l'.
                      Trying implicit prerequisite 'src/hw/RCS/virtio-mmio.l,v'.
                      Trying pattern rule with stem 'virtio-mmio.l'.
                      Trying implicit prerequisite 'src/hw/RCS/virtio-mmio.l'.
                      Trying pattern rule with stem 'virtio-mmio.l'.
                      Trying implicit prerequisite 'src/hw/s.virtio-mmio.l'.
                      Trying pattern rule with stem 'virtio-mmio.l'.
                      Trying implicit prerequisite 'src/hw/SCCS/s.virtio-mmio.l'.
                     Trying pattern rule with stem 'virtio-mmio'.
                     Trying implicit prerequisite 'src/hw/virtio-mmio.w'.
                     Looking for a rule with intermediate file 'src/hw/virtio-mmio.w'.
                      Avoiding implicit rule recursion.
                      Trying pattern rule with stem 'virtio-mmio.w'.
                      Trying implicit prerequisite 'src/hw/virtio-mmio.w,v'.
                      Trying pattern rule with stem 'virtio-mmio.w'.
                      Trying implicit prerequisite 'src/hw/RCS/virtio-mmio.w,v'.
                      Trying pattern rule with stem 'virtio-mmio.w'.
                      Trying implicit prerequisite 'src/hw/RCS/virtio-mmio.w'.
                      Trying pattern rule with stem 'virtio-mmio.w'.
                      Trying implicit prerequisite 'src/hw/s.virtio-mmio.w'.
                      Trying pattern rule with stem 'virtio-mmio.w'.
                      Trying implicit prerequisite 'src/hw/SCCS/s.virtio-mmio.w'.
                     Trying pattern rule with stem 'virtio-mmio'.
                     Rejecting impossible implicit prerequisite 'src/hw/virtio-mmio.w'.
                     No implicit rule found for 'src/hw/virtio-mmio.c'.
                     Finished prerequisites of target file 'src/hw/virtio-mmio.c'.
                    No need to remake target 'src/hw/virtio-mmio.c'.
                    Pruning file 'out/autoconf.h'.
                   Finished prerequisites of target file 'out/src/hw/virtio-mmio.o'.
                  Must remake target 'out/src/hw/virtio-mmio.o'.
Putting child 0x218ebf70 (out/src/hw/virtio-mmio.o) PID 5352 on the chain.
Live child 0x218ebf70 (out/src/hw/virtio-mmio.o) PID 5352 
  Compile checking out/src/hw/virtio-mmio.o
Reaping winning child 0x218ebf70 PID 5352 
Live child 0x218ebf70 (out/src/hw/virtio-mmio.o) PID 5353 
Reaping winning child 0x218ebf70 PID 5353 
Removing child 0x218ebf70 PID 5353 from chain.
                  Successfully remade target file 'out/src/hw/virtio-mmio.o'.
                  Considering target file 'out/src/hw/virtio-blk.o'.
                   File 'out/src/hw/virtio-blk.o' does not exist.
                   Looking for an implicit rule for 'out/src/hw/virtio-blk.o'.
                   Trying pattern rule with stem 'src/hw/virtio-blk'.
                   Trying implicit prerequisite 'src/hw/virtio-blk.c'.
                   Trying rule prerequisite 'out/autoconf.h'.
                   Found an implicit rule for 'out/src/hw/virtio-blk.o'.
                    Considering target file 'src/hw/virtio-blk.c'.
                     Looking for an implicit rule for 'src/hw/virtio-blk.c'.
                     Trying pattern rule with stem 'virtio-blk'.
                     Trying implicit prerequisite 'src/hw/virtio-blk.y'.
                     Trying pattern rule with stem 'virtio-blk'.
                     Trying implicit prerequisite 'src/hw/virtio-blk.l'.
                     Trying pattern rule with stem 'virtio-blk'.
                     Trying implicit prerequisite 'src/hw/virtio-blk.w'.
                     Trying pattern rule with stem 'virtio-blk'.
                     Trying implicit prerequisite 'src/hw/virtio-blk.w'.
                     Trying pattern rule with stem 'virtio-blk.c'.
                     Trying implicit prerequisite 'src/hw/virtio-blk.c,v'.
                     Trying pattern rule with stem 'virtio-blk.c'.
                     Trying implicit prerequisite 'src/hw/RCS/virtio-blk.c,v'.
                     Trying pattern rule with stem 'virtio-blk.c'.
                     Trying implicit prerequisite 'src/hw/RCS/virtio-blk.c'.
                     Trying pattern rule with stem 'virtio-blk.c'.
                     Trying implicit prerequisite 'src/hw/s.virtio-blk.c'.
                     Trying pattern rule with stem 'virtio-blk.c'.
                     Trying implicit prerequisite 'src/hw/SCCS/s.virtio-blk.c'.
                     Trying pattern rule with stem 'virtio-blk'.
                     Trying implicit prerequisite 'src/hw/virtio-blk.y'.
                     Looking for a rule with intermediate file 'src/hw/virtio-blk.y'.
                      Avoiding implicit rule recursion.
                      Trying pattern rule with stem 'virtio-blk.y'.
                      Trying implicit prerequisite 'src/hw/virtio-blk.y,v'.
                      Trying pattern rule with stem 'virtio-blk.y'.
                      Trying implicit prerequisite 'src/hw/RCS/virtio-blk.y,v'.
                      Trying pattern rule with stem 'virtio-blk.y'.
                      Trying implicit prerequisite 'src/hw/RCS/virtio-blk.y'.
                      Trying pattern rule with stem 'virtio-blk.y'.
                      Trying implicit prerequisite 'src/hw/s.virtio-blk.y'.
                      Trying pattern rule with stem 'virtio-blk.y'.
                      Trying implicit prerequisite 'src/hw/SCCS/s.virtio-blk.y'.
                     Trying pattern rule with stem 'virtio-blk'.
                     Trying implicit prerequisite 'src/hw/virtio-blk.l'.
                     Looking for a rule with intermediate file 'src/hw/virtio-blk.l'.
                      Avoiding implicit rule recursion.
                      Trying pattern rule with stem 'virtio-blk.l'.
                      Trying implicit prerequisite 'src/hw/virtio-blk.l,v'.
                      Trying pattern rule with stem 'virtio-blk.l'.
                      Trying implicit prerequisite 'src/hw/RCS/virtio-blk.l,v'.
                      Trying pattern rule with stem 'virtio-blk.l'.
                      Trying implicit prerequisite 'src/hw/RCS/virtio-blk.l'.
                      Trying pattern rule with stem 'virtio-blk.l'.
                      Trying implicit prerequisite 'src/hw/s.virtio-blk.l'.
                      Trying pattern rule with stem 'virtio-blk.l'.
                      Trying implicit prerequisite 'src/hw/SCCS/s.virtio-blk.l'.
                     Trying pattern rule with stem 'virtio-blk'.
                     Trying implicit prerequisite 'src/hw/virtio-blk.w'.
                     Looking for a rule with intermediate file 'src/hw/virtio-blk.w'.
                      Avoiding implicit rule recursion.
                      Trying pattern rule with stem 'virtio-blk.w'.
                      Trying implicit prerequisite 'src/hw/virtio-blk.w,v'.
                      Trying pattern rule with stem 'virtio-blk.w'.
                      Trying implicit prerequisite 'src/hw/RCS/virtio-blk.w,v'.
                      Trying pattern rule with stem 'virtio-blk.w'.
                      Trying implicit prerequisite 'src/hw/RCS/virtio-blk.w'.
                      Trying pattern rule with stem 'virtio-blk.w'.
                      Trying implicit prerequisite 'src/hw/s.virtio-blk.w'.
                      Trying pattern rule with stem 'virtio-blk.w'.
                      Trying implicit prerequisite 'src/hw/SCCS/s.virtio-blk.w'.
                     Trying pattern rule with stem 'virtio-blk'.
                     Rejecting impossible implicit prerequisite 'src/hw/virtio-blk.w'.
                     No implicit rule found for 'src/hw/virtio-blk.c'.
                     Finished prerequisites of target file 'src/hw/virtio-blk.c'.
                    No need to remake target 'src/hw/virtio-blk.c'.
                    Pruning file 'out/autoconf.h'.
                   Finished prerequisites of target file 'out/src/hw/virtio-blk.o'.
                  Must remake target 'out/src/hw/virtio-blk.o'.
Putting child 0x218eb750 (out/src/hw/virtio-blk.o) PID 5356 on the chain.
Live child 0x218eb750 (out/src/hw/virtio-blk.o) PID 5356 
  Compile checking out/src/hw/virtio-blk.o
Reaping winning child 0x218eb750 PID 5356 
Live child 0x218eb750 (out/src/hw/virtio-blk.o) PID 5357 
Reaping winning child 0x218eb750 PID 5357 
Removing child 0x218eb750 PID 5357 from chain.
                  Successfully remade target file 'out/src/hw/virtio-blk.o'.
                  Considering target file 'out/src/hw/virtio-scsi.o'.
                   File 'out/src/hw/virtio-scsi.o' does not exist.
                   Looking for an implicit rule for 'out/src/hw/virtio-scsi.o'.
                   Trying pattern rule with stem 'src/hw/virtio-scsi'.
                   Trying implicit prerequisite 'src/hw/virtio-scsi.c'.
                   Trying rule prerequisite 'out/autoconf.h'.
                   Found an implicit rule for 'out/src/hw/virtio-scsi.o'.
                    Considering target file 'src/hw/virtio-scsi.c'.
                     Looking for an implicit rule for 'src/hw/virtio-scsi.c'.
                     Trying pattern rule with stem 'virtio-scsi'.
                     Trying implicit prerequisite 'src/hw/virtio-scsi.y'.
                     Trying pattern rule with stem 'virtio-scsi'.
                     Trying implicit prerequisite 'src/hw/virtio-scsi.l'.
                     Trying pattern rule with stem 'virtio-scsi'.
                     Trying implicit prerequisite 'src/hw/virtio-scsi.w'.
                     Trying pattern rule with stem 'virtio-scsi'.
                     Trying implicit prerequisite 'src/hw/virtio-scsi.w'.
                     Trying pattern rule with stem 'virtio-scsi.c'.
                     Trying implicit prerequisite 'src/hw/virtio-scsi.c,v'.
                     Trying pattern rule with stem 'virtio-scsi.c'.
                     Trying implicit prerequisite 'src/hw/RCS/virtio-scsi.c,v'.
                     Trying pattern rule with stem 'virtio-scsi.c'.
                     Trying implicit prerequisite 'src/hw/RCS/virtio-scsi.c'.
                     Trying pattern rule with stem 'virtio-scsi.c'.
                     Trying implicit prerequisite 'src/hw/s.virtio-scsi.c'.
                     Trying pattern rule with stem 'virtio-scsi.c'.
                     Trying implicit prerequisite 'src/hw/SCCS/s.virtio-scsi.c'.
                     Trying pattern rule with stem 'virtio-scsi'.
                     Trying implicit prerequisite 'src/hw/virtio-scsi.y'.
                     Looking for a rule with intermediate file 'src/hw/virtio-scsi.y'.
                      Avoiding implicit rule recursion.
                      Trying pattern rule with stem 'virtio-scsi.y'.
                      Trying implicit prerequisite 'src/hw/virtio-scsi.y,v'.
                      Trying pattern rule with stem 'virtio-scsi.y'.
                      Trying implicit prerequisite 'src/hw/RCS/virtio-scsi.y,v'.
                      Trying pattern rule with stem 'virtio-scsi.y'.
                      Trying implicit prerequisite 'src/hw/RCS/virtio-scsi.y'.
                      Trying pattern rule with stem 'virtio-scsi.y'.
                      Trying implicit prerequisite 'src/hw/s.virtio-scsi.y'.
                      Trying pattern rule with stem 'virtio-scsi.y'.
                      Trying implicit prerequisite 'src/hw/SCCS/s.virtio-scsi.y'.
                     Trying pattern rule with stem 'virtio-scsi'.
                     Trying implicit prerequisite 'src/hw/virtio-scsi.l'.
                     Looking for a rule with intermediate file 'src/hw/virtio-scsi.l'.
                      Avoiding implicit rule recursion.
                      Trying pattern rule with stem 'virtio-scsi.l'.
                      Trying implicit prerequisite 'src/hw/virtio-scsi.l,v'.
                      Trying pattern rule with stem 'virtio-scsi.l'.
                      Trying implicit prerequisite 'src/hw/RCS/virtio-scsi.l,v'.
                      Trying pattern rule with stem 'virtio-scsi.l'.
                      Trying implicit prerequisite 'src/hw/RCS/virtio-scsi.l'.
                      Trying pattern rule with stem 'virtio-scsi.l'.
                      Trying implicit prerequisite 'src/hw/s.virtio-scsi.l'.
                      Trying pattern rule with stem 'virtio-scsi.l'.
                      Trying implicit prerequisite 'src/hw/SCCS/s.virtio-scsi.l'.
                     Trying pattern rule with stem 'virtio-scsi'.
                     Trying implicit prerequisite 'src/hw/virtio-scsi.w'.
                     Looking for a rule with intermediate file 'src/hw/virtio-scsi.w'.
                      Avoiding implicit rule recursion.
                      Trying pattern rule with stem 'virtio-scsi.w'.
                      Trying implicit prerequisite 'src/hw/virtio-scsi.w,v'.
                      Trying pattern rule with stem 'virtio-scsi.w'.
                      Trying implicit prerequisite 'src/hw/RCS/virtio-scsi.w,v'.
                      Trying pattern rule with stem 'virtio-scsi.w'.
                      Trying implicit prerequisite 'src/hw/RCS/virtio-scsi.w'.
                      Trying pattern rule with stem 'virtio-scsi.w'.
                      Trying implicit prerequisite 'src/hw/s.virtio-scsi.w'.
                      Trying pattern rule with stem 'virtio-scsi.w'.
                      Trying implicit prerequisite 'src/hw/SCCS/s.virtio-scsi.w'.
                     Trying pattern rule with stem 'virtio-scsi'.
                     Rejecting impossible implicit prerequisite 'src/hw/virtio-scsi.w'.
                     No implicit rule found for 'src/hw/virtio-scsi.c'.
                     Finished prerequisites of target file 'src/hw/virtio-scsi.c'.
                    No need to remake target 'src/hw/virtio-scsi.c'.
                    Pruning file 'out/autoconf.h'.
                   Finished prerequisites of target file 'out/src/hw/virtio-scsi.o'.
                  Must remake target 'out/src/hw/virtio-scsi.o'.
Putting child 0x218edac0 (out/src/hw/virtio-scsi.o) PID 5360 on the chain.
Live child 0x218edac0 (out/src/hw/virtio-scsi.o) PID 5360 
  Compile checking out/src/hw/virtio-scsi.o
Reaping winning child 0x218edac0 PID 5360 
Live child 0x218edac0 (out/src/hw/virtio-scsi.o) PID 5361 
Reaping winning child 0x218edac0 PID 5361 
Removing child 0x218edac0 PID 5361 from chain.
                  Successfully remade target file 'out/src/hw/virtio-scsi.o'.
                  Considering target file 'out/src/hw/tpm_drivers.o'.
                   File 'out/src/hw/tpm_drivers.o' does not exist.
                   Looking for an implicit rule for 'out/src/hw/tpm_drivers.o'.
                   Trying pattern rule with stem 'src/hw/tpm_drivers'.
                   Trying implicit prerequisite 'src/hw/tpm_drivers.c'.
                   Trying rule prerequisite 'out/autoconf.h'.
                   Found an implicit rule for 'out/src/hw/tpm_drivers.o'.
                    Considering target file 'src/hw/tpm_drivers.c'.
                     Looking for an implicit rule for 'src/hw/tpm_drivers.c'.
                     Trying pattern rule with stem 'tpm_drivers'.
                     Trying implicit prerequisite 'src/hw/tpm_drivers.y'.
                     Trying pattern rule with stem 'tpm_drivers'.
                     Trying implicit prerequisite 'src/hw/tpm_drivers.l'.
                     Trying pattern rule with stem 'tpm_drivers'.
                     Trying implicit prerequisite 'src/hw/tpm_drivers.w'.
                     Trying pattern rule with stem 'tpm_drivers'.
                     Trying implicit prerequisite 'src/hw/tpm_drivers.w'.
                     Trying pattern rule with stem 'tpm_drivers.c'.
                     Trying implicit prerequisite 'src/hw/tpm_drivers.c,v'.
                     Trying pattern rule with stem 'tpm_drivers.c'.
                     Trying implicit prerequisite 'src/hw/RCS/tpm_drivers.c,v'.
                     Trying pattern rule with stem 'tpm_drivers.c'.
                     Trying implicit prerequisite 'src/hw/RCS/tpm_drivers.c'.
                     Trying pattern rule with stem 'tpm_drivers.c'.
                     Trying implicit prerequisite 'src/hw/s.tpm_drivers.c'.
                     Trying pattern rule with stem 'tpm_drivers.c'.
                     Trying implicit prerequisite 'src/hw/SCCS/s.tpm_drivers.c'.
                     Trying pattern rule with stem 'tpm_drivers'.
                     Trying implicit prerequisite 'src/hw/tpm_drivers.y'.
                     Looking for a rule with intermediate file 'src/hw/tpm_drivers.y'.
                      Avoiding implicit rule recursion.
                      Trying pattern rule with stem 'tpm_drivers.y'.
                      Trying implicit prerequisite 'src/hw/tpm_drivers.y,v'.
                      Trying pattern rule with stem 'tpm_drivers.y'.
                      Trying implicit prerequisite 'src/hw/RCS/tpm_drivers.y,v'.
                      Trying pattern rule with stem 'tpm_drivers.y'.
                      Trying implicit prerequisite 'src/hw/RCS/tpm_drivers.y'.
                      Trying pattern rule with stem 'tpm_drivers.y'.
                      Trying implicit prerequisite 'src/hw/s.tpm_drivers.y'.
                      Trying pattern rule with stem 'tpm_drivers.y'.
                      Trying implicit prerequisite 'src/hw/SCCS/s.tpm_drivers.y'.
                     Trying pattern rule with stem 'tpm_drivers'.
                     Trying implicit prerequisite 'src/hw/tpm_drivers.l'.
                     Looking for a rule with intermediate file 'src/hw/tpm_drivers.l'.
                      Avoiding implicit rule recursion.
                      Trying pattern rule with stem 'tpm_drivers.l'.
                      Trying implicit prerequisite 'src/hw/tpm_drivers.l,v'.
                      Trying pattern rule with stem 'tpm_drivers.l'.
                      Trying implicit prerequisite 'src/hw/RCS/tpm_drivers.l,v'.
                      Trying pattern rule with stem 'tpm_drivers.l'.
                      Trying implicit prerequisite 'src/hw/RCS/tpm_drivers.l'.
                      Trying pattern rule with stem 'tpm_drivers.l'.
                      Trying implicit prerequisite 'src/hw/s.tpm_drivers.l'.
                      Trying pattern rule with stem 'tpm_drivers.l'.
                      Trying implicit prerequisite 'src/hw/SCCS/s.tpm_drivers.l'.
                     Trying pattern rule with stem 'tpm_drivers'.
                     Trying implicit prerequisite 'src/hw/tpm_drivers.w'.
                     Looking for a rule with intermediate file 'src/hw/tpm_drivers.w'.
                      Avoiding implicit rule recursion.
                      Trying pattern rule with stem 'tpm_drivers.w'.
                      Trying implicit prerequisite 'src/hw/tpm_drivers.w,v'.
                      Trying pattern rule with stem 'tpm_drivers.w'.
                      Trying implicit prerequisite 'src/hw/RCS/tpm_drivers.w,v'.
                      Trying pattern rule with stem 'tpm_drivers.w'.
                      Trying implicit prerequisite 'src/hw/RCS/tpm_drivers.w'.
                      Trying pattern rule with stem 'tpm_drivers.w'.
                      Trying implicit prerequisite 'src/hw/s.tpm_drivers.w'.
                      Trying pattern rule with stem 'tpm_drivers.w'.
                      Trying implicit prerequisite 'src/hw/SCCS/s.tpm_drivers.w'.
                     Trying pattern rule with stem 'tpm_drivers'.
                     Rejecting impossible implicit prerequisite 'src/hw/tpm_drivers.w'.
                     No implicit rule found for 'src/hw/tpm_drivers.c'.
                     Finished prerequisites of target file 'src/hw/tpm_drivers.c'.
                    No need to remake target 'src/hw/tpm_drivers.c'.
                    Pruning file 'out/autoconf.h'.
                   Finished prerequisites of target file 'out/src/hw/tpm_drivers.o'.
                  Must remake target 'out/src/hw/tpm_drivers.o'.
Putting child 0x218ed0c0 (out/src/hw/tpm_drivers.o) PID 5364 on the chain.
Live child 0x218ed0c0 (out/src/hw/tpm_drivers.o) PID 5364 
  Compile checking out/src/hw/tpm_drivers.o
Reaping winning child 0x218ed0c0 PID 5364 
Live child 0x218ed0c0 (out/src/hw/tpm_drivers.o) PID 5365 
Reaping winning child 0x218ed0c0 PID 5365 
Removing child 0x218ed0c0 PID 5365 from chain.
                  Successfully remade target file 'out/src/hw/tpm_drivers.o'.
                  Considering target file 'out/src/hw/nvme.o'.
                   File 'out/src/hw/nvme.o' does not exist.
                   Looking for an implicit rule for 'out/src/hw/nvme.o'.
                   Trying pattern rule with stem 'src/hw/nvme'.
                   Trying implicit prerequisite 'src/hw/nvme.c'.
                   Trying rule prerequisite 'out/autoconf.h'.
                   Found an implicit rule for 'out/src/hw/nvme.o'.
                    Considering target file 'src/hw/nvme.c'.
                     Looking for an implicit rule for 'src/hw/nvme.c'.
                     Trying pattern rule with stem 'nvme'.
                     Trying implicit prerequisite 'src/hw/nvme.y'.
                     Trying pattern rule with stem 'nvme'.
                     Trying implicit prerequisite 'src/hw/nvme.l'.
                     Trying pattern rule with stem 'nvme'.
                     Trying implicit prerequisite 'src/hw/nvme.w'.
                     Trying pattern rule with stem 'nvme'.
                     Trying implicit prerequisite 'src/hw/nvme.w'.
                     Trying pattern rule with stem 'nvme.c'.
                     Trying implicit prerequisite 'src/hw/nvme.c,v'.
                     Trying pattern rule with stem 'nvme.c'.
                     Trying implicit prerequisite 'src/hw/RCS/nvme.c,v'.
                     Trying pattern rule with stem 'nvme.c'.
                     Trying implicit prerequisite 'src/hw/RCS/nvme.c'.
                     Trying pattern rule with stem 'nvme.c'.
                     Trying implicit prerequisite 'src/hw/s.nvme.c'.
                     Trying pattern rule with stem 'nvme.c'.
                     Trying implicit prerequisite 'src/hw/SCCS/s.nvme.c'.
                     Trying pattern rule with stem 'nvme'.
                     Trying implicit prerequisite 'src/hw/nvme.y'.
                     Looking for a rule with intermediate file 'src/hw/nvme.y'.
                      Avoiding implicit rule recursion.
                      Trying pattern rule with stem 'nvme.y'.
                      Trying implicit prerequisite 'src/hw/nvme.y,v'.
                      Trying pattern rule with stem 'nvme.y'.
                      Trying implicit prerequisite 'src/hw/RCS/nvme.y,v'.
                      Trying pattern rule with stem 'nvme.y'.
                      Trying implicit prerequisite 'src/hw/RCS/nvme.y'.
                      Trying pattern rule with stem 'nvme.y'.
                      Trying implicit prerequisite 'src/hw/s.nvme.y'.
                      Trying pattern rule with stem 'nvme.y'.
                      Trying implicit prerequisite 'src/hw/SCCS/s.nvme.y'.
                     Trying pattern rule with stem 'nvme'.
                     Trying implicit prerequisite 'src/hw/nvme.l'.
                     Looking for a rule with intermediate file 'src/hw/nvme.l'.
                      Avoiding implicit rule recursion.
                      Trying pattern rule with stem 'nvme.l'.
                      Trying implicit prerequisite 'src/hw/nvme.l,v'.
                      Trying pattern rule with stem 'nvme.l'.
                      Trying implicit prerequisite 'src/hw/RCS/nvme.l,v'.
                      Trying pattern rule with stem 'nvme.l'.
                      Trying implicit prerequisite 'src/hw/RCS/nvme.l'.
                      Trying pattern rule with stem 'nvme.l'.
                      Trying implicit prerequisite 'src/hw/s.nvme.l'.
                      Trying pattern rule with stem 'nvme.l'.
                      Trying implicit prerequisite 'src/hw/SCCS/s.nvme.l'.
                     Trying pattern rule with stem 'nvme'.
                     Trying implicit prerequisite 'src/hw/nvme.w'.
                     Looking for a rule with intermediate file 'src/hw/nvme.w'.
                      Avoiding implicit rule recursion.
                      Trying pattern rule with stem 'nvme.w'.
                      Trying implicit prerequisite 'src/hw/nvme.w,v'.
                      Trying pattern rule with stem 'nvme.w'.
                      Trying implicit prerequisite 'src/hw/RCS/nvme.w,v'.
                      Trying pattern rule with stem 'nvme.w'.
                      Trying implicit prerequisite 'src/hw/RCS/nvme.w'.
                      Trying pattern rule with stem 'nvme.w'.
                      Trying implicit prerequisite 'src/hw/s.nvme.w'.
                      Trying pattern rule with stem 'nvme.w'.
                      Trying implicit prerequisite 'src/hw/SCCS/s.nvme.w'.
                     Trying pattern rule with stem 'nvme'.
                     Rejecting impossible implicit prerequisite 'src/hw/nvme.w'.
                     No implicit rule found for 'src/hw/nvme.c'.
                     Finished prerequisites of target file 'src/hw/nvme.c'.
                    No need to remake target 'src/hw/nvme.c'.
                    Pruning file 'out/autoconf.h'.
                   Finished prerequisites of target file 'out/src/hw/nvme.o'.
                  Must remake target 'out/src/hw/nvme.o'.
Putting child 0x218ed740 (out/src/hw/nvme.o) PID 5368 on the chain.
Live child 0x218ed740 (out/src/hw/nvme.o) PID 5368 
  Compile checking out/src/hw/nvme.o
Reaping winning child 0x218ed740 PID 5368 
Live child 0x218ed740 (out/src/hw/nvme.o) PID 5369 
Reaping winning child 0x218ed740 PID 5369 
Removing child 0x218ed740 PID 5369 from chain.
                  Successfully remade target file 'out/src/hw/nvme.o'.
                  Considering target file 'out/src/sha256.o'.
                   File 'out/src/sha256.o' does not exist.
                   Looking for an implicit rule for 'out/src/sha256.o'.
                   Trying pattern rule with stem 'src/sha256'.
                   Trying implicit prerequisite 'src/sha256.c'.
                   Trying rule prerequisite 'out/autoconf.h'.
                   Found an implicit rule for 'out/src/sha256.o'.
                    Considering target file 'src/sha256.c'.
                     Looking for an implicit rule for 'src/sha256.c'.
                     Trying pattern rule with stem 'sha256'.
                     Trying implicit prerequisite 'src/sha256.y'.
                     Trying pattern rule with stem 'sha256'.
                     Trying implicit prerequisite 'src/sha256.l'.
                     Trying pattern rule with stem 'sha256'.
                     Trying implicit prerequisite 'src/sha256.w'.
                     Trying pattern rule with stem 'sha256'.
                     Trying implicit prerequisite 'src/sha256.w'.
                     Trying pattern rule with stem 'sha256.c'.
                     Trying implicit prerequisite 'src/sha256.c,v'.
                     Trying pattern rule with stem 'sha256.c'.
                     Trying implicit prerequisite 'src/RCS/sha256.c,v'.
                     Trying pattern rule with stem 'sha256.c'.
                     Trying implicit prerequisite 'src/RCS/sha256.c'.
                     Trying pattern rule with stem 'sha256.c'.
                     Trying implicit prerequisite 'src/s.sha256.c'.
                     Trying pattern rule with stem 'sha256.c'.
                     Trying implicit prerequisite 'src/SCCS/s.sha256.c'.
                     Trying pattern rule with stem 'sha256'.
                     Trying implicit prerequisite 'src/sha256.y'.
                     Looking for a rule with intermediate file 'src/sha256.y'.
                      Avoiding implicit rule recursion.
                      Trying pattern rule with stem 'sha256.y'.
                      Trying implicit prerequisite 'src/sha256.y,v'.
                      Trying pattern rule with stem 'sha256.y'.
                      Trying implicit prerequisite 'src/RCS/sha256.y,v'.
                      Trying pattern rule with stem 'sha256.y'.
                      Trying implicit prerequisite 'src/RCS/sha256.y'.
                      Trying pattern rule with stem 'sha256.y'.
                      Trying implicit prerequisite 'src/s.sha256.y'.
                      Trying pattern rule with stem 'sha256.y'.
                      Trying implicit prerequisite 'src/SCCS/s.sha256.y'.
                     Trying pattern rule with stem 'sha256'.
                     Trying implicit prerequisite 'src/sha256.l'.
                     Looking for a rule with intermediate file 'src/sha256.l'.
                      Avoiding implicit rule recursion.
                      Trying pattern rule with stem 'sha256.l'.
                      Trying implicit prerequisite 'src/sha256.l,v'.
                      Trying pattern rule with stem 'sha256.l'.
                      Trying implicit prerequisite 'src/RCS/sha256.l,v'.
                      Trying pattern rule with stem 'sha256.l'.
                      Trying implicit prerequisite 'src/RCS/sha256.l'.
                      Trying pattern rule with stem 'sha256.l'.
                      Trying implicit prerequisite 'src/s.sha256.l'.
                      Trying pattern rule with stem 'sha256.l'.
                      Trying implicit prerequisite 'src/SCCS/s.sha256.l'.
                     Trying pattern rule with stem 'sha256'.
                     Trying implicit prerequisite 'src/sha256.w'.
                     Looking for a rule with intermediate file 'src/sha256.w'.
                      Avoiding implicit rule recursion.
                      Trying pattern rule with stem 'sha256.w'.
                      Trying implicit prerequisite 'src/sha256.w,v'.
                      Trying pattern rule with stem 'sha256.w'.
                      Trying implicit prerequisite 'src/RCS/sha256.w,v'.
                      Trying pattern rule with stem 'sha256.w'.
                      Trying implicit prerequisite 'src/RCS/sha256.w'.
                      Trying pattern rule with stem 'sha256.w'.
                      Trying implicit prerequisite 'src/s.sha256.w'.
                      Trying pattern rule with stem 'sha256.w'.
                      Trying implicit prerequisite 'src/SCCS/s.sha256.w'.
                     Trying pattern rule with stem 'sha256'.
                     Rejecting impossible implicit prerequisite 'src/sha256.w'.
                     No implicit rule found for 'src/sha256.c'.
                     Finished prerequisites of target file 'src/sha256.c'.
                    No need to remake target 'src/sha256.c'.
                    Pruning file 'out/autoconf.h'.
                   Finished prerequisites of target file 'out/src/sha256.o'.
                  Must remake target 'out/src/sha256.o'.
Putting child 0x218eecd0 (out/src/sha256.o) PID 5372 on the chain.
Live child 0x218eecd0 (out/src/sha256.o) PID 5372 
  Compile checking out/src/sha256.o
Reaping winning child 0x218eecd0 PID 5372 
Live child 0x218eecd0 (out/src/sha256.o) PID 5373 
Reaping winning child 0x218eecd0 PID 5373 
Removing child 0x218eecd0 PID 5373 from chain.
                  Successfully remade target file 'out/src/sha256.o'.
                  Considering target file 'out/src/sha512.o'.
                   File 'out/src/sha512.o' does not exist.
                   Looking for an implicit rule for 'out/src/sha512.o'.
                   Trying pattern rule with stem 'src/sha512'.
                   Trying implicit prerequisite 'src/sha512.c'.
                   Trying rule prerequisite 'out/autoconf.h'.
                   Found an implicit rule for 'out/src/sha512.o'.
                    Considering target file 'src/sha512.c'.
                     Looking for an implicit rule for 'src/sha512.c'.
                     Trying pattern rule with stem 'sha512'.
                     Trying implicit prerequisite 'src/sha512.y'.
                     Trying pattern rule with stem 'sha512'.
                     Trying implicit prerequisite 'src/sha512.l'.
                     Trying pattern rule with stem 'sha512'.
                     Trying implicit prerequisite 'src/sha512.w'.
                     Trying pattern rule with stem 'sha512'.
                     Trying implicit prerequisite 'src/sha512.w'.
                     Trying pattern rule with stem 'sha512.c'.
                     Trying implicit prerequisite 'src/sha512.c,v'.
                     Trying pattern rule with stem 'sha512.c'.
                     Trying implicit prerequisite 'src/RCS/sha512.c,v'.
                     Trying pattern rule with stem 'sha512.c'.
                     Trying implicit prerequisite 'src/RCS/sha512.c'.
                     Trying pattern rule with stem 'sha512.c'.
                     Trying implicit prerequisite 'src/s.sha512.c'.
                     Trying pattern rule with stem 'sha512.c'.
                     Trying implicit prerequisite 'src/SCCS/s.sha512.c'.
                     Trying pattern rule with stem 'sha512'.
                     Trying implicit prerequisite 'src/sha512.y'.
                     Looking for a rule with intermediate file 'src/sha512.y'.
                      Avoiding implicit rule recursion.
                      Trying pattern rule with stem 'sha512.y'.
                      Trying implicit prerequisite 'src/sha512.y,v'.
                      Trying pattern rule with stem 'sha512.y'.
                      Trying implicit prerequisite 'src/RCS/sha512.y,v'.
                      Trying pattern rule with stem 'sha512.y'.
                      Trying implicit prerequisite 'src/RCS/sha512.y'.
                      Trying pattern rule with stem 'sha512.y'.
                      Trying implicit prerequisite 'src/s.sha512.y'.
                      Trying pattern rule with stem 'sha512.y'.
                      Trying implicit prerequisite 'src/SCCS/s.sha512.y'.
                     Trying pattern rule with stem 'sha512'.
                     Trying implicit prerequisite 'src/sha512.l'.
                     Looking for a rule with intermediate file 'src/sha512.l'.
                      Avoiding implicit rule recursion.
                      Trying pattern rule with stem 'sha512.l'.
                      Trying implicit prerequisite 'src/sha512.l,v'.
                      Trying pattern rule with stem 'sha512.l'.
                      Trying implicit prerequisite 'src/RCS/sha512.l,v'.
                      Trying pattern rule with stem 'sha512.l'.
                      Trying implicit prerequisite 'src/RCS/sha512.l'.
                      Trying pattern rule with stem 'sha512.l'.
                      Trying implicit prerequisite 'src/s.sha512.l'.
                      Trying pattern rule with stem 'sha512.l'.
                      Trying implicit prerequisite 'src/SCCS/s.sha512.l'.
                     Trying pattern rule with stem 'sha512'.
                     Trying implicit prerequisite 'src/sha512.w'.
                     Looking for a rule with intermediate file 'src/sha512.w'.
                      Avoiding implicit rule recursion.
                      Trying pattern rule with stem 'sha512.w'.
                      Trying implicit prerequisite 'src/sha512.w,v'.
                      Trying pattern rule with stem 'sha512.w'.
                      Trying implicit prerequisite 'src/RCS/sha512.w,v'.
                      Trying pattern rule with stem 'sha512.w'.
                      Trying implicit prerequisite 'src/RCS/sha512.w'.
                      Trying pattern rule with stem 'sha512.w'.
                      Trying implicit prerequisite 'src/s.sha512.w'.
                      Trying pattern rule with stem 'sha512.w'.
                      Trying implicit prerequisite 'src/SCCS/s.sha512.w'.
                     Trying pattern rule with stem 'sha512'.
                     Rejecting impossible implicit prerequisite 'src/sha512.w'.
                     No implicit rule found for 'src/sha512.c'.
                     Finished prerequisites of target file 'src/sha512.c'.
                    No need to remake target 'src/sha512.c'.
                    Pruning file 'out/autoconf.h'.
                   Finished prerequisites of target file 'out/src/sha512.o'.
                  Must remake target 'out/src/sha512.o'.
Putting child 0x218f0920 (out/src/sha512.o) PID 5376 on the chain.
Live child 0x218f0920 (out/src/sha512.o) PID 5376 
  Compile checking out/src/sha512.o
Reaping winning child 0x218f0920 PID 5376 
Live child 0x218f0920 (out/src/sha512.o) PID 5377 
Reaping winning child 0x218f0920 PID 5377 
Removing child 0x218f0920 PID 5377 from chain.
                  Successfully remade target file 'out/src/sha512.o'.
                 Finished prerequisites of target file 'out/ccode32flat.o'.
                Must remake target 'out/ccode32flat.o'.
Putting child 0x218f0a80 (out/ccode32flat.o) PID 5380 on the chain.
Live child 0x218f0a80 (out/ccode32flat.o) PID 5380 
  Compiling whole program out/ccode32flat.o
Reaping winning child 0x218f0a80 PID 5380 
Live child 0x218f0a80 (out/ccode32flat.o) PID 5381 
Reaping winning child 0x218f0a80 PID 5381 
Live child 0x218f0a80 (out/ccode32flat.o) PID 5382 
Reaping winning child 0x218f0a80 PID 5382 
Removing child 0x218f0a80 PID 5382 from chain.
                Successfully remade target file 'out/ccode32flat.o'.
                Considering target file 'out/code32seg.o'.
                 File 'out/code32seg.o' does not exist.
                  Pruning file 'out/autoconf.h'.
                  Pruning file 'out/src/string.o'.
                  Pruning file 'out/src/output.o'.
                  Pruning file 'out/src/pcibios.o'.
                  Pruning file 'out/src/apm.o'.
                  Pruning file 'out/src/stacks.o'.
                  Pruning file 'out/src/hw/pci.o'.
                  Pruning file 'out/src/hw/serialio.o'.
                 Finished prerequisites of target file 'out/code32seg.o'.
                Must remake target 'out/code32seg.o'.
Putting child 0x218f0ae0 (out/code32seg.o) PID 5385 on the chain.
Live child 0x218f0ae0 (out/code32seg.o) PID 5385 
  Compiling whole program out/code32seg.o
Reaping winning child 0x218f0ae0 PID 5385 
Live child 0x218f0ae0 (out/code32seg.o) PID 5386 
Reaping winning child 0x218f0ae0 PID 5386 
Live child 0x218f0ae0 (out/code32seg.o) PID 5387 
Reaping winning child 0x218f0ae0 PID 5387 
Removing child 0x218f0ae0 PID 5387 from chain.
                Successfully remade target file 'out/code32seg.o'.
                Considering target file 'out/ccode16.o'.
                 File 'out/ccode16.o' does not exist.
                  Pruning file 'out/autoconf.h'.
                  Pruning file 'out/src/misc.o'.
                  Pruning file 'out/src/stacks.o'.
                  Pruning file 'out/src/output.o'.
                  Pruning file 'out/src/string.o'.
                  Pruning file 'out/src/block.o'.
                  Pruning file 'out/src/cdrom.o'.
                  Pruning file 'out/src/disk.o'.
                  Pruning file 'out/src/mouse.o'.
                  Pruning file 'out/src/kbd.o'.
                  Pruning file 'out/src/system.o'.
                  Pruning file 'out/src/serial.o'.
                  Pruning file 'out/src/sercon.o'.
                  Pruning file 'out/src/clock.o'.
                  Pruning file 'out/src/resume.o'.
                  Pruning file 'out/src/pnpbios.o'.
                  Pruning file 'out/src/vgahooks.o'.
                  Pruning file 'out/src/pcibios.o'.
                  Pruning file 'out/src/apm.o'.
                  Pruning file 'out/src/cp437.o'.
                  Pruning file 'out/src/hw/pci.o'.
                  Pruning file 'out/src/hw/timer.o'.
                  Pruning file 'out/src/hw/rtc.o'.
                  Pruning file 'out/src/hw/dma.o'.
                  Pruning file 'out/src/hw/pic.o'.
                  Pruning file 'out/src/hw/ps2port.o'.
                  Pruning file 'out/src/hw/serialio.o'.
                  Pruning file 'out/src/hw/usb.o'.
                  Pruning file 'out/src/hw/usb-uhci.o'.
                  Pruning file 'out/src/hw/usb-ohci.o'.
                  Pruning file 'out/src/hw/usb-ehci.o'.
                  Pruning file 'out/src/hw/usb-hid.o'.
                  Pruning file 'out/src/hw/usb-msc.o'.
                  Pruning file 'out/src/hw/usb-uas.o'.
                  Pruning file 'out/src/hw/blockcmd.o'.
                  Pruning file 'out/src/hw/floppy.o'.
                  Pruning file 'out/src/hw/ata.o'.
                  Pruning file 'out/src/hw/ramdisk.o'.
                  Pruning file 'out/src/hw/lsi-scsi.o'.
                  Pruning file 'out/src/hw/esp-scsi.o'.
                  Pruning file 'out/src/hw/megasas.o'.
                  Pruning file 'out/src/hw/mpt-scsi.o'.
                 Finished prerequisites of target file 'out/ccode16.o'.
                Must remake target 'out/ccode16.o'.
Putting child 0x218f59d0 (out/ccode16.o) PID 5390 on the chain.
Live child 0x218f59d0 (out/ccode16.o) PID 5390 
  Compiling whole program out/ccode16.o
Reaping winning child 0x218f59d0 PID 5390 
Live child 0x218f59d0 (out/ccode16.o) PID 5391 
Reaping winning child 0x218f59d0 PID 5391 
Live child 0x218f59d0 (out/ccode16.o) PID 5392 
Reaping winning child 0x218f59d0 PID 5392 
Removing child 0x218f59d0 PID 5392 from chain.
                Successfully remade target file 'out/ccode16.o'.
                Considering target file 'out/romlayout.o'.
                 File 'out/romlayout.o' does not exist.
                  Considering target file 'src/romlayout.S'.
                   Looking for an implicit rule for 'src/romlayout.S'.
                   Trying pattern rule with stem 'romlayout.S'.
                   Trying implicit prerequisite 'src/romlayout.S,v'.
                   Trying pattern rule with stem 'romlayout.S'.
                   Trying implicit prerequisite 'src/RCS/romlayout.S,v'.
                   Trying pattern rule with stem 'romlayout.S'.
                   Trying implicit prerequisite 'src/RCS/romlayout.S'.
                   Trying pattern rule with stem 'romlayout.S'.
                   Trying implicit prerequisite 'src/s.romlayout.S'.
                   Trying pattern rule with stem 'romlayout.S'.
                   Trying implicit prerequisite 'src/SCCS/s.romlayout.S'.
                   No implicit rule found for 'src/romlayout.S'.
                   Finished prerequisites of target file 'src/romlayout.S'.
                  No need to remake target 'src/romlayout.S'.
                  Pruning file 'out/autoconf.h'.
                  Considering target file 'out/asm-offsets.h'.
                   File 'out/asm-offsets.h' does not exist.
                    Considering target file 'out/src/asm-offsets.s'.
                     File 'out/src/asm-offsets.s' does not exist.
                     Looking for an implicit rule for 'out/src/asm-offsets.s'.
                     Trying pattern rule with stem 'src/asm-offsets'.
                     Trying implicit prerequisite 'src/asm-offsets.c'.
                     Found an implicit rule for 'out/src/asm-offsets.s'.
                      Considering target file 'src/asm-offsets.c'.
                       Looking for an implicit rule for 'src/asm-offsets.c'.
                       Trying pattern rule with stem 'asm-offsets'.
                       Trying implicit prerequisite 'src/asm-offsets.y'.
                       Trying pattern rule with stem 'asm-offsets'.
                       Trying implicit prerequisite 'src/asm-offsets.l'.
                       Trying pattern rule with stem 'asm-offsets'.
                       Trying implicit prerequisite 'src/asm-offsets.w'.
                       Trying pattern rule with stem 'asm-offsets'.
                       Trying implicit prerequisite 'src/asm-offsets.w'.
                       Trying pattern rule with stem 'asm-offsets.c'.
                       Trying implicit prerequisite 'src/asm-offsets.c,v'.
                       Trying pattern rule with stem 'asm-offsets.c'.
                       Trying implicit prerequisite 'src/RCS/asm-offsets.c,v'.
                       Trying pattern rule with stem 'asm-offsets.c'.
                       Trying implicit prerequisite 'src/RCS/asm-offsets.c'.
                       Trying pattern rule with stem 'asm-offsets.c'.
                       Trying implicit prerequisite 'src/s.asm-offsets.c'.
                       Trying pattern rule with stem 'asm-offsets.c'.
                       Trying implicit prerequisite 'src/SCCS/s.asm-offsets.c'.
                       Trying pattern rule with stem 'asm-offsets'.
                       Trying implicit prerequisite 'src/asm-offsets.y'.
                       Looking for a rule with intermediate file 'src/asm-offsets.y'.
                        Avoiding implicit rule recursion.
                        Trying pattern rule with stem 'asm-offsets.y'.
                        Trying implicit prerequisite 'src/asm-offsets.y,v'.
                        Trying pattern rule with stem 'asm-offsets.y'.
                        Trying implicit prerequisite 'src/RCS/asm-offsets.y,v'.
                        Trying pattern rule with stem 'asm-offsets.y'.
                        Trying implicit prerequisite 'src/RCS/asm-offsets.y'.
                        Trying pattern rule with stem 'asm-offsets.y'.
                        Trying implicit prerequisite 'src/s.asm-offsets.y'.
                        Trying pattern rule with stem 'asm-offsets.y'.
                        Trying implicit prerequisite 'src/SCCS/s.asm-offsets.y'.
                       Trying pattern rule with stem 'asm-offsets'.
                       Trying implicit prerequisite 'src/asm-offsets.l'.
                       Looking for a rule with intermediate file 'src/asm-offsets.l'.
                        Avoiding implicit rule recursion.
                        Trying pattern rule with stem 'asm-offsets.l'.
                        Trying implicit prerequisite 'src/asm-offsets.l,v'.
                        Trying pattern rule with stem 'asm-offsets.l'.
                        Trying implicit prerequisite 'src/RCS/asm-offsets.l,v'.
                        Trying pattern rule with stem 'asm-offsets.l'.
                        Trying implicit prerequisite 'src/RCS/asm-offsets.l'.
                        Trying pattern rule with stem 'asm-offsets.l'.
                        Trying implicit prerequisite 'src/s.asm-offsets.l'.
                        Trying pattern rule with stem 'asm-offsets.l'.
                        Trying implicit prerequisite 'src/SCCS/s.asm-offsets.l'.
                       Trying pattern rule with stem 'asm-offsets'.
                       Trying implicit prerequisite 'src/asm-offsets.w'.
                       Looking for a rule with intermediate file 'src/asm-offsets.w'.
                        Avoiding implicit rule recursion.
                        Trying pattern rule with stem 'asm-offsets.w'.
                        Trying implicit prerequisite 'src/asm-offsets.w,v'.
                        Trying pattern rule with stem 'asm-offsets.w'.
                        Trying implicit prerequisite 'src/RCS/asm-offsets.w,v'.
                        Trying pattern rule with stem 'asm-offsets.w'.
                        Trying implicit prerequisite 'src/RCS/asm-offsets.w'.
                        Trying pattern rule with stem 'asm-offsets.w'.
                        Trying implicit prerequisite 'src/s.asm-offsets.w'.
                        Trying pattern rule with stem 'asm-offsets.w'.
                        Trying implicit prerequisite 'src/SCCS/s.asm-offsets.w'.
                       Trying pattern rule with stem 'asm-offsets'.
                       Rejecting impossible implicit prerequisite 'src/asm-offsets.w'.
                       No implicit rule found for 'src/asm-offsets.c'.
                       Finished prerequisites of target file 'src/asm-offsets.c'.
                      No need to remake target 'src/asm-offsets.c'.
                     Finished prerequisites of target file 'out/src/asm-offsets.s'.
                    Must remake target 'out/src/asm-offsets.s'.
Putting child 0x218f58f0 (out/src/asm-offsets.s) PID 5395 on the chain.
Live child 0x218f58f0 (out/src/asm-offsets.s) PID 5395 
  Compiling to assembler out/src/asm-offsets.s
Reaping winning child 0x218f58f0 PID 5395 
Live child 0x218f58f0 (out/src/asm-offsets.s) PID 5396 
Reaping winning child 0x218f58f0 PID 5396 
Removing child 0x218f58f0 PID 5396 from chain.
                    Successfully remade target file 'out/src/asm-offsets.s'.
                   Finished prerequisites of target file 'out/asm-offsets.h'.
                  Must remake target 'out/asm-offsets.h'.
Putting child 0x218f7ce0 (out/asm-offsets.h) PID 5398 on the chain.
Live child 0x218f7ce0 (out/asm-offsets.h) PID 5398 
  Generating offset file out/asm-offsets.h
Reaping winning child 0x218f7ce0 PID 5398 
Live child 0x218f7ce0 (out/asm-offsets.h) PID 5399 
Reaping winning child 0x218f7ce0 PID 5399 
Removing child 0x218f7ce0 PID 5399 from chain.
                  Successfully remade target file 'out/asm-offsets.h'.
                 Finished prerequisites of target file 'out/romlayout.o'.
                Must remake target 'out/romlayout.o'.
Putting child 0x218f9620 (out/romlayout.o) PID 5403 on the chain.
Live child 0x218f9620 (out/romlayout.o) PID 5403 
  Compiling (16bit) out/romlayout.o
Reaping winning child 0x218f9620 PID 5403 
Live child 0x218f9620 (out/romlayout.o) PID 5404 
Reaping winning child 0x218f9620 PID 5404 
Removing child 0x218f9620 PID 5404 from chain.
                Successfully remade target file 'out/romlayout.o'.
                Considering target file 'src/version.c'.
                 Looking for an implicit rule for 'src/version.c'.
                 Trying pattern rule with stem 'version'.
                 Trying implicit prerequisite 'src/version.y'.
                 Trying pattern rule with stem 'version'.
                 Trying implicit prerequisite 'src/version.l'.
                 Trying pattern rule with stem 'version'.
                 Trying implicit prerequisite 'src/version.w'.
                 Trying pattern rule with stem 'version'.
                 Trying implicit prerequisite 'src/version.w'.
                 Trying pattern rule with stem 'version.c'.
                 Trying implicit prerequisite 'src/version.c,v'.
                 Trying pattern rule with stem 'version.c'.
                 Trying implicit prerequisite 'src/RCS/version.c,v'.
                 Trying pattern rule with stem 'version.c'.
                 Trying implicit prerequisite 'src/RCS/version.c'.
                 Trying pattern rule with stem 'version.c'.
                 Trying implicit prerequisite 'src/s.version.c'.
                 Trying pattern rule with stem 'version.c'.
                 Trying implicit prerequisite 'src/SCCS/s.version.c'.
                 Trying pattern rule with stem 'version'.
                 Trying implicit prerequisite 'src/version.y'.
                 Looking for a rule with intermediate file 'src/version.y'.
                  Avoiding implicit rule recursion.
                  Trying pattern rule with stem 'version.y'.
                  Trying implicit prerequisite 'src/version.y,v'.
                  Trying pattern rule with stem 'version.y'.
                  Trying implicit prerequisite 'src/RCS/version.y,v'.
                  Trying pattern rule with stem 'version.y'.
                  Trying implicit prerequisite 'src/RCS/version.y'.
                  Trying pattern rule with stem 'version.y'.
                  Trying implicit prerequisite 'src/s.version.y'.
                  Trying pattern rule with stem 'version.y'.
                  Trying implicit prerequisite 'src/SCCS/s.version.y'.
                 Trying pattern rule with stem 'version'.
                 Trying implicit prerequisite 'src/version.l'.
                 Looking for a rule with intermediate file 'src/version.l'.
                  Avoiding implicit rule recursion.
                  Trying pattern rule with stem 'version.l'.
                  Trying implicit prerequisite 'src/version.l,v'.
                  Trying pattern rule with stem 'version.l'.
                  Trying implicit prerequisite 'src/RCS/version.l,v'.
                  Trying pattern rule with stem 'version.l'.
                  Trying implicit prerequisite 'src/RCS/version.l'.
                  Trying pattern rule with stem 'version.l'.
                  Trying implicit prerequisite 'src/s.version.l'.
                  Trying pattern rule with stem 'version.l'.
                  Trying implicit prerequisite 'src/SCCS/s.version.l'.
                 Trying pattern rule with stem 'version'.
                 Trying implicit prerequisite 'src/version.w'.
                 Looking for a rule with intermediate file 'src/version.w'.
                  Avoiding implicit rule recursion.
                  Trying pattern rule with stem 'version.w'.
                  Trying implicit prerequisite 'src/version.w,v'.
                  Trying pattern rule with stem 'version.w'.
                  Trying implicit prerequisite 'src/RCS/version.w,v'.
                  Trying pattern rule with stem 'version.w'.
                  Trying implicit prerequisite 'src/RCS/version.w'.
                  Trying pattern rule with stem 'version.w'.
                  Trying implicit prerequisite 'src/s.version.w'.
                  Trying pattern rule with stem 'version.w'.
                  Trying implicit prerequisite 'src/SCCS/s.version.w'.
                 Trying pattern rule with stem 'version'.
                 Rejecting impossible implicit prerequisite 'src/version.w'.
                 No implicit rule found for 'src/version.c'.
                 Finished prerequisites of target file 'src/version.c'.
                No need to remake target 'src/version.c'.
                Considering target file 'scripts/layoutrom.py'.
                 Looking for an implicit rule for 'scripts/layoutrom.py'.
                 Trying pattern rule with stem 'layoutrom.py'.
                 Trying implicit prerequisite 'scripts/layoutrom.py.o'.
                 Trying pattern rule with stem 'layoutrom.py'.
                 Trying implicit prerequisite 'scripts/layoutrom.py.c'.
                 Trying pattern rule with stem 'layoutrom.py'.
                 Trying implicit prerequisite 'scripts/layoutrom.py.cc'.
                 Trying pattern rule with stem 'layoutrom.py'.
                 Trying implicit prerequisite 'scripts/layoutrom.py.C'.
                 Trying pattern rule with stem 'layoutrom.py'.
                 Trying implicit prerequisite 'scripts/layoutrom.py.cpp'.
                 Trying pattern rule with stem 'layoutrom.py'.
                 Trying implicit prerequisite 'scripts/layoutrom.py.p'.
                 Trying pattern rule with stem 'layoutrom.py'.
                 Trying implicit prerequisite 'scripts/layoutrom.py.f'.
                 Trying pattern rule with stem 'layoutrom.py'.
                 Trying implicit prerequisite 'scripts/layoutrom.py.F'.
                 Trying pattern rule with stem 'layoutrom.py'.
                 Trying implicit prerequisite 'scripts/layoutrom.py.m'.
                 Trying pattern rule with stem 'layoutrom.py'.
                 Trying implicit prerequisite 'scripts/layoutrom.py.r'.
                 Trying pattern rule with stem 'layoutrom.py'.
                 Trying implicit prerequisite 'scripts/layoutrom.py.s'.
                 Trying pattern rule with stem 'layoutrom.py'.
                 Trying implicit prerequisite 'scripts/layoutrom.py.S'.
                 Trying pattern rule with stem 'layoutrom.py'.
                 Trying implicit prerequisite 'scripts/layoutrom.py.mod'.
                 Trying pattern rule with stem 'layoutrom.py'.
                 Trying implicit prerequisite 'scripts/layoutrom.py.sh'.
                 Trying pattern rule with stem 'layoutrom.py'.
                 Trying implicit prerequisite 'scripts/layoutrom.py,v'.
                 Trying pattern rule with stem 'layoutrom.py'.
                 Trying implicit prerequisite 'scripts/RCS/layoutrom.py,v'.
                 Trying pattern rule with stem 'layoutrom.py'.
                 Trying implicit prerequisite 'scripts/RCS/layoutrom.py'.
                 Trying pattern rule with stem 'layoutrom.py'.
                 Trying implicit prerequisite 'scripts/s.layoutrom.py'.
                 Trying pattern rule with stem 'layoutrom.py'.
                 Trying implicit prerequisite 'scripts/SCCS/s.layoutrom.py'.
                 Trying pattern rule with stem 'layoutrom.py'.
                 Trying implicit prerequisite 'scripts/layoutrom.py.o'.
                 Looking for a rule with intermediate file 'scripts/layoutrom.py.o'.
                  Avoiding implicit rule recursion.
                  Trying pattern rule with stem 'layoutrom.py'.
                  Trying implicit prerequisite 'scripts/layoutrom.py.c'.
                  Trying pattern rule with stem 'layoutrom.py'.
                  Trying implicit prerequisite 'scripts/layoutrom.py.cc'.
                  Trying pattern rule with stem 'layoutrom.py'.
                  Trying implicit prerequisite 'scripts/layoutrom.py.C'.
                  Trying pattern rule with stem 'layoutrom.py'.
                  Trying implicit prerequisite 'scripts/layoutrom.py.cpp'.
                  Trying pattern rule with stem 'layoutrom.py'.
                  Trying implicit prerequisite 'scripts/layoutrom.py.p'.
                  Trying pattern rule with stem 'layoutrom.py'.
                  Trying implicit prerequisite 'scripts/layoutrom.py.f'.
                  Trying pattern rule with stem 'layoutrom.py'.
                  Trying implicit prerequisite 'scripts/layoutrom.py.F'.
                  Trying pattern rule with stem 'layoutrom.py'.
                  Trying implicit prerequisite 'scripts/layoutrom.py.m'.
                  Trying pattern rule with stem 'layoutrom.py'.
                  Trying implicit prerequisite 'scripts/layoutrom.py.r'.
                  Trying pattern rule with stem 'layoutrom.py'.
                  Trying implicit prerequisite 'scripts/layoutrom.py.s'.
                  Trying pattern rule with stem 'layoutrom.py'.
                  Trying implicit prerequisite 'scripts/layoutrom.py.S'.
                  Trying pattern rule with stem 'layoutrom.py'.
                  Trying implicit prerequisite 'scripts/layoutrom.py.mod'.
                  Trying pattern rule with stem 'layoutrom.py.o'.
                  Trying implicit prerequisite 'scripts/layoutrom.py.o,v'.
                  Trying pattern rule with stem 'layoutrom.py.o'.
                  Trying implicit prerequisite 'scripts/RCS/layoutrom.py.o,v'.
                  Trying pattern rule with stem 'layoutrom.py.o'.
                  Trying implicit prerequisite 'scripts/RCS/layoutrom.py.o'.
                  Trying pattern rule with stem 'layoutrom.py.o'.
                  Trying implicit prerequisite 'scripts/s.layoutrom.py.o'.
                  Trying pattern rule with stem 'layoutrom.py.o'.
                  Trying implicit prerequisite 'scripts/SCCS/s.layoutrom.py.o'.
                  Trying pattern rule with stem 'layoutrom.py'.
                  Trying implicit prerequisite 'scripts/layoutrom.py.c'.
                  Looking for a rule with intermediate file 'scripts/layoutrom.py.c'.
                   Avoiding implicit rule recursion.
                   Avoiding implicit rule recursion.
                   Trying pattern rule with stem 'layoutrom.py'.
                   Trying implicit prerequisite 'scripts/layoutrom.py.y'.
                   Trying pattern rule with stem 'layoutrom.py'.
                   Trying implicit prerequisite 'scripts/layoutrom.py.l'.
                   Trying pattern rule with stem 'layoutrom.py'.
                   Trying implicit prerequisite 'scripts/layoutrom.py.w'.
                   Trying pattern rule with stem 'layoutrom.py'.
                   Trying implicit prerequisite 'scripts/layoutrom.py.w'.
                   Trying pattern rule with stem 'layoutrom.py.c'.
                   Trying implicit prerequisite 'scripts/layoutrom.py.c,v'.
                   Trying pattern rule with stem 'layoutrom.py.c'.
                   Trying implicit prerequisite 'scripts/RCS/layoutrom.py.c,v'.
                   Trying pattern rule with stem 'layoutrom.py.c'.
                   Trying implicit prerequisite 'scripts/RCS/layoutrom.py.c'.
                   Trying pattern rule with stem 'layoutrom.py.c'.
                   Trying implicit prerequisite 'scripts/s.layoutrom.py.c'.
                   Trying pattern rule with stem 'layoutrom.py.c'.
                   Trying implicit prerequisite 'scripts/SCCS/s.layoutrom.py.c'.
                   Trying pattern rule with stem 'layoutrom.py'.
                   Trying implicit prerequisite 'scripts/layoutrom.py.y'.
                   Looking for a rule with intermediate file 'scripts/layoutrom.py.y'.
                    Avoiding implicit rule recursion.
                    Avoiding implicit rule recursion.
                    Avoiding implicit rule recursion.
                    Trying pattern rule with stem 'layoutrom.py.y'.
                    Trying implicit prerequisite 'scripts/layoutrom.py.y,v'.
                    Trying pattern rule with stem 'layoutrom.py.y'.
                    Trying implicit prerequisite 'scripts/RCS/layoutrom.py.y,v'.
                    Trying pattern rule with stem 'layoutrom.py.y'.
                    Trying implicit prerequisite 'scripts/RCS/layoutrom.py.y'.
                    Trying pattern rule with stem 'layoutrom.py.y'.
                    Trying implicit prerequisite 'scripts/s.layoutrom.py.y'.
                    Trying pattern rule with stem 'layoutrom.py.y'.
                    Trying implicit prerequisite 'scripts/SCCS/s.layoutrom.py.y'.
                   Trying pattern rule with stem 'layoutrom.py'.
                   Trying implicit prerequisite 'scripts/layoutrom.py.l'.
                   Looking for a rule with intermediate file 'scripts/layoutrom.py.l'.
                    Avoiding implicit rule recursion.
                    Avoiding implicit rule recursion.
                    Avoiding implicit rule recursion.
                    Trying pattern rule with stem 'layoutrom.py.l'.
                    Trying implicit prerequisite 'scripts/layoutrom.py.l,v'.
                    Trying pattern rule with stem 'layoutrom.py.l'.
                    Trying implicit prerequisite 'scripts/RCS/layoutrom.py.l,v'.
                    Trying pattern rule with stem 'layoutrom.py.l'.
                    Trying implicit prerequisite 'scripts/RCS/layoutrom.py.l'.
                    Trying pattern rule with stem 'layoutrom.py.l'.
                    Trying implicit prerequisite 'scripts/s.layoutrom.py.l'.
                    Trying pattern rule with stem 'layoutrom.py.l'.
                    Trying implicit prerequisite 'scripts/SCCS/s.layoutrom.py.l'.
                   Trying pattern rule with stem 'layoutrom.py'.
                   Trying implicit prerequisite 'scripts/layoutrom.py.w'.
                   Looking for a rule with intermediate file 'scripts/layoutrom.py.w'.
                    Avoiding implicit rule recursion.
                    Avoiding implicit rule recursion.
                    Avoiding implicit rule recursion.
                    Trying pattern rule with stem 'layoutrom.py.w'.
                    Trying implicit prerequisite 'scripts/layoutrom.py.w,v'.
                    Trying pattern rule with stem 'layoutrom.py.w'.
                    Trying implicit prerequisite 'scripts/RCS/layoutrom.py.w,v'.
                    Trying pattern rule with stem 'layoutrom.py.w'.
                    Trying implicit prerequisite 'scripts/RCS/layoutrom.py.w'.
                    Trying pattern rule with stem 'layoutrom.py.w'.
                    Trying implicit prerequisite 'scripts/s.layoutrom.py.w'.
                    Trying pattern rule with stem 'layoutrom.py.w'.
                    Trying implicit prerequisite 'scripts/SCCS/s.layoutrom.py.w'.
                   Trying pattern rule with stem 'layoutrom.py'.
                   Rejecting impossible implicit prerequisite 'scripts/layoutrom.py.w'.
                  Trying pattern rule with stem 'layoutrom.py'.
                  Trying implicit prerequisite 'scripts/layoutrom.py.cc'.
                  Looking for a rule with intermediate file 'scripts/layoutrom.py.cc'.
                   Avoiding implicit rule recursion.
                   Avoiding implicit rule recursion.
                   Trying pattern rule with stem 'layoutrom.py.cc'.
                   Trying implicit prerequisite 'scripts/layoutrom.py.cc,v'.
                   Trying pattern rule with stem 'layoutrom.py.cc'.
                   Trying implicit prerequisite 'scripts/RCS/layoutrom.py.cc,v'.
                   Trying pattern rule with stem 'layoutrom.py.cc'.
                   Trying implicit prerequisite 'scripts/RCS/layoutrom.py.cc'.
                   Trying pattern rule with stem 'layoutrom.py.cc'.
                   Trying implicit prerequisite 'scripts/s.layoutrom.py.cc'.
                   Trying pattern rule with stem 'layoutrom.py.cc'.
                   Trying implicit prerequisite 'scripts/SCCS/s.layoutrom.py.cc'.
                  Trying pattern rule with stem 'layoutrom.py'.
                  Trying implicit prerequisite 'scripts/layoutrom.py.C'.
                  Looking for a rule with intermediate file 'scripts/layoutrom.py.C'.
                   Avoiding implicit rule recursion.
                   Avoiding implicit rule recursion.
                   Trying pattern rule with stem 'layoutrom.py.C'.
                   Trying implicit prerequisite 'scripts/layoutrom.py.C,v'.
                   Trying pattern rule with stem 'layoutrom.py.C'.
                   Trying implicit prerequisite 'scripts/RCS/layoutrom.py.C,v'.
                   Trying pattern rule with stem 'layoutrom.py.C'.
                   Trying implicit prerequisite 'scripts/RCS/layoutrom.py.C'.
                   Trying pattern rule with stem 'layoutrom.py.C'.
                   Trying implicit prerequisite 'scripts/s.layoutrom.py.C'.
                   Trying pattern rule with stem 'layoutrom.py.C'.
                   Trying implicit prerequisite 'scripts/SCCS/s.layoutrom.py.C'.
                  Trying pattern rule with stem 'layoutrom.py'.
                  Trying implicit prerequisite 'scripts/layoutrom.py.cpp'.
                  Looking for a rule with intermediate file 'scripts/layoutrom.py.cpp'.
                   Avoiding implicit rule recursion.
                   Avoiding implicit rule recursion.
                   Trying pattern rule with stem 'layoutrom.py.cpp'.
                   Trying implicit prerequisite 'scripts/layoutrom.py.cpp,v'.
                   Trying pattern rule with stem 'layoutrom.py.cpp'.
                   Trying implicit prerequisite 'scripts/RCS/layoutrom.py.cpp,v'.
                   Trying pattern rule with stem 'layoutrom.py.cpp'.
                   Trying implicit prerequisite 'scripts/RCS/layoutrom.py.cpp'.
                   Trying pattern rule with stem 'layoutrom.py.cpp'.
                   Trying implicit prerequisite 'scripts/s.layoutrom.py.cpp'.
                   Trying pattern rule with stem 'layoutrom.py.cpp'.
                   Trying implicit prerequisite 'scripts/SCCS/s.layoutrom.py.cpp'.
                  Trying pattern rule with stem 'layoutrom.py'.
                  Trying implicit prerequisite 'scripts/layoutrom.py.p'.
                  Looking for a rule with intermediate file 'scripts/layoutrom.py.p'.
                   Avoiding implicit rule recursion.
                   Avoiding implicit rule recursion.
                   Trying pattern rule with stem 'layoutrom.py'.
                   Trying implicit prerequisite 'scripts/layoutrom.py.web'.
                   Trying pattern rule with stem 'layoutrom.py.p'.
                   Trying implicit prerequisite 'scripts/layoutrom.py.p,v'.
                   Trying pattern rule with stem 'layoutrom.py.p'.
                   Trying implicit prerequisite 'scripts/RCS/layoutrom.py.p,v'.
                   Trying pattern rule with stem 'layoutrom.py.p'.
                   Trying implicit prerequisite 'scripts/RCS/layoutrom.py.p'.
                   Trying pattern rule with stem 'layoutrom.py.p'.
                   Trying implicit prerequisite 'scripts/s.layoutrom.py.p'.
                   Trying pattern rule with stem 'layoutrom.py.p'.
                   Trying implicit prerequisite 'scripts/SCCS/s.layoutrom.py.p'.
                   Trying pattern rule with stem 'layoutrom.py'.
                   Trying implicit prerequisite 'scripts/layoutrom.py.web'.
                   Looking for a rule with intermediate file 'scripts/layoutrom.py.web'.
                    Avoiding implicit rule recursion.
                    Avoiding implicit rule recursion.
                    Avoiding implicit rule recursion.
                    Trying pattern rule with stem 'layoutrom.py.web'.
                    Trying implicit prerequisite 'scripts/layoutrom.py.web,v'.
                    Trying pattern rule with stem 'layoutrom.py.web'.
                    Trying implicit prerequisite 'scripts/RCS/layoutrom.py.web,v'.
                    Trying pattern rule with stem 'layoutrom.py.web'.
                    Trying implicit prerequisite 'scripts/RCS/layoutrom.py.web'.
                    Trying pattern rule with stem 'layoutrom.py.web'.
                    Trying implicit prerequisite 'scripts/s.layoutrom.py.web'.
                    Trying pattern rule with stem 'layoutrom.py.web'.
                    Trying implicit prerequisite 'scripts/SCCS/s.layoutrom.py.web'.
                  Trying pattern rule with stem 'layoutrom.py'.
                  Trying implicit prerequisite 'scripts/layoutrom.py.f'.
                  Looking for a rule with intermediate file 'scripts/layoutrom.py.f'.
                   Avoiding implicit rule recursion.
                   Avoiding implicit rule recursion.
                   Trying pattern rule with stem 'layoutrom.py'.
                   Trying implicit prerequisite 'scripts/layoutrom.py.F'.
                   Trying pattern rule with stem 'layoutrom.py'.
                   Trying implicit prerequisite 'scripts/layoutrom.py.r'.
                   Trying pattern rule with stem 'layoutrom.py.f'.
                   Trying implicit prerequisite 'scripts/layoutrom.py.f,v'.
                   Trying pattern rule with stem 'layoutrom.py.f'.
                   Trying implicit prerequisite 'scripts/RCS/layoutrom.py.f,v'.
                   Trying pattern rule with stem 'layoutrom.py.f'.
                   Trying implicit prerequisite 'scripts/RCS/layoutrom.py.f'.
                   Trying pattern rule with stem 'layoutrom.py.f'.
                   Trying implicit prerequisite 'scripts/s.layoutrom.py.f'.
                   Trying pattern rule with stem 'layoutrom.py.f'.
                   Trying implicit prerequisite 'scripts/SCCS/s.layoutrom.py.f'.
                   Trying pattern rule with stem 'layoutrom.py'.
                   Trying implicit prerequisite 'scripts/layoutrom.py.F'.
                   Looking for a rule with intermediate file 'scripts/layoutrom.py.F'.
                    Avoiding implicit rule recursion.
                    Avoiding implicit rule recursion.
                    Avoiding implicit rule recursion.
                    Trying pattern rule with stem 'layoutrom.py.F'.
                    Trying implicit prerequisite 'scripts/layoutrom.py.F,v'.
                    Trying pattern rule with stem 'layoutrom.py.F'.
                    Trying implicit prerequisite 'scripts/RCS/layoutrom.py.F,v'.
                    Trying pattern rule with stem 'layoutrom.py.F'.
                    Trying implicit prerequisite 'scripts/RCS/layoutrom.py.F'.
                    Trying pattern rule with stem 'layoutrom.py.F'.
                    Trying implicit prerequisite 'scripts/s.layoutrom.py.F'.
                    Trying pattern rule with stem 'layoutrom.py.F'.
                    Trying implicit prerequisite 'scripts/SCCS/s.layoutrom.py.F'.
                   Trying pattern rule with stem 'layoutrom.py'.
                   Trying implicit prerequisite 'scripts/layoutrom.py.r'.
                   Looking for a rule with intermediate file 'scripts/layoutrom.py.r'.
                    Avoiding implicit rule recursion.
                    Avoiding implicit rule recursion.
                    Avoiding implicit rule recursion.
                    Trying pattern rule with stem 'layoutrom.py'.
                    Rejecting impossible implicit prerequisite 'scripts/layoutrom.py.l'.
                    Trying pattern rule with stem 'layoutrom.py.r'.
                    Trying implicit prerequisite 'scripts/layoutrom.py.r,v'.
                    Trying pattern rule with stem 'layoutrom.py.r'.
                    Trying implicit prerequisite 'scripts/RCS/layoutrom.py.r,v'.
                    Trying pattern rule with stem 'layoutrom.py.r'.
                    Trying implicit prerequisite 'scripts/RCS/layoutrom.py.r'.
                    Trying pattern rule with stem 'layoutrom.py.r'.
                    Trying implicit prerequisite 'scripts/s.layoutrom.py.r'.
                    Trying pattern rule with stem 'layoutrom.py.r'.
                    Trying implicit prerequisite 'scripts/SCCS/s.layoutrom.py.r'.
                  Trying pattern rule with stem 'layoutrom.py'.
                  Rejecting impossible implicit prerequisite 'scripts/layoutrom.py.F'.
                  Trying pattern rule with stem 'layoutrom.py'.
                  Trying implicit prerequisite 'scripts/layoutrom.py.m'.
                  Looking for a rule with intermediate file 'scripts/layoutrom.py.m'.
                   Avoiding implicit rule recursion.
                   Avoiding implicit rule recursion.
                   Trying pattern rule with stem 'layoutrom.py'.
                   Trying implicit prerequisite 'scripts/layoutrom.py.ym'.
                   Trying pattern rule with stem 'layoutrom.py.m'.
                   Trying implicit prerequisite 'scripts/layoutrom.py.m,v'.
                   Trying pattern rule with stem 'layoutrom.py.m'.
                   Trying implicit prerequisite 'scripts/RCS/layoutrom.py.m,v'.
                   Trying pattern rule with stem 'layoutrom.py.m'.
                   Trying implicit prerequisite 'scripts/RCS/layoutrom.py.m'.
                   Trying pattern rule with stem 'layoutrom.py.m'.
                   Trying implicit prerequisite 'scripts/s.layoutrom.py.m'.
                   Trying pattern rule with stem 'layoutrom.py.m'.
                   Trying implicit prerequisite 'scripts/SCCS/s.layoutrom.py.m'.
                   Trying pattern rule with stem 'layoutrom.py'.
                   Trying implicit prerequisite 'scripts/layoutrom.py.ym'.
                   Looking for a rule with intermediate file 'scripts/layoutrom.py.ym'.
                    Avoiding implicit rule recursion.
                    Avoiding implicit rule recursion.
                    Avoiding implicit rule recursion.
                    Trying pattern rule with stem 'layoutrom.py.ym'.
                    Trying implicit prerequisite 'scripts/layoutrom.py.ym,v'.
                    Trying pattern rule with stem 'layoutrom.py.ym'.
                    Trying implicit prerequisite 'scripts/RCS/layoutrom.py.ym,v'.
                    Trying pattern rule with stem 'layoutrom.py.ym'.
                    Trying implicit prerequisite 'scripts/RCS/layoutrom.py.ym'.
                    Trying pattern rule with stem 'layoutrom.py.ym'.
                    Trying implicit prerequisite 'scripts/s.layoutrom.py.ym'.
                    Trying pattern rule with stem 'layoutrom.py.ym'.
                    Trying implicit prerequisite 'scripts/SCCS/s.layoutrom.py.ym'.
                  Trying pattern rule with stem 'layoutrom.py'.
                  Rejecting impossible implicit prerequisite 'scripts/layoutrom.py.r'.
                  Trying pattern rule with stem 'layoutrom.py'.
                  Trying implicit prerequisite 'scripts/layoutrom.py.s'.
                  Looking for a rule with intermediate file 'scripts/layoutrom.py.s'.
                   Avoiding implicit rule recursion.
                   Avoiding implicit rule recursion.
                   Trying pattern rule with stem 'layoutrom.py'.
                   Trying implicit prerequisite 'scripts/layoutrom.py.S'.
                   Trying pattern rule with stem 'layoutrom.py.s'.
                   Trying implicit prerequisite 'scripts/layoutrom.py.s,v'.
                   Trying pattern rule with stem 'layoutrom.py.s'.
                   Trying implicit prerequisite 'scripts/RCS/layoutrom.py.s,v'.
                   Trying pattern rule with stem 'layoutrom.py.s'.
                   Trying implicit prerequisite 'scripts/RCS/layoutrom.py.s'.
                   Trying pattern rule with stem 'layoutrom.py.s'.
                   Trying implicit prerequisite 'scripts/s.layoutrom.py.s'.
                   Trying pattern rule with stem 'layoutrom.py.s'.
                   Trying implicit prerequisite 'scripts/SCCS/s.layoutrom.py.s'.
                   Trying pattern rule with stem 'layoutrom.py'.
                   Trying implicit prerequisite 'scripts/layoutrom.py.S'.
                   Looking for a rule with intermediate file 'scripts/layoutrom.py.S'.
                    Avoiding implicit rule recursion.
                    Avoiding implicit rule recursion.
                    Avoiding implicit rule recursion.
                    Trying pattern rule with stem 'layoutrom.py.S'.
                    Trying implicit prerequisite 'scripts/layoutrom.py.S,v'.
                    Trying pattern rule with stem 'layoutrom.py.S'.
                    Trying implicit prerequisite 'scripts/RCS/layoutrom.py.S,v'.
                    Trying pattern rule with stem 'layoutrom.py.S'.
                    Trying implicit prerequisite 'scripts/RCS/layoutrom.py.S'.
                    Trying pattern rule with stem 'layoutrom.py.S'.
                    Trying implicit prerequisite 'scripts/s.layoutrom.py.S'.
                    Trying pattern rule with stem 'layoutrom.py.S'.
                    Trying implicit prerequisite 'scripts/SCCS/s.layoutrom.py.S'.
                  Trying pattern rule with stem 'layoutrom.py'.
                  Rejecting impossible implicit prerequisite 'scripts/layoutrom.py.S'.
                  Trying pattern rule with stem 'layoutrom.py'.
                  Trying implicit prerequisite 'scripts/layoutrom.py.mod'.
                  Looking for a rule with intermediate file 'scripts/layoutrom.py.mod'.
                   Avoiding implicit rule recursion.
                   Avoiding implicit rule recursion.
                   Trying pattern rule with stem 'layoutrom.py.mod'.
                   Trying implicit prerequisite 'scripts/layoutrom.py.mod,v'.
                   Trying pattern rule with stem 'layoutrom.py.mod'.
                   Trying implicit prerequisite 'scripts/RCS/layoutrom.py.mod,v'.
                   Trying pattern rule with stem 'layoutrom.py.mod'.
                   Trying implicit prerequisite 'scripts/RCS/layoutrom.py.mod'.
                   Trying pattern rule with stem 'layoutrom.py.mod'.
                   Trying implicit prerequisite 'scripts/s.layoutrom.py.mod'.
                   Trying pattern rule with stem 'layoutrom.py.mod'.
                   Trying implicit prerequisite 'scripts/SCCS/s.layoutrom.py.mod'.
                 Trying pattern rule with stem 'layoutrom.py'.
                 Rejecting impossible implicit prerequisite 'scripts/layoutrom.py.c'.
                 Trying pattern rule with stem 'layoutrom.py'.
                 Rejecting impossible implicit prerequisite 'scripts/layoutrom.py.cc'.
                 Trying pattern rule with stem 'layoutrom.py'.
                 Rejecting impossible implicit prerequisite 'scripts/layoutrom.py.C'.
                 Trying pattern rule with stem 'layoutrom.py'.
                 Rejecting impossible implicit prerequisite 'scripts/layoutrom.py.cpp'.
                 Trying pattern rule with stem 'layoutrom.py'.
                 Rejecting impossible implicit prerequisite 'scripts/layoutrom.py.p'.
                 Trying pattern rule with stem 'layoutrom.py'.
                 Rejecting impossible implicit prerequisite 'scripts/layoutrom.py.f'.
                 Trying pattern rule with stem 'layoutrom.py'.
                 Rejecting impossible implicit prerequisite 'scripts/layoutrom.py.F'.
                 Trying pattern rule with stem 'layoutrom.py'.
                 Rejecting impossible implicit prerequisite 'scripts/layoutrom.py.m'.
                 Trying pattern rule with stem 'layoutrom.py'.
                 Rejecting impossible implicit prerequisite 'scripts/layoutrom.py.r'.
                 Trying pattern rule with stem 'layoutrom.py'.
                 Rejecting impossible implicit prerequisite 'scripts/layoutrom.py.s'.
                 Trying pattern rule with stem 'layoutrom.py'.
                 Rejecting impossible implicit prerequisite 'scripts/layoutrom.py.S'.
                 Trying pattern rule with stem 'layoutrom.py'.
                 Rejecting impossible implicit prerequisite 'scripts/layoutrom.py.mod'.
                 Trying pattern rule with stem 'layoutrom.py'.
                 Trying implicit prerequisite 'scripts/layoutrom.py.sh'.
                 Looking for a rule with intermediate file 'scripts/layoutrom.py.sh'.
                  Avoiding implicit rule recursion.
                  Trying pattern rule with stem 'layoutrom.py.sh'.
                  Trying implicit prerequisite 'scripts/layoutrom.py.sh,v'.
                  Trying pattern rule with stem 'layoutrom.py.sh'.
                  Trying implicit prerequisite 'scripts/RCS/layoutrom.py.sh,v'.
                  Trying pattern rule with stem 'layoutrom.py.sh'.
                  Trying implicit prerequisite 'scripts/RCS/layoutrom.py.sh'.
                  Trying pattern rule with stem 'layoutrom.py.sh'.
                  Trying implicit prerequisite 'scripts/s.layoutrom.py.sh'.
                  Trying pattern rule with stem 'layoutrom.py.sh'.
                  Trying implicit prerequisite 'scripts/SCCS/s.layoutrom.py.sh'.
                 No implicit rule found for 'scripts/layoutrom.py'.
                 Finished prerequisites of target file 'scripts/layoutrom.py'.
                No need to remake target 'scripts/layoutrom.py'.
                Considering target file 'scripts/buildversion.py'.
                 Looking for an implicit rule for 'scripts/buildversion.py'.
                 Trying pattern rule with stem 'buildversion.py'.
                 Trying implicit prerequisite 'scripts/buildversion.py.o'.
                 Trying pattern rule with stem 'buildversion.py'.
                 Trying implicit prerequisite 'scripts/buildversion.py.c'.
                 Trying pattern rule with stem 'buildversion.py'.
                 Trying implicit prerequisite 'scripts/buildversion.py.cc'.
                 Trying pattern rule with stem 'buildversion.py'.
                 Trying implicit prerequisite 'scripts/buildversion.py.C'.
                 Trying pattern rule with stem 'buildversion.py'.
                 Trying implicit prerequisite 'scripts/buildversion.py.cpp'.
                 Trying pattern rule with stem 'buildversion.py'.
                 Trying implicit prerequisite 'scripts/buildversion.py.p'.
                 Trying pattern rule with stem 'buildversion.py'.
                 Trying implicit prerequisite 'scripts/buildversion.py.f'.
                 Trying pattern rule with stem 'buildversion.py'.
                 Trying implicit prerequisite 'scripts/buildversion.py.F'.
                 Trying pattern rule with stem 'buildversion.py'.
                 Trying implicit prerequisite 'scripts/buildversion.py.m'.
                 Trying pattern rule with stem 'buildversion.py'.
                 Trying implicit prerequisite 'scripts/buildversion.py.r'.
                 Trying pattern rule with stem 'buildversion.py'.
                 Trying implicit prerequisite 'scripts/buildversion.py.s'.
                 Trying pattern rule with stem 'buildversion.py'.
                 Trying implicit prerequisite 'scripts/buildversion.py.S'.
                 Trying pattern rule with stem 'buildversion.py'.
                 Trying implicit prerequisite 'scripts/buildversion.py.mod'.
                 Trying pattern rule with stem 'buildversion.py'.
                 Trying implicit prerequisite 'scripts/buildversion.py.sh'.
                 Trying pattern rule with stem 'buildversion.py'.
                 Trying implicit prerequisite 'scripts/buildversion.py,v'.
                 Trying pattern rule with stem 'buildversion.py'.
                 Trying implicit prerequisite 'scripts/RCS/buildversion.py,v'.
                 Trying pattern rule with stem 'buildversion.py'.
                 Trying implicit prerequisite 'scripts/RCS/buildversion.py'.
                 Trying pattern rule with stem 'buildversion.py'.
                 Trying implicit prerequisite 'scripts/s.buildversion.py'.
                 Trying pattern rule with stem 'buildversion.py'.
                 Trying implicit prerequisite 'scripts/SCCS/s.buildversion.py'.
                 Trying pattern rule with stem 'buildversion.py'.
                 Trying implicit prerequisite 'scripts/buildversion.py.o'.
                 Looking for a rule with intermediate file 'scripts/buildversion.py.o'.
                  Avoiding implicit rule recursion.
                  Trying pattern rule with stem 'buildversion.py'.
                  Trying implicit prerequisite 'scripts/buildversion.py.c'.
                  Trying pattern rule with stem 'buildversion.py'.
                  Trying implicit prerequisite 'scripts/buildversion.py.cc'.
                  Trying pattern rule with stem 'buildversion.py'.
                  Trying implicit prerequisite 'scripts/buildversion.py.C'.
                  Trying pattern rule with stem 'buildversion.py'.
                  Trying implicit prerequisite 'scripts/buildversion.py.cpp'.
                  Trying pattern rule with stem 'buildversion.py'.
                  Trying implicit prerequisite 'scripts/buildversion.py.p'.
                  Trying pattern rule with stem 'buildversion.py'.
                  Trying implicit prerequisite 'scripts/buildversion.py.f'.
                  Trying pattern rule with stem 'buildversion.py'.
                  Trying implicit prerequisite 'scripts/buildversion.py.F'.
                  Trying pattern rule with stem 'buildversion.py'.
                  Trying implicit prerequisite 'scripts/buildversion.py.m'.
                  Trying pattern rule with stem 'buildversion.py'.
                  Trying implicit prerequisite 'scripts/buildversion.py.r'.
                  Trying pattern rule with stem 'buildversion.py'.
                  Trying implicit prerequisite 'scripts/buildversion.py.s'.
                  Trying pattern rule with stem 'buildversion.py'.
                  Trying implicit prerequisite 'scripts/buildversion.py.S'.
                  Trying pattern rule with stem 'buildversion.py'.
                  Trying implicit prerequisite 'scripts/buildversion.py.mod'.
                  Trying pattern rule with stem 'buildversion.py.o'.
                  Trying implicit prerequisite 'scripts/buildversion.py.o,v'.
                  Trying pattern rule with stem 'buildversion.py.o'.
                  Trying implicit prerequisite 'scripts/RCS/buildversion.py.o,v'.
                  Trying pattern rule with stem 'buildversion.py.o'.
                  Trying implicit prerequisite 'scripts/RCS/buildversion.py.o'.
                  Trying pattern rule with stem 'buildversion.py.o'.
                  Trying implicit prerequisite 'scripts/s.buildversion.py.o'.
                  Trying pattern rule with stem 'buildversion.py.o'.
                  Trying implicit prerequisite 'scripts/SCCS/s.buildversion.py.o'.
                  Trying pattern rule with stem 'buildversion.py'.
                  Trying implicit prerequisite 'scripts/buildversion.py.c'.
                  Looking for a rule with intermediate file 'scripts/buildversion.py.c'.
                   Avoiding implicit rule recursion.
                   Avoiding implicit rule recursion.
                   Trying pattern rule with stem 'buildversion.py'.
                   Trying implicit prerequisite 'scripts/buildversion.py.y'.
                   Trying pattern rule with stem 'buildversion.py'.
                   Trying implicit prerequisite 'scripts/buildversion.py.l'.
                   Trying pattern rule with stem 'buildversion.py'.
                   Trying implicit prerequisite 'scripts/buildversion.py.w'.
                   Trying pattern rule with stem 'buildversion.py'.
                   Trying implicit prerequisite 'scripts/buildversion.py.w'.
                   Trying pattern rule with stem 'buildversion.py.c'.
                   Trying implicit prerequisite 'scripts/buildversion.py.c,v'.
                   Trying pattern rule with stem 'buildversion.py.c'.
                   Trying implicit prerequisite 'scripts/RCS/buildversion.py.c,v'.
                   Trying pattern rule with stem 'buildversion.py.c'.
                   Trying implicit prerequisite 'scripts/RCS/buildversion.py.c'.
                   Trying pattern rule with stem 'buildversion.py.c'.
                   Trying implicit prerequisite 'scripts/s.buildversion.py.c'.
                   Trying pattern rule with stem 'buildversion.py.c'.
                   Trying implicit prerequisite 'scripts/SCCS/s.buildversion.py.c'.
                   Trying pattern rule with stem 'buildversion.py'.
                   Trying implicit prerequisite 'scripts/buildversion.py.y'.
                   Looking for a rule with intermediate file 'scripts/buildversion.py.y'.
                    Avoiding implicit rule recursion.
                    Avoiding implicit rule recursion.
                    Avoiding implicit rule recursion.
                    Trying pattern rule with stem 'buildversion.py.y'.
                    Trying implicit prerequisite 'scripts/buildversion.py.y,v'.
                    Trying pattern rule with stem 'buildversion.py.y'.
                    Trying implicit prerequisite 'scripts/RCS/buildversion.py.y,v'.
                    Trying pattern rule with stem 'buildversion.py.y'.
                    Trying implicit prerequisite 'scripts/RCS/buildversion.py.y'.
                    Trying pattern rule with stem 'buildversion.py.y'.
                    Trying implicit prerequisite 'scripts/s.buildversion.py.y'.
                    Trying pattern rule with stem 'buildversion.py.y'.
                    Trying implicit prerequisite 'scripts/SCCS/s.buildversion.py.y'.
                   Trying pattern rule with stem 'buildversion.py'.
                   Trying implicit prerequisite 'scripts/buildversion.py.l'.
                   Looking for a rule with intermediate file 'scripts/buildversion.py.l'.
                    Avoiding implicit rule recursion.
                    Avoiding implicit rule recursion.
                    Avoiding implicit rule recursion.
                    Trying pattern rule with stem 'buildversion.py.l'.
                    Trying implicit prerequisite 'scripts/buildversion.py.l,v'.
                    Trying pattern rule with stem 'buildversion.py.l'.
                    Trying implicit prerequisite 'scripts/RCS/buildversion.py.l,v'.
                    Trying pattern rule with stem 'buildversion.py.l'.
                    Trying implicit prerequisite 'scripts/RCS/buildversion.py.l'.
                    Trying pattern rule with stem 'buildversion.py.l'.
                    Trying implicit prerequisite 'scripts/s.buildversion.py.l'.
                    Trying pattern rule with stem 'buildversion.py.l'.
                    Trying implicit prerequisite 'scripts/SCCS/s.buildversion.py.l'.
                   Trying pattern rule with stem 'buildversion.py'.
                   Trying implicit prerequisite 'scripts/buildversion.py.w'.
                   Looking for a rule with intermediate file 'scripts/buildversion.py.w'.
                    Avoiding implicit rule recursion.
                    Avoiding implicit rule recursion.
                    Avoiding implicit rule recursion.
                    Trying pattern rule with stem 'buildversion.py.w'.
                    Trying implicit prerequisite 'scripts/buildversion.py.w,v'.
                    Trying pattern rule with stem 'buildversion.py.w'.
                    Trying implicit prerequisite 'scripts/RCS/buildversion.py.w,v'.
                    Trying pattern rule with stem 'buildversion.py.w'.
                    Trying implicit prerequisite 'scripts/RCS/buildversion.py.w'.
                    Trying pattern rule with stem 'buildversion.py.w'.
                    Trying implicit prerequisite 'scripts/s.buildversion.py.w'.
                    Trying pattern rule with stem 'buildversion.py.w'.
                    Trying implicit prerequisite 'scripts/SCCS/s.buildversion.py.w'.
                   Trying pattern rule with stem 'buildversion.py'.
                   Rejecting impossible implicit prerequisite 'scripts/buildversion.py.w'.
                  Trying pattern rule with stem 'buildversion.py'.
                  Trying implicit prerequisite 'scripts/buildversion.py.cc'.
                  Looking for a rule with intermediate file 'scripts/buildversion.py.cc'.
                   Avoiding implicit rule recursion.
                   Avoiding implicit rule recursion.
                   Trying pattern rule with stem 'buildversion.py.cc'.
                   Trying implicit prerequisite 'scripts/buildversion.py.cc,v'.
                   Trying pattern rule with stem 'buildversion.py.cc'.
                   Trying implicit prerequisite 'scripts/RCS/buildversion.py.cc,v'.
                   Trying pattern rule with stem 'buildversion.py.cc'.
                   Trying implicit prerequisite 'scripts/RCS/buildversion.py.cc'.
                   Trying pattern rule with stem 'buildversion.py.cc'.
                   Trying implicit prerequisite 'scripts/s.buildversion.py.cc'.
                   Trying pattern rule with stem 'buildversion.py.cc'.
                   Trying implicit prerequisite 'scripts/SCCS/s.buildversion.py.cc'.
                  Trying pattern rule with stem 'buildversion.py'.
                  Trying implicit prerequisite 'scripts/buildversion.py.C'.
                  Looking for a rule with intermediate file 'scripts/buildversion.py.C'.
                   Avoiding implicit rule recursion.
                   Avoiding implicit rule recursion.
                   Trying pattern rule with stem 'buildversion.py.C'.
                   Trying implicit prerequisite 'scripts/buildversion.py.C,v'.
                   Trying pattern rule with stem 'buildversion.py.C'.
                   Trying implicit prerequisite 'scripts/RCS/buildversion.py.C,v'.
                   Trying pattern rule with stem 'buildversion.py.C'.
                   Trying implicit prerequisite 'scripts/RCS/buildversion.py.C'.
                   Trying pattern rule with stem 'buildversion.py.C'.
                   Trying implicit prerequisite 'scripts/s.buildversion.py.C'.
                   Trying pattern rule with stem 'buildversion.py.C'.
                   Trying implicit prerequisite 'scripts/SCCS/s.buildversion.py.C'.
                  Trying pattern rule with stem 'buildversion.py'.
                  Trying implicit prerequisite 'scripts/buildversion.py.cpp'.
                  Looking for a rule with intermediate file 'scripts/buildversion.py.cpp'.
                   Avoiding implicit rule recursion.
                   Avoiding implicit rule recursion.
                   Trying pattern rule with stem 'buildversion.py.cpp'.
                   Trying implicit prerequisite 'scripts/buildversion.py.cpp,v'.
                   Trying pattern rule with stem 'buildversion.py.cpp'.
                   Trying implicit prerequisite 'scripts/RCS/buildversion.py.cpp,v'.
                   Trying pattern rule with stem 'buildversion.py.cpp'.
                   Trying implicit prerequisite 'scripts/RCS/buildversion.py.cpp'.
                   Trying pattern rule with stem 'buildversion.py.cpp'.
                   Trying implicit prerequisite 'scripts/s.buildversion.py.cpp'.
                   Trying pattern rule with stem 'buildversion.py.cpp'.
                   Trying implicit prerequisite 'scripts/SCCS/s.buildversion.py.cpp'.
                  Trying pattern rule with stem 'buildversion.py'.
                  Trying implicit prerequisite 'scripts/buildversion.py.p'.
                  Looking for a rule with intermediate file 'scripts/buildversion.py.p'.
                   Avoiding implicit rule recursion.
                   Avoiding implicit rule recursion.
                   Trying pattern rule with stem 'buildversion.py'.
                   Trying implicit prerequisite 'scripts/buildversion.py.web'.
                   Trying pattern rule with stem 'buildversion.py.p'.
                   Trying implicit prerequisite 'scripts/buildversion.py.p,v'.
                   Trying pattern rule with stem 'buildversion.py.p'.
                   Trying implicit prerequisite 'scripts/RCS/buildversion.py.p,v'.
                   Trying pattern rule with stem 'buildversion.py.p'.
                   Trying implicit prerequisite 'scripts/RCS/buildversion.py.p'.
                   Trying pattern rule with stem 'buildversion.py.p'.
                   Trying implicit prerequisite 'scripts/s.buildversion.py.p'.
                   Trying pattern rule with stem 'buildversion.py.p'.
                   Trying implicit prerequisite 'scripts/SCCS/s.buildversion.py.p'.
                   Trying pattern rule with stem 'buildversion.py'.
                   Trying implicit prerequisite 'scripts/buildversion.py.web'.
                   Looking for a rule with intermediate file 'scripts/buildversion.py.web'.
                    Avoiding implicit rule recursion.
                    Avoiding implicit rule recursion.
                    Avoiding implicit rule recursion.
                    Trying pattern rule with stem 'buildversion.py.web'.
                    Trying implicit prerequisite 'scripts/buildversion.py.web,v'.
                    Trying pattern rule with stem 'buildversion.py.web'.
                    Trying implicit prerequisite 'scripts/RCS/buildversion.py.web,v'.
                    Trying pattern rule with stem 'buildversion.py.web'.
                    Trying implicit prerequisite 'scripts/RCS/buildversion.py.web'.
                    Trying pattern rule with stem 'buildversion.py.web'.
                    Trying implicit prerequisite 'scripts/s.buildversion.py.web'.
                    Trying pattern rule with stem 'buildversion.py.web'.
                    Trying implicit prerequisite 'scripts/SCCS/s.buildversion.py.web'.
                  Trying pattern rule with stem 'buildversion.py'.
                  Trying implicit prerequisite 'scripts/buildversion.py.f'.
                  Looking for a rule with intermediate file 'scripts/buildversion.py.f'.
                   Avoiding implicit rule recursion.
                   Avoiding implicit rule recursion.
                   Trying pattern rule with stem 'buildversion.py'.
                   Trying implicit prerequisite 'scripts/buildversion.py.F'.
                   Trying pattern rule with stem 'buildversion.py'.
                   Trying implicit prerequisite 'scripts/buildversion.py.r'.
                   Trying pattern rule with stem 'buildversion.py.f'.
                   Trying implicit prerequisite 'scripts/buildversion.py.f,v'.
                   Trying pattern rule with stem 'buildversion.py.f'.
                   Trying implicit prerequisite 'scripts/RCS/buildversion.py.f,v'.
                   Trying pattern rule with stem 'buildversion.py.f'.
                   Trying implicit prerequisite 'scripts/RCS/buildversion.py.f'.
                   Trying pattern rule with stem 'buildversion.py.f'.
                   Trying implicit prerequisite 'scripts/s.buildversion.py.f'.
                   Trying pattern rule with stem 'buildversion.py.f'.
                   Trying implicit prerequisite 'scripts/SCCS/s.buildversion.py.f'.
                   Trying pattern rule with stem 'buildversion.py'.
                   Trying implicit prerequisite 'scripts/buildversion.py.F'.
                   Looking for a rule with intermediate file 'scripts/buildversion.py.F'.
                    Avoiding implicit rule recursion.
                    Avoiding implicit rule recursion.
                    Avoiding implicit rule recursion.
                    Trying pattern rule with stem 'buildversion.py.F'.
                    Trying implicit prerequisite 'scripts/buildversion.py.F,v'.
                    Trying pattern rule with stem 'buildversion.py.F'.
                    Trying implicit prerequisite 'scripts/RCS/buildversion.py.F,v'.
                    Trying pattern rule with stem 'buildversion.py.F'.
                    Trying implicit prerequisite 'scripts/RCS/buildversion.py.F'.
                    Trying pattern rule with stem 'buildversion.py.F'.
                    Trying implicit prerequisite 'scripts/s.buildversion.py.F'.
                    Trying pattern rule with stem 'buildversion.py.F'.
                    Trying implicit prerequisite 'scripts/SCCS/s.buildversion.py.F'.
                   Trying pattern rule with stem 'buildversion.py'.
                   Trying implicit prerequisite 'scripts/buildversion.py.r'.
                   Looking for a rule with intermediate file 'scripts/buildversion.py.r'.
                    Avoiding implicit rule recursion.
                    Avoiding implicit rule recursion.
                    Avoiding implicit rule recursion.
                    Trying pattern rule with stem 'buildversion.py'.
                    Rejecting impossible implicit prerequisite 'scripts/buildversion.py.l'.
                    Trying pattern rule with stem 'buildversion.py.r'.
                    Trying implicit prerequisite 'scripts/buildversion.py.r,v'.
                    Trying pattern rule with stem 'buildversion.py.r'.
                    Trying implicit prerequisite 'scripts/RCS/buildversion.py.r,v'.
                    Trying pattern rule with stem 'buildversion.py.r'.
                    Trying implicit prerequisite 'scripts/RCS/buildversion.py.r'.
                    Trying pattern rule with stem 'buildversion.py.r'.
                    Trying implicit prerequisite 'scripts/s.buildversion.py.r'.
                    Trying pattern rule with stem 'buildversion.py.r'.
                    Trying implicit prerequisite 'scripts/SCCS/s.buildversion.py.r'.
                  Trying pattern rule with stem 'buildversion.py'.
                  Rejecting impossible implicit prerequisite 'scripts/buildversion.py.F'.
                  Trying pattern rule with stem 'buildversion.py'.
                  Trying implicit prerequisite 'scripts/buildversion.py.m'.
                  Looking for a rule with intermediate file 'scripts/buildversion.py.m'.
                   Avoiding implicit rule recursion.
                   Avoiding implicit rule recursion.
                   Trying pattern rule with stem 'buildversion.py'.
                   Trying implicit prerequisite 'scripts/buildversion.py.ym'.
                   Trying pattern rule with stem 'buildversion.py.m'.
                   Trying implicit prerequisite 'scripts/buildversion.py.m,v'.
                   Trying pattern rule with stem 'buildversion.py.m'.
                   Trying implicit prerequisite 'scripts/RCS/buildversion.py.m,v'.
                   Trying pattern rule with stem 'buildversion.py.m'.
                   Trying implicit prerequisite 'scripts/RCS/buildversion.py.m'.
                   Trying pattern rule with stem 'buildversion.py.m'.
                   Trying implicit prerequisite 'scripts/s.buildversion.py.m'.
                   Trying pattern rule with stem 'buildversion.py.m'.
                   Trying implicit prerequisite 'scripts/SCCS/s.buildversion.py.m'.
                   Trying pattern rule with stem 'buildversion.py'.
                   Trying implicit prerequisite 'scripts/buildversion.py.ym'.
                   Looking for a rule with intermediate file 'scripts/buildversion.py.ym'.
                    Avoiding implicit rule recursion.
                    Avoiding implicit rule recursion.
                    Avoiding implicit rule recursion.
                    Trying pattern rule with stem 'buildversion.py.ym'.
                    Trying implicit prerequisite 'scripts/buildversion.py.ym,v'.
                    Trying pattern rule with stem 'buildversion.py.ym'.
                    Trying implicit prerequisite 'scripts/RCS/buildversion.py.ym,v'.
                    Trying pattern rule with stem 'buildversion.py.ym'.
                    Trying implicit prerequisite 'scripts/RCS/buildversion.py.ym'.
                    Trying pattern rule with stem 'buildversion.py.ym'.
                    Trying implicit prerequisite 'scripts/s.buildversion.py.ym'.
                    Trying pattern rule with stem 'buildversion.py.ym'.
                    Trying implicit prerequisite 'scripts/SCCS/s.buildversion.py.ym'.
                  Trying pattern rule with stem 'buildversion.py'.
                  Rejecting impossible implicit prerequisite 'scripts/buildversion.py.r'.
                  Trying pattern rule with stem 'buildversion.py'.
                  Trying implicit prerequisite 'scripts/buildversion.py.s'.
                  Looking for a rule with intermediate file 'scripts/buildversion.py.s'.
                   Avoiding implicit rule recursion.
                   Avoiding implicit rule recursion.
                   Trying pattern rule with stem 'buildversion.py'.
                   Trying implicit prerequisite 'scripts/buildversion.py.S'.
                   Trying pattern rule with stem 'buildversion.py.s'.
                   Trying implicit prerequisite 'scripts/buildversion.py.s,v'.
                   Trying pattern rule with stem 'buildversion.py.s'.
                   Trying implicit prerequisite 'scripts/RCS/buildversion.py.s,v'.
                   Trying pattern rule with stem 'buildversion.py.s'.
                   Trying implicit prerequisite 'scripts/RCS/buildversion.py.s'.
                   Trying pattern rule with stem 'buildversion.py.s'.
                   Trying implicit prerequisite 'scripts/s.buildversion.py.s'.
                   Trying pattern rule with stem 'buildversion.py.s'.
                   Trying implicit prerequisite 'scripts/SCCS/s.buildversion.py.s'.
                   Trying pattern rule with stem 'buildversion.py'.
                   Trying implicit prerequisite 'scripts/buildversion.py.S'.
                   Looking for a rule with intermediate file 'scripts/buildversion.py.S'.
                    Avoiding implicit rule recursion.
                    Avoiding implicit rule recursion.
                    Avoiding implicit rule recursion.
                    Trying pattern rule with stem 'buildversion.py.S'.
                    Trying implicit prerequisite 'scripts/buildversion.py.S,v'.
                    Trying pattern rule with stem 'buildversion.py.S'.
                    Trying implicit prerequisite 'scripts/RCS/buildversion.py.S,v'.
                    Trying pattern rule with stem 'buildversion.py.S'.
                    Trying implicit prerequisite 'scripts/RCS/buildversion.py.S'.
                    Trying pattern rule with stem 'buildversion.py.S'.
                    Trying implicit prerequisite 'scripts/s.buildversion.py.S'.
                    Trying pattern rule with stem 'buildversion.py.S'.
                    Trying implicit prerequisite 'scripts/SCCS/s.buildversion.py.S'.
                  Trying pattern rule with stem 'buildversion.py'.
                  Rejecting impossible implicit prerequisite 'scripts/buildversion.py.S'.
                  Trying pattern rule with stem 'buildversion.py'.
                  Trying implicit prerequisite 'scripts/buildversion.py.mod'.
                  Looking for a rule with intermediate file 'scripts/buildversion.py.mod'.
                   Avoiding implicit rule recursion.
                   Avoiding implicit rule recursion.
                   Trying pattern rule with stem 'buildversion.py.mod'.
                   Trying implicit prerequisite 'scripts/buildversion.py.mod,v'.
                   Trying pattern rule with stem 'buildversion.py.mod'.
                   Trying implicit prerequisite 'scripts/RCS/buildversion.py.mod,v'.
                   Trying pattern rule with stem 'buildversion.py.mod'.
                   Trying implicit prerequisite 'scripts/RCS/buildversion.py.mod'.
                   Trying pattern rule with stem 'buildversion.py.mod'.
                   Trying implicit prerequisite 'scripts/s.buildversion.py.mod'.
                   Trying pattern rule with stem 'buildversion.py.mod'.
                   Trying implicit prerequisite 'scripts/SCCS/s.buildversion.py.mod'.
                 Trying pattern rule with stem 'buildversion.py'.
                 Rejecting impossible implicit prerequisite 'scripts/buildversion.py.c'.
                 Trying pattern rule with stem 'buildversion.py'.
                 Rejecting impossible implicit prerequisite 'scripts/buildversion.py.cc'.
                 Trying pattern rule with stem 'buildversion.py'.
                 Rejecting impossible implicit prerequisite 'scripts/buildversion.py.C'.
                 Trying pattern rule with stem 'buildversion.py'.
                 Rejecting impossible implicit prerequisite 'scripts/buildversion.py.cpp'.
                 Trying pattern rule with stem 'buildversion.py'.
                 Rejecting impossible implicit prerequisite 'scripts/buildversion.py.p'.
                 Trying pattern rule with stem 'buildversion.py'.
                 Rejecting impossible implicit prerequisite 'scripts/buildversion.py.f'.
                 Trying pattern rule with stem 'buildversion.py'.
                 Rejecting impossible implicit prerequisite 'scripts/buildversion.py.F'.
                 Trying pattern rule with stem 'buildversion.py'.
                 Rejecting impossible implicit prerequisite 'scripts/buildversion.py.m'.
                 Trying pattern rule with stem 'buildversion.py'.
                 Rejecting impossible implicit prerequisite 'scripts/buildversion.py.r'.
                 Trying pattern rule with stem 'buildversion.py'.
                 Rejecting impossible implicit prerequisite 'scripts/buildversion.py.s'.
                 Trying pattern rule with stem 'buildversion.py'.
                 Rejecting impossible implicit prerequisite 'scripts/buildversion.py.S'.
                 Trying pattern rule with stem 'buildversion.py'.
                 Rejecting impossible implicit prerequisite 'scripts/buildversion.py.mod'.
                 Trying pattern rule with stem 'buildversion.py'.
                 Trying implicit prerequisite 'scripts/buildversion.py.sh'.
                 Looking for a rule with intermediate file 'scripts/buildversion.py.sh'.
                  Avoiding implicit rule recursion.
                  Trying pattern rule with stem 'buildversion.py.sh'.
                  Trying implicit prerequisite 'scripts/buildversion.py.sh,v'.
                  Trying pattern rule with stem 'buildversion.py.sh'.
                  Trying implicit prerequisite 'scripts/RCS/buildversion.py.sh,v'.
                  Trying pattern rule with stem 'buildversion.py.sh'.
                  Trying implicit prerequisite 'scripts/RCS/buildversion.py.sh'.
                  Trying pattern rule with stem 'buildversion.py.sh'.
                  Trying implicit prerequisite 'scripts/s.buildversion.py.sh'.
                  Trying pattern rule with stem 'buildversion.py.sh'.
                  Trying implicit prerequisite 'scripts/SCCS/s.buildversion.py.sh'.
                 No implicit rule found for 'scripts/buildversion.py'.
                 Finished prerequisites of target file 'scripts/buildversion.py'.
                No need to remake target 'scripts/buildversion.py'.
               Finished prerequisites of target file 'out/romlayout16.lds'.
              Must remake target 'out/romlayout16.lds'.
Putting child 0x218f9f60 (out/romlayout16.lds) PID 5407 on the chain.
Live child 0x218f9f60 (out/romlayout16.lds) PID 5407 
  Building ld scripts
Reaping winning child 0x218f9f60 PID 5407 
Live child 0x218f9f60 (out/romlayout16.lds) PID 5408 
Version: rel-1.17.0-4-g0026c353
Reaping winning child 0x218f9f60 PID 5408 
Live child 0x218f9f60 (out/romlayout16.lds) PID 5416 
Reaping winning child 0x218f9f60 PID 5416 
Live child 0x218f9f60 (out/romlayout16.lds) PID 5419 
Reaping winning child 0x218f9f60 PID 5419 
Live child 0x218f9f60 (out/romlayout16.lds) PID 5420 
ld: warning: out/romlayout.o: missing .note.GNU-stack section implies executable stack
ld: NOTE: This behaviour is deprecated and will be removed in a future version of the linker
Reaping winning child 0x218f9f60 PID 5420 
Live child 0x218f9f60 (out/romlayout16.lds) PID 5421 
Reaping winning child 0x218f9f60 PID 5421 
Live child 0x218f9f60 (out/romlayout16.lds) PID 5423 
Reaping winning child 0x218f9f60 PID 5423 
Live child 0x218f9f60 (out/romlayout16.lds) PID 5425 
Reaping winning child 0x218f9f60 PID 5425 
Live child 0x218f9f60 (out/romlayout16.lds) PID 5427 
Fixed space: 0xe05b-0x10000  total: 8101  slack: 14  Percent slack: 0.2%
16bit size:           38368
32bit segmented size: 2380
32bit flat size:      46836
32bit flat init size: 82624
Lowmem size:          2240
f-segment var size:   3168
Reaping winning child 0x218f9f60 PID 5427 
Removing child 0x218f9f60 PID 5427 from chain.
              Successfully remade target file 'out/romlayout16.lds'.
             Finished prerequisites of target file 'out/code16.o'.
            Must remake target 'out/code16.o'.
            Successfully remade target file 'out/code16.o'.
            Pruning file 'out/romlayout16.lds'.
           Finished prerequisites of target file 'out/rom16.o'.
          Must remake target 'out/rom16.o'.
Putting child 0x21899c40 (out/rom16.o) PID 5428 on the chain.
Live child 0x21899c40 (out/rom16.o) PID 5428 
  Linking out/rom16.o
Reaping winning child 0x21899c40 PID 5428 
Live child 0x21899c40 (out/rom16.o) PID 5429 
ld: warning: out/code16.o: requires executable stack (because the .note.GNU-stack section is executable)
ld: warning: out/rom16.o has a LOAD segment with RWX permissions
Reaping winning child 0x21899c40 PID 5429 
Removing child 0x21899c40 PID 5429 from chain.
          Successfully remade target file 'out/rom16.o'.
         Finished prerequisites of target file 'out/rom16.noexec.o'.
        Must remake target 'out/rom16.noexec.o'.
Putting child 0x218fc680 (out/rom16.noexec.o) PID 5430 on the chain.
Live child 0x218fc680 (out/rom16.noexec.o) PID 5430 
  Stripping out/rom16.noexec.o
Reaping winning child 0x218fc680 PID 5430 
Live child 0x218fc680 (out/rom16.noexec.o) PID 5431 
Reaping winning child 0x218fc680 PID 5431 
Live child 0x218fc680 (out/rom16.noexec.o) PID 5432 
Reaping winning child 0x218fc680 PID 5432 
Removing child 0x218fc680 PID 5432 from chain.
        Successfully remade target file 'out/rom16.noexec.o'.
        Considering target file 'out/rom32seg.noexec.o'.
         File 'out/rom32seg.noexec.o' does not exist.
         Looking for an implicit rule for 'out/rom32seg.noexec.o'.
         Trying pattern rule with stem 'rom32seg'.
         Trying implicit prerequisite 'out/rom32seg.o'.
         Found an implicit rule for 'out/rom32seg.noexec.o'.
          Considering target file 'out/rom32seg.o'.
           File 'out/rom32seg.o' does not exist.
            Pruning file 'out/code32seg.o'.
            Considering target file 'out/romlayout32seg.lds'.
             Looking for an implicit rule for 'out/romlayout32seg.lds'.
             Trying pattern rule with stem 'romlayout32seg'.
             Trying implicit prerequisite 'romlayout32seg.lds.S'.
             Trying pattern rule with stem 'romlayout32seg.lds'.
             Trying implicit prerequisite 'out/romlayout32seg.lds,v'.
             Trying pattern rule with stem 'romlayout32seg.lds'.
             Trying implicit prerequisite 'out/RCS/romlayout32seg.lds,v'.
             Trying pattern rule with stem 'romlayout32seg.lds'.
             Trying implicit prerequisite 'out/RCS/romlayout32seg.lds'.
             Trying pattern rule with stem 'romlayout32seg.lds'.
             Trying implicit prerequisite 'out/s.romlayout32seg.lds'.
             Trying pattern rule with stem 'romlayout32seg.lds'.
             Trying implicit prerequisite 'out/SCCS/s.romlayout32seg.lds'.
             Trying pattern rule with stem 'romlayout32seg'.
             Trying implicit prerequisite 'romlayout32seg.lds.S'.
             Looking for a rule with intermediate file 'romlayout32seg.lds.S'.
              Avoiding implicit rule recursion.
              Trying pattern rule with stem 'romlayout32seg.lds.S'.
              Trying implicit prerequisite 'romlayout32seg.lds.S,v'.
              Trying pattern rule with stem 'romlayout32seg.lds.S'.
              Trying implicit prerequisite 'RCS/romlayout32seg.lds.S,v'.
              Trying pattern rule with stem 'romlayout32seg.lds.S'.
              Trying implicit prerequisite 'RCS/romlayout32seg.lds.S'.
              Trying pattern rule with stem 'romlayout32seg.lds.S'.
              Trying implicit prerequisite 's.romlayout32seg.lds.S'.
              Trying pattern rule with stem 'romlayout32seg.lds.S'.
              Trying implicit prerequisite 'SCCS/s.romlayout32seg.lds.S'.
             No implicit rule found for 'out/romlayout32seg.lds'.
              Pruning file 'out/romlayout16.lds'.
             Finished prerequisites of target file 'out/romlayout32seg.lds'.
             Prerequisite 'out/romlayout16.lds' is older than target 'out/romlayout32seg.lds'.
            No recipe for 'out/romlayout32seg.lds' and no prerequisites actually changed.
            No need to remake target 'out/romlayout32seg.lds'.
           Finished prerequisites of target file 'out/rom32seg.o'.
          Must remake target 'out/rom32seg.o'.
Putting child 0x218f8320 (out/rom32seg.o) PID 5433 on the chain.
Live child 0x218f8320 (out/rom32seg.o) PID 5433 
  Linking out/rom32seg.o
Reaping winning child 0x218f8320 PID 5433 
Live child 0x218f8320 (out/rom32seg.o) PID 5434 
Reaping winning child 0x218f8320 PID 5434 
Removing child 0x218f8320 PID 5434 from chain.
          Successfully remade target file 'out/rom32seg.o'.
         Finished prerequisites of target file 'out/rom32seg.noexec.o'.
        Must remake target 'out/rom32seg.noexec.o'.
Putting child 0x218f8550 (out/rom32seg.noexec.o) PID 5435 on the chain.
Live child 0x218f8550 (out/rom32seg.noexec.o) PID 5435 
  Stripping out/rom32seg.noexec.o
Reaping winning child 0x218f8550 PID 5435 
Live child 0x218f8550 (out/rom32seg.noexec.o) PID 5436 
Reaping winning child 0x218f8550 PID 5436 
Live child 0x218f8550 (out/rom32seg.noexec.o) PID 5437 
Reaping winning child 0x218f8550 PID 5437 
Removing child 0x218f8550 PID 5437 from chain.
        Successfully remade target file 'out/rom32seg.noexec.o'.
        Considering target file 'out/code32flat.o'.
         Looking for an implicit rule for 'out/code32flat.o'.
         Trying pattern rule with stem 'code32flat'.
         Trying implicit prerequisite 'code32flat.c'.
         Trying pattern rule with stem 'code32flat'.
         Trying implicit prerequisite 'out/code32flat.c'.
         Trying pattern rule with stem 'code32flat'.
         Trying implicit prerequisite 'out/code32flat.cc'.
         Trying pattern rule with stem 'code32flat'.
         Trying implicit prerequisite 'out/code32flat.C'.
         Trying pattern rule with stem 'code32flat'.
         Trying implicit prerequisite 'out/code32flat.cpp'.
         Trying pattern rule with stem 'code32flat'.
         Trying implicit prerequisite 'out/code32flat.p'.
         Trying pattern rule with stem 'code32flat'.
         Trying implicit prerequisite 'out/code32flat.f'.
         Trying pattern rule with stem 'code32flat'.
         Trying implicit prerequisite 'out/code32flat.F'.
         Trying pattern rule with stem 'code32flat'.
         Trying implicit prerequisite 'out/code32flat.m'.
         Trying pattern rule with stem 'code32flat'.
         Trying implicit prerequisite 'out/code32flat.r'.
         Trying pattern rule with stem 'code32flat'.
         Trying implicit prerequisite 'out/code32flat.s'.
         Trying pattern rule with stem 'code32flat'.
         Trying implicit prerequisite 'out/code32flat.S'.
         Trying pattern rule with stem 'code32flat'.
         Trying implicit prerequisite 'out/code32flat.mod'.
         Trying pattern rule with stem 'code32flat.o'.
         Trying implicit prerequisite 'out/code32flat.o,v'.
         Trying pattern rule with stem 'code32flat.o'.
         Trying implicit prerequisite 'out/RCS/code32flat.o,v'.
         Trying pattern rule with stem 'code32flat.o'.
         Trying implicit prerequisite 'out/RCS/code32flat.o'.
         Trying pattern rule with stem 'code32flat.o'.
         Trying implicit prerequisite 'out/s.code32flat.o'.
         Trying pattern rule with stem 'code32flat.o'.
         Trying implicit prerequisite 'out/SCCS/s.code32flat.o'.
         Trying pattern rule with stem 'code32flat'.
         Trying implicit prerequisite 'code32flat.c'.
         Looking for a rule with intermediate file 'code32flat.c'.
          Avoiding implicit rule recursion.
          Trying pattern rule with stem 'code32flat'.
          Trying implicit prerequisite 'code32flat.y'.
          Trying pattern rule with stem 'code32flat'.
          Trying implicit prerequisite 'code32flat.l'.
          Trying pattern rule with stem 'code32flat'.
          Trying implicit prerequisite 'code32flat.w'.
          Trying pattern rule with stem 'code32flat'.
          Trying implicit prerequisite 'code32flat.w'.
          Trying pattern rule with stem 'code32flat.c'.
          Trying implicit prerequisite 'code32flat.c,v'.
          Trying pattern rule with stem 'code32flat.c'.
          Trying implicit prerequisite 'RCS/code32flat.c,v'.
          Trying pattern rule with stem 'code32flat.c'.
          Trying implicit prerequisite 'RCS/code32flat.c'.
          Trying pattern rule with stem 'code32flat.c'.
          Trying implicit prerequisite 's.code32flat.c'.
          Trying pattern rule with stem 'code32flat.c'.
          Trying implicit prerequisite 'SCCS/s.code32flat.c'.
          Trying pattern rule with stem 'code32flat'.
          Trying implicit prerequisite 'code32flat.y'.
          Looking for a rule with intermediate file 'code32flat.y'.
           Avoiding implicit rule recursion.
           Avoiding implicit rule recursion.
           Trying pattern rule with stem 'code32flat.y'.
           Trying implicit prerequisite 'code32flat.y,v'.
           Trying pattern rule with stem 'code32flat.y'.
           Trying implicit prerequisite 'RCS/code32flat.y,v'.
           Trying pattern rule with stem 'code32flat.y'.
           Trying implicit prerequisite 'RCS/code32flat.y'.
           Trying pattern rule with stem 'code32flat.y'.
           Trying implicit prerequisite 's.code32flat.y'.
           Trying pattern rule with stem 'code32flat.y'.
           Trying implicit prerequisite 'SCCS/s.code32flat.y'.
          Trying pattern rule with stem 'code32flat'.
          Trying implicit prerequisite 'code32flat.l'.
          Looking for a rule with intermediate file 'code32flat.l'.
           Avoiding implicit rule recursion.
           Avoiding implicit rule recursion.
           Trying pattern rule with stem 'code32flat.l'.
           Trying implicit prerequisite 'code32flat.l,v'.
           Trying pattern rule with stem 'code32flat.l'.
           Trying implicit prerequisite 'RCS/code32flat.l,v'.
           Trying pattern rule with stem 'code32flat.l'.
           Trying implicit prerequisite 'RCS/code32flat.l'.
           Trying pattern rule with stem 'code32flat.l'.
           Trying implicit prerequisite 's.code32flat.l'.
           Trying pattern rule with stem 'code32flat.l'.
           Trying implicit prerequisite 'SCCS/s.code32flat.l'.
          Trying pattern rule with stem 'code32flat'.
          Trying implicit prerequisite 'code32flat.w'.
          Looking for a rule with intermediate file 'code32flat.w'.
           Avoiding implicit rule recursion.
           Avoiding implicit rule recursion.
           Trying pattern rule with stem 'code32flat.w'.
           Trying implicit prerequisite 'code32flat.w,v'.
           Trying pattern rule with stem 'code32flat.w'.
           Trying implicit prerequisite 'RCS/code32flat.w,v'.
           Trying pattern rule with stem 'code32flat.w'.
           Trying implicit prerequisite 'RCS/code32flat.w'.
           Trying pattern rule with stem 'code32flat.w'.
           Trying implicit prerequisite 's.code32flat.w'.
           Trying pattern rule with stem 'code32flat.w'.
           Trying implicit prerequisite 'SCCS/s.code32flat.w'.
          Trying pattern rule with stem 'code32flat'.
          Rejecting impossible implicit prerequisite 'code32flat.w'.
         Trying pattern rule with stem 'code32flat'.
         Trying implicit prerequisite 'out/code32flat.c'.
         Looking for a rule with intermediate file 'out/code32flat.c'.
          Avoiding implicit rule recursion.
          Trying pattern rule with stem 'code32flat'.
          Trying implicit prerequisite 'out/code32flat.y'.
          Trying pattern rule with stem 'code32flat'.
          Trying implicit prerequisite 'out/code32flat.l'.
          Trying pattern rule with stem 'code32flat'.
          Trying implicit prerequisite 'out/code32flat.w'.
          Trying pattern rule with stem 'code32flat'.
          Trying implicit prerequisite 'out/code32flat.w'.
          Trying pattern rule with stem 'code32flat.c'.
          Trying implicit prerequisite 'out/code32flat.c,v'.
          Trying pattern rule with stem 'code32flat.c'.
          Trying implicit prerequisite 'out/RCS/code32flat.c,v'.
          Trying pattern rule with stem 'code32flat.c'.
          Trying implicit prerequisite 'out/RCS/code32flat.c'.
          Trying pattern rule with stem 'code32flat.c'.
          Trying implicit prerequisite 'out/s.code32flat.c'.
          Trying pattern rule with stem 'code32flat.c'.
          Trying implicit prerequisite 'out/SCCS/s.code32flat.c'.
          Trying pattern rule with stem 'code32flat'.
          Trying implicit prerequisite 'out/code32flat.y'.
          Looking for a rule with intermediate file 'out/code32flat.y'.
           Avoiding implicit rule recursion.
           Avoiding implicit rule recursion.
           Trying pattern rule with stem 'code32flat.y'.
           Trying implicit prerequisite 'out/code32flat.y,v'.
           Trying pattern rule with stem 'code32flat.y'.
           Trying implicit prerequisite 'out/RCS/code32flat.y,v'.
           Trying pattern rule with stem 'code32flat.y'.
           Trying implicit prerequisite 'out/RCS/code32flat.y'.
           Trying pattern rule with stem 'code32flat.y'.
           Trying implicit prerequisite 'out/s.code32flat.y'.
           Trying pattern rule with stem 'code32flat.y'.
           Trying implicit prerequisite 'out/SCCS/s.code32flat.y'.
          Trying pattern rule with stem 'code32flat'.
          Trying implicit prerequisite 'out/code32flat.l'.
          Looking for a rule with intermediate file 'out/code32flat.l'.
           Avoiding implicit rule recursion.
           Avoiding implicit rule recursion.
           Trying pattern rule with stem 'code32flat.l'.
           Trying implicit prerequisite 'out/code32flat.l,v'.
           Trying pattern rule with stem 'code32flat.l'.
           Trying implicit prerequisite 'out/RCS/code32flat.l,v'.
           Trying pattern rule with stem 'code32flat.l'.
           Trying implicit prerequisite 'out/RCS/code32flat.l'.
           Trying pattern rule with stem 'code32flat.l'.
           Trying implicit prerequisite 'out/s.code32flat.l'.
           Trying pattern rule with stem 'code32flat.l'.
           Trying implicit prerequisite 'out/SCCS/s.code32flat.l'.
          Trying pattern rule with stem 'code32flat'.
          Trying implicit prerequisite 'out/code32flat.w'.
          Looking for a rule with intermediate file 'out/code32flat.w'.
           Avoiding implicit rule recursion.
           Avoiding implicit rule recursion.
           Trying pattern rule with stem 'code32flat.w'.
           Trying implicit prerequisite 'out/code32flat.w,v'.
           Trying pattern rule with stem 'code32flat.w'.
           Trying implicit prerequisite 'out/RCS/code32flat.w,v'.
           Trying pattern rule with stem 'code32flat.w'.
           Trying implicit prerequisite 'out/RCS/code32flat.w'.
           Trying pattern rule with stem 'code32flat.w'.
           Trying implicit prerequisite 'out/s.code32flat.w'.
           Trying pattern rule with stem 'code32flat.w'.
           Trying implicit prerequisite 'out/SCCS/s.code32flat.w'.
          Trying pattern rule with stem 'code32flat'.
          Rejecting impossible implicit prerequisite 'out/code32flat.w'.
         Trying pattern rule with stem 'code32flat'.
         Trying implicit prerequisite 'out/code32flat.cc'.
         Looking for a rule with intermediate file 'out/code32flat.cc'.
          Avoiding implicit rule recursion.
          Trying pattern rule with stem 'code32flat.cc'.
          Trying implicit prerequisite 'out/code32flat.cc,v'.
          Trying pattern rule with stem 'code32flat.cc'.
          Trying implicit prerequisite 'out/RCS/code32flat.cc,v'.
          Trying pattern rule with stem 'code32flat.cc'.
          Trying implicit prerequisite 'out/RCS/code32flat.cc'.
          Trying pattern rule with stem 'code32flat.cc'.
          Trying implicit prerequisite 'out/s.code32flat.cc'.
          Trying pattern rule with stem 'code32flat.cc'.
          Trying implicit prerequisite 'out/SCCS/s.code32flat.cc'.
         Trying pattern rule with stem 'code32flat'.
         Trying implicit prerequisite 'out/code32flat.C'.
         Looking for a rule with intermediate file 'out/code32flat.C'.
          Avoiding implicit rule recursion.
          Trying pattern rule with stem 'code32flat.C'.
          Trying implicit prerequisite 'out/code32flat.C,v'.
          Trying pattern rule with stem 'code32flat.C'.
          Trying implicit prerequisite 'out/RCS/code32flat.C,v'.
          Trying pattern rule with stem 'code32flat.C'.
          Trying implicit prerequisite 'out/RCS/code32flat.C'.
          Trying pattern rule with stem 'code32flat.C'.
          Trying implicit prerequisite 'out/s.code32flat.C'.
          Trying pattern rule with stem 'code32flat.C'.
          Trying implicit prerequisite 'out/SCCS/s.code32flat.C'.
         Trying pattern rule with stem 'code32flat'.
         Trying implicit prerequisite 'out/code32flat.cpp'.
         Looking for a rule with intermediate file 'out/code32flat.cpp'.
          Avoiding implicit rule recursion.
          Trying pattern rule with stem 'code32flat.cpp'.
          Trying implicit prerequisite 'out/code32flat.cpp,v'.
          Trying pattern rule with stem 'code32flat.cpp'.
          Trying implicit prerequisite 'out/RCS/code32flat.cpp,v'.
          Trying pattern rule with stem 'code32flat.cpp'.
          Trying implicit prerequisite 'out/RCS/code32flat.cpp'.
          Trying pattern rule with stem 'code32flat.cpp'.
          Trying implicit prerequisite 'out/s.code32flat.cpp'.
          Trying pattern rule with stem 'code32flat.cpp'.
          Trying implicit prerequisite 'out/SCCS/s.code32flat.cpp'.
         Trying pattern rule with stem 'code32flat'.
         Trying implicit prerequisite 'out/code32flat.p'.
         Looking for a rule with intermediate file 'out/code32flat.p'.
          Avoiding implicit rule recursion.
          Trying pattern rule with stem 'code32flat'.
          Trying implicit prerequisite 'out/code32flat.web'.
          Trying pattern rule with stem 'code32flat.p'.
          Trying implicit prerequisite 'out/code32flat.p,v'.
          Trying pattern rule with stem 'code32flat.p'.
          Trying implicit prerequisite 'out/RCS/code32flat.p,v'.
          Trying pattern rule with stem 'code32flat.p'.
          Trying implicit prerequisite 'out/RCS/code32flat.p'.
          Trying pattern rule with stem 'code32flat.p'.
          Trying implicit prerequisite 'out/s.code32flat.p'.
          Trying pattern rule with stem 'code32flat.p'.
          Trying implicit prerequisite 'out/SCCS/s.code32flat.p'.
          Trying pattern rule with stem 'code32flat'.
          Trying implicit prerequisite 'out/code32flat.web'.
          Looking for a rule with intermediate file 'out/code32flat.web'.
           Avoiding implicit rule recursion.
           Avoiding implicit rule recursion.
           Trying pattern rule with stem 'code32flat.web'.
           Trying implicit prerequisite 'out/code32flat.web,v'.
           Trying pattern rule with stem 'code32flat.web'.
           Trying implicit prerequisite 'out/RCS/code32flat.web,v'.
           Trying pattern rule with stem 'code32flat.web'.
           Trying implicit prerequisite 'out/RCS/code32flat.web'.
           Trying pattern rule with stem 'code32flat.web'.
           Trying implicit prerequisite 'out/s.code32flat.web'.
           Trying pattern rule with stem 'code32flat.web'.
           Trying implicit prerequisite 'out/SCCS/s.code32flat.web'.
         Trying pattern rule with stem 'code32flat'.
         Trying implicit prerequisite 'out/code32flat.f'.
         Looking for a rule with intermediate file 'out/code32flat.f'.
          Avoiding implicit rule recursion.
          Trying pattern rule with stem 'code32flat'.
          Trying implicit prerequisite 'out/code32flat.F'.
          Trying pattern rule with stem 'code32flat'.
          Trying implicit prerequisite 'out/code32flat.r'.
          Trying pattern rule with stem 'code32flat.f'.
          Trying implicit prerequisite 'out/code32flat.f,v'.
          Trying pattern rule with stem 'code32flat.f'.
          Trying implicit prerequisite 'out/RCS/code32flat.f,v'.
          Trying pattern rule with stem 'code32flat.f'.
          Trying implicit prerequisite 'out/RCS/code32flat.f'.
          Trying pattern rule with stem 'code32flat.f'.
          Trying implicit prerequisite 'out/s.code32flat.f'.
          Trying pattern rule with stem 'code32flat.f'.
          Trying implicit prerequisite 'out/SCCS/s.code32flat.f'.
          Trying pattern rule with stem 'code32flat'.
          Trying implicit prerequisite 'out/code32flat.F'.
          Looking for a rule with intermediate file 'out/code32flat.F'.
           Avoiding implicit rule recursion.
           Avoiding implicit rule recursion.
           Trying pattern rule with stem 'code32flat.F'.
           Trying implicit prerequisite 'out/code32flat.F,v'.
           Trying pattern rule with stem 'code32flat.F'.
           Trying implicit prerequisite 'out/RCS/code32flat.F,v'.
           Trying pattern rule with stem 'code32flat.F'.
           Trying implicit prerequisite 'out/RCS/code32flat.F'.
           Trying pattern rule with stem 'code32flat.F'.
           Trying implicit prerequisite 'out/s.code32flat.F'.
           Trying pattern rule with stem 'code32flat.F'.
           Trying implicit prerequisite 'out/SCCS/s.code32flat.F'.
          Trying pattern rule with stem 'code32flat'.
          Trying implicit prerequisite 'out/code32flat.r'.
          Looking for a rule with intermediate file 'out/code32flat.r'.
           Avoiding implicit rule recursion.
           Avoiding implicit rule recursion.
           Trying pattern rule with stem 'code32flat'.
           Rejecting impossible implicit prerequisite 'out/code32flat.l'.
           Trying pattern rule with stem 'code32flat.r'.
           Trying implicit prerequisite 'out/code32flat.r,v'.
           Trying pattern rule with stem 'code32flat.r'.
           Trying implicit prerequisite 'out/RCS/code32flat.r,v'.
           Trying pattern rule with stem 'code32flat.r'.
           Trying implicit prerequisite 'out/RCS/code32flat.r'.
           Trying pattern rule with stem 'code32flat.r'.
           Trying implicit prerequisite 'out/s.code32flat.r'.
           Trying pattern rule with stem 'code32flat.r'.
           Trying implicit prerequisite 'out/SCCS/s.code32flat.r'.
         Trying pattern rule with stem 'code32flat'.
         Rejecting impossible implicit prerequisite 'out/code32flat.F'.
         Trying pattern rule with stem 'code32flat'.
         Trying implicit prerequisite 'out/code32flat.m'.
         Looking for a rule with intermediate file 'out/code32flat.m'.
          Avoiding implicit rule recursion.
          Trying pattern rule with stem 'code32flat'.
          Trying implicit prerequisite 'out/code32flat.ym'.
          Trying pattern rule with stem 'code32flat.m'.
          Trying implicit prerequisite 'out/code32flat.m,v'.
          Trying pattern rule with stem 'code32flat.m'.
          Trying implicit prerequisite 'out/RCS/code32flat.m,v'.
          Trying pattern rule with stem 'code32flat.m'.
          Trying implicit prerequisite 'out/RCS/code32flat.m'.
          Trying pattern rule with stem 'code32flat.m'.
          Trying implicit prerequisite 'out/s.code32flat.m'.
          Trying pattern rule with stem 'code32flat.m'.
          Trying implicit prerequisite 'out/SCCS/s.code32flat.m'.
          Trying pattern rule with stem 'code32flat'.
          Trying implicit prerequisite 'out/code32flat.ym'.
          Looking for a rule with intermediate file 'out/code32flat.ym'.
           Avoiding implicit rule recursion.
           Avoiding implicit rule recursion.
           Trying pattern rule with stem 'code32flat.ym'.
           Trying implicit prerequisite 'out/code32flat.ym,v'.
           Trying pattern rule with stem 'code32flat.ym'.
           Trying implicit prerequisite 'out/RCS/code32flat.ym,v'.
           Trying pattern rule with stem 'code32flat.ym'.
           Trying implicit prerequisite 'out/RCS/code32flat.ym'.
           Trying pattern rule with stem 'code32flat.ym'.
           Trying implicit prerequisite 'out/s.code32flat.ym'.
           Trying pattern rule with stem 'code32flat.ym'.
           Trying implicit prerequisite 'out/SCCS/s.code32flat.ym'.
         Trying pattern rule with stem 'code32flat'.
         Rejecting impossible implicit prerequisite 'out/code32flat.r'.
         Trying pattern rule with stem 'code32flat'.
         Trying implicit prerequisite 'out/code32flat.s'.
         Looking for a rule with intermediate file 'out/code32flat.s'.
          Avoiding implicit rule recursion.
          Trying pattern rule with stem 'code32flat'.
          Rejecting impossible implicit prerequisite 'code32flat.c'.
          Trying pattern rule with stem 'code32flat'.
          Trying implicit prerequisite 'out/code32flat.S'.
          Trying pattern rule with stem 'code32flat.s'.
          Trying implicit prerequisite 'out/code32flat.s,v'.
          Trying pattern rule with stem 'code32flat.s'.
          Trying implicit prerequisite 'out/RCS/code32flat.s,v'.
          Trying pattern rule with stem 'code32flat.s'.
          Trying implicit prerequisite 'out/RCS/code32flat.s'.
          Trying pattern rule with stem 'code32flat.s'.
          Trying implicit prerequisite 'out/s.code32flat.s'.
          Trying pattern rule with stem 'code32flat.s'.
          Trying implicit prerequisite 'out/SCCS/s.code32flat.s'.
          Trying pattern rule with stem 'code32flat'.
          Trying implicit prerequisite 'out/code32flat.S'.
          Looking for a rule with intermediate file 'out/code32flat.S'.
           Avoiding implicit rule recursion.
           Avoiding implicit rule recursion.
           Trying pattern rule with stem 'code32flat.S'.
           Trying implicit prerequisite 'out/code32flat.S,v'.
           Trying pattern rule with stem 'code32flat.S'.
           Trying implicit prerequisite 'out/RCS/code32flat.S,v'.
           Trying pattern rule with stem 'code32flat.S'.
           Trying implicit prerequisite 'out/RCS/code32flat.S'.
           Trying pattern rule with stem 'code32flat.S'.
           Trying implicit prerequisite 'out/s.code32flat.S'.
           Trying pattern rule with stem 'code32flat.S'.
           Trying implicit prerequisite 'out/SCCS/s.code32flat.S'.
         Trying pattern rule with stem 'code32flat'.
         Rejecting impossible implicit prerequisite 'out/code32flat.S'.
         Trying pattern rule with stem 'code32flat'.
         Trying implicit prerequisite 'out/code32flat.mod'.
         Looking for a rule with intermediate file 'out/code32flat.mod'.
          Avoiding implicit rule recursion.
          Trying pattern rule with stem 'code32flat.mod'.
          Trying implicit prerequisite 'out/code32flat.mod,v'.
          Trying pattern rule with stem 'code32flat.mod'.
          Trying implicit prerequisite 'out/RCS/code32flat.mod,v'.
          Trying pattern rule with stem 'code32flat.mod'.
          Trying implicit prerequisite 'out/RCS/code32flat.mod'.
          Trying pattern rule with stem 'code32flat.mod'.
          Trying implicit prerequisite 'out/s.code32flat.mod'.
          Trying pattern rule with stem 'code32flat.mod'.
          Trying implicit prerequisite 'out/SCCS/s.code32flat.mod'.
         No implicit rule found for 'out/code32flat.o'.
          Pruning file 'out/romlayout16.lds'.
         Finished prerequisites of target file 'out/code32flat.o'.
         Prerequisite 'out/romlayout16.lds' is newer than target 'out/code32flat.o'.
        No recipe for 'out/code32flat.o' and no prerequisites actually changed.
        No need to remake target 'out/code32flat.o'.
        Considering target file 'out/romlayout32flat.lds'.
         Looking for an implicit rule for 'out/romlayout32flat.lds'.
         Trying pattern rule with stem 'romlayout32flat'.
         Trying implicit prerequisite 'romlayout32flat.lds.S'.
         Trying pattern rule with stem 'romlayout32flat.lds'.
         Trying implicit prerequisite 'out/romlayout32flat.lds,v'.
         Trying pattern rule with stem 'romlayout32flat.lds'.
         Trying implicit prerequisite 'out/RCS/romlayout32flat.lds,v'.
         Trying pattern rule with stem 'romlayout32flat.lds'.
         Trying implicit prerequisite 'out/RCS/romlayout32flat.lds'.
         Trying pattern rule with stem 'romlayout32flat.lds'.
         Trying implicit prerequisite 'out/s.romlayout32flat.lds'.
         Trying pattern rule with stem 'romlayout32flat.lds'.
         Trying implicit prerequisite 'out/SCCS/s.romlayout32flat.lds'.
         Trying pattern rule with stem 'romlayout32flat'.
         Trying implicit prerequisite 'romlayout32flat.lds.S'.
         Looking for a rule with intermediate file 'romlayout32flat.lds.S'.
          Avoiding implicit rule recursion.
          Trying pattern rule with stem 'romlayout32flat.lds.S'.
          Trying implicit prerequisite 'romlayout32flat.lds.S,v'.
          Trying pattern rule with stem 'romlayout32flat.lds.S'.
          Trying implicit prerequisite 'RCS/romlayout32flat.lds.S,v'.
          Trying pattern rule with stem 'romlayout32flat.lds.S'.
          Trying implicit prerequisite 'RCS/romlayout32flat.lds.S'.
          Trying pattern rule with stem 'romlayout32flat.lds.S'.
          Trying implicit prerequisite 's.romlayout32flat.lds.S'.
          Trying pattern rule with stem 'romlayout32flat.lds.S'.
          Trying implicit prerequisite 'SCCS/s.romlayout32flat.lds.S'.
         No implicit rule found for 'out/romlayout32flat.lds'.
          Pruning file 'out/romlayout16.lds'.
         Finished prerequisites of target file 'out/romlayout32flat.lds'.
         Prerequisite 'out/romlayout16.lds' is older than target 'out/romlayout32flat.lds'.
        No recipe for 'out/romlayout32flat.lds' and no prerequisites actually changed.
        No need to remake target 'out/romlayout32flat.lds'.
       Finished prerequisites of target file 'out/rom.o'.
      Must remake target 'out/rom.o'.
Putting child 0x218fbff0 (out/rom.o) PID 5438 on the chain.
Live child 0x218fbff0 (out/rom.o) PID 5438 
  Linking out/rom.o
Reaping winning child 0x218fbff0 PID 5438 
Live child 0x218fbff0 (out/rom.o) PID 5439 
ld: warning: out/rom32seg.noexec.o: missing .note.GNU-stack section implies executable stack
ld: NOTE: This behaviour is deprecated and will be removed in a future version of the linker
ld: warning: out/rom.o has a LOAD segment with RWX permissions
Reaping winning child 0x218fbff0 PID 5439 
Removing child 0x218fbff0 PID 5439 from chain.
      Successfully remade target file 'out/rom.o'.
      Considering target file 'scripts/checkrom.py'.
       Looking for an implicit rule for 'scripts/checkrom.py'.
       Trying pattern rule with stem 'checkrom.py'.
       Trying implicit prerequisite 'scripts/checkrom.py.o'.
       Trying pattern rule with stem 'checkrom.py'.
       Trying implicit prerequisite 'scripts/checkrom.py.c'.
       Trying pattern rule with stem 'checkrom.py'.
       Trying implicit prerequisite 'scripts/checkrom.py.cc'.
       Trying pattern rule with stem 'checkrom.py'.
       Trying implicit prerequisite 'scripts/checkrom.py.C'.
       Trying pattern rule with stem 'checkrom.py'.
       Trying implicit prerequisite 'scripts/checkrom.py.cpp'.
       Trying pattern rule with stem 'checkrom.py'.
       Trying implicit prerequisite 'scripts/checkrom.py.p'.
       Trying pattern rule with stem 'checkrom.py'.
       Trying implicit prerequisite 'scripts/checkrom.py.f'.
       Trying pattern rule with stem 'checkrom.py'.
       Trying implicit prerequisite 'scripts/checkrom.py.F'.
       Trying pattern rule with stem 'checkrom.py'.
       Trying implicit prerequisite 'scripts/checkrom.py.m'.
       Trying pattern rule with stem 'checkrom.py'.
       Trying implicit prerequisite 'scripts/checkrom.py.r'.
       Trying pattern rule with stem 'checkrom.py'.
       Trying implicit prerequisite 'scripts/checkrom.py.s'.
       Trying pattern rule with stem 'checkrom.py'.
       Trying implicit prerequisite 'scripts/checkrom.py.S'.
       Trying pattern rule with stem 'checkrom.py'.
       Trying implicit prerequisite 'scripts/checkrom.py.mod'.
       Trying pattern rule with stem 'checkrom.py'.
       Trying implicit prerequisite 'scripts/checkrom.py.sh'.
       Trying pattern rule with stem 'checkrom.py'.
       Trying implicit prerequisite 'scripts/checkrom.py,v'.
       Trying pattern rule with stem 'checkrom.py'.
       Trying implicit prerequisite 'scripts/RCS/checkrom.py,v'.
       Trying pattern rule with stem 'checkrom.py'.
       Trying implicit prerequisite 'scripts/RCS/checkrom.py'.
       Trying pattern rule with stem 'checkrom.py'.
       Trying implicit prerequisite 'scripts/s.checkrom.py'.
       Trying pattern rule with stem 'checkrom.py'.
       Trying implicit prerequisite 'scripts/SCCS/s.checkrom.py'.
       Trying pattern rule with stem 'checkrom.py'.
       Trying implicit prerequisite 'scripts/checkrom.py.o'.
       Looking for a rule with intermediate file 'scripts/checkrom.py.o'.
        Avoiding implicit rule recursion.
        Trying pattern rule with stem 'checkrom.py'.
        Trying implicit prerequisite 'scripts/checkrom.py.c'.
        Trying pattern rule with stem 'checkrom.py'.
        Trying implicit prerequisite 'scripts/checkrom.py.cc'.
        Trying pattern rule with stem 'checkrom.py'.
        Trying implicit prerequisite 'scripts/checkrom.py.C'.
        Trying pattern rule with stem 'checkrom.py'.
        Trying implicit prerequisite 'scripts/checkrom.py.cpp'.
        Trying pattern rule with stem 'checkrom.py'.
        Trying implicit prerequisite 'scripts/checkrom.py.p'.
        Trying pattern rule with stem 'checkrom.py'.
        Trying implicit prerequisite 'scripts/checkrom.py.f'.
        Trying pattern rule with stem 'checkrom.py'.
        Trying implicit prerequisite 'scripts/checkrom.py.F'.
        Trying pattern rule with stem 'checkrom.py'.
        Trying implicit prerequisite 'scripts/checkrom.py.m'.
        Trying pattern rule with stem 'checkrom.py'.
        Trying implicit prerequisite 'scripts/checkrom.py.r'.
        Trying pattern rule with stem 'checkrom.py'.
        Trying implicit prerequisite 'scripts/checkrom.py.s'.
        Trying pattern rule with stem 'checkrom.py'.
        Trying implicit prerequisite 'scripts/checkrom.py.S'.
        Trying pattern rule with stem 'checkrom.py'.
        Trying implicit prerequisite 'scripts/checkrom.py.mod'.
        Trying pattern rule with stem 'checkrom.py.o'.
        Trying implicit prerequisite 'scripts/checkrom.py.o,v'.
        Trying pattern rule with stem 'checkrom.py.o'.
        Trying implicit prerequisite 'scripts/RCS/checkrom.py.o,v'.
        Trying pattern rule with stem 'checkrom.py.o'.
        Trying implicit prerequisite 'scripts/RCS/checkrom.py.o'.
        Trying pattern rule with stem 'checkrom.py.o'.
        Trying implicit prerequisite 'scripts/s.checkrom.py.o'.
        Trying pattern rule with stem 'checkrom.py.o'.
        Trying implicit prerequisite 'scripts/SCCS/s.checkrom.py.o'.
        Trying pattern rule with stem 'checkrom.py'.
        Trying implicit prerequisite 'scripts/checkrom.py.c'.
        Looking for a rule with intermediate file 'scripts/checkrom.py.c'.
         Avoiding implicit rule recursion.
         Avoiding implicit rule recursion.
         Trying pattern rule with stem 'checkrom.py'.
         Trying implicit prerequisite 'scripts/checkrom.py.y'.
         Trying pattern rule with stem 'checkrom.py'.
         Trying implicit prerequisite 'scripts/checkrom.py.l'.
         Trying pattern rule with stem 'checkrom.py'.
         Trying implicit prerequisite 'scripts/checkrom.py.w'.
         Trying pattern rule with stem 'checkrom.py'.
         Trying implicit prerequisite 'scripts/checkrom.py.w'.
         Trying pattern rule with stem 'checkrom.py.c'.
         Trying implicit prerequisite 'scripts/checkrom.py.c,v'.
         Trying pattern rule with stem 'checkrom.py.c'.
         Trying implicit prerequisite 'scripts/RCS/checkrom.py.c,v'.
         Trying pattern rule with stem 'checkrom.py.c'.
         Trying implicit prerequisite 'scripts/RCS/checkrom.py.c'.
         Trying pattern rule with stem 'checkrom.py.c'.
         Trying implicit prerequisite 'scripts/s.checkrom.py.c'.
         Trying pattern rule with stem 'checkrom.py.c'.
         Trying implicit prerequisite 'scripts/SCCS/s.checkrom.py.c'.
         Trying pattern rule with stem 'checkrom.py'.
         Trying implicit prerequisite 'scripts/checkrom.py.y'.
         Looking for a rule with intermediate file 'scripts/checkrom.py.y'.
          Avoiding implicit rule recursion.
          Avoiding implicit rule recursion.
          Avoiding implicit rule recursion.
          Trying pattern rule with stem 'checkrom.py.y'.
          Trying implicit prerequisite 'scripts/checkrom.py.y,v'.
          Trying pattern rule with stem 'checkrom.py.y'.
          Trying implicit prerequisite 'scripts/RCS/checkrom.py.y,v'.
          Trying pattern rule with stem 'checkrom.py.y'.
          Trying implicit prerequisite 'scripts/RCS/checkrom.py.y'.
          Trying pattern rule with stem 'checkrom.py.y'.
          Trying implicit prerequisite 'scripts/s.checkrom.py.y'.
          Trying pattern rule with stem 'checkrom.py.y'.
          Trying implicit prerequisite 'scripts/SCCS/s.checkrom.py.y'.
         Trying pattern rule with stem 'checkrom.py'.
         Trying implicit prerequisite 'scripts/checkrom.py.l'.
         Looking for a rule with intermediate file 'scripts/checkrom.py.l'.
          Avoiding implicit rule recursion.
          Avoiding implicit rule recursion.
          Avoiding implicit rule recursion.
          Trying pattern rule with stem 'checkrom.py.l'.
          Trying implicit prerequisite 'scripts/checkrom.py.l,v'.
          Trying pattern rule with stem 'checkrom.py.l'.
          Trying implicit prerequisite 'scripts/RCS/checkrom.py.l,v'.
          Trying pattern rule with stem 'checkrom.py.l'.
          Trying implicit prerequisite 'scripts/RCS/checkrom.py.l'.
          Trying pattern rule with stem 'checkrom.py.l'.
          Trying implicit prerequisite 'scripts/s.checkrom.py.l'.
          Trying pattern rule with stem 'checkrom.py.l'.
          Trying implicit prerequisite 'scripts/SCCS/s.checkrom.py.l'.
         Trying pattern rule with stem 'checkrom.py'.
         Trying implicit prerequisite 'scripts/checkrom.py.w'.
         Looking for a rule with intermediate file 'scripts/checkrom.py.w'.
          Avoiding implicit rule recursion.
          Avoiding implicit rule recursion.
          Avoiding implicit rule recursion.
          Trying pattern rule with stem 'checkrom.py.w'.
          Trying implicit prerequisite 'scripts/checkrom.py.w,v'.
          Trying pattern rule with stem 'checkrom.py.w'.
          Trying implicit prerequisite 'scripts/RCS/checkrom.py.w,v'.
          Trying pattern rule with stem 'checkrom.py.w'.
          Trying implicit prerequisite 'scripts/RCS/checkrom.py.w'.
          Trying pattern rule with stem 'checkrom.py.w'.
          Trying implicit prerequisite 'scripts/s.checkrom.py.w'.
          Trying pattern rule with stem 'checkrom.py.w'.
          Trying implicit prerequisite 'scripts/SCCS/s.checkrom.py.w'.
         Trying pattern rule with stem 'checkrom.py'.
         Rejecting impossible implicit prerequisite 'scripts/checkrom.py.w'.
        Trying pattern rule with stem 'checkrom.py'.
        Trying implicit prerequisite 'scripts/checkrom.py.cc'.
        Looking for a rule with intermediate file 'scripts/checkrom.py.cc'.
         Avoiding implicit rule recursion.
         Avoiding implicit rule recursion.
         Trying pattern rule with stem 'checkrom.py.cc'.
         Trying implicit prerequisite 'scripts/checkrom.py.cc,v'.
         Trying pattern rule with stem 'checkrom.py.cc'.
         Trying implicit prerequisite 'scripts/RCS/checkrom.py.cc,v'.
         Trying pattern rule with stem 'checkrom.py.cc'.
         Trying implicit prerequisite 'scripts/RCS/checkrom.py.cc'.
         Trying pattern rule with stem 'checkrom.py.cc'.
         Trying implicit prerequisite 'scripts/s.checkrom.py.cc'.
         Trying pattern rule with stem 'checkrom.py.cc'.
         Trying implicit prerequisite 'scripts/SCCS/s.checkrom.py.cc'.
        Trying pattern rule with stem 'checkrom.py'.
        Trying implicit prerequisite 'scripts/checkrom.py.C'.
        Looking for a rule with intermediate file 'scripts/checkrom.py.C'.
         Avoiding implicit rule recursion.
         Avoiding implicit rule recursion.
         Trying pattern rule with stem 'checkrom.py.C'.
         Trying implicit prerequisite 'scripts/checkrom.py.C,v'.
         Trying pattern rule with stem 'checkrom.py.C'.
         Trying implicit prerequisite 'scripts/RCS/checkrom.py.C,v'.
         Trying pattern rule with stem 'checkrom.py.C'.
         Trying implicit prerequisite 'scripts/RCS/checkrom.py.C'.
         Trying pattern rule with stem 'checkrom.py.C'.
         Trying implicit prerequisite 'scripts/s.checkrom.py.C'.
         Trying pattern rule with stem 'checkrom.py.C'.
         Trying implicit prerequisite 'scripts/SCCS/s.checkrom.py.C'.
        Trying pattern rule with stem 'checkrom.py'.
        Trying implicit prerequisite 'scripts/checkrom.py.cpp'.
        Looking for a rule with intermediate file 'scripts/checkrom.py.cpp'.
         Avoiding implicit rule recursion.
         Avoiding implicit rule recursion.
         Trying pattern rule with stem 'checkrom.py.cpp'.
         Trying implicit prerequisite 'scripts/checkrom.py.cpp,v'.
         Trying pattern rule with stem 'checkrom.py.cpp'.
         Trying implicit prerequisite 'scripts/RCS/checkrom.py.cpp,v'.
         Trying pattern rule with stem 'checkrom.py.cpp'.
         Trying implicit prerequisite 'scripts/RCS/checkrom.py.cpp'.
         Trying pattern rule with stem 'checkrom.py.cpp'.
         Trying implicit prerequisite 'scripts/s.checkrom.py.cpp'.
         Trying pattern rule with stem 'checkrom.py.cpp'.
         Trying implicit prerequisite 'scripts/SCCS/s.checkrom.py.cpp'.
        Trying pattern rule with stem 'checkrom.py'.
        Trying implicit prerequisite 'scripts/checkrom.py.p'.
        Looking for a rule with intermediate file 'scripts/checkrom.py.p'.
         Avoiding implicit rule recursion.
         Avoiding implicit rule recursion.
         Trying pattern rule with stem 'checkrom.py'.
         Trying implicit prerequisite 'scripts/checkrom.py.web'.
         Trying pattern rule with stem 'checkrom.py.p'.
         Trying implicit prerequisite 'scripts/checkrom.py.p,v'.
         Trying pattern rule with stem 'checkrom.py.p'.
         Trying implicit prerequisite 'scripts/RCS/checkrom.py.p,v'.
         Trying pattern rule with stem 'checkrom.py.p'.
         Trying implicit prerequisite 'scripts/RCS/checkrom.py.p'.
         Trying pattern rule with stem 'checkrom.py.p'.
         Trying implicit prerequisite 'scripts/s.checkrom.py.p'.
         Trying pattern rule with stem 'checkrom.py.p'.
         Trying implicit prerequisite 'scripts/SCCS/s.checkrom.py.p'.
         Trying pattern rule with stem 'checkrom.py'.
         Trying implicit prerequisite 'scripts/checkrom.py.web'.
         Looking for a rule with intermediate file 'scripts/checkrom.py.web'.
          Avoiding implicit rule recursion.
          Avoiding implicit rule recursion.
          Avoiding implicit rule recursion.
          Trying pattern rule with stem 'checkrom.py.web'.
          Trying implicit prerequisite 'scripts/checkrom.py.web,v'.
          Trying pattern rule with stem 'checkrom.py.web'.
          Trying implicit prerequisite 'scripts/RCS/checkrom.py.web,v'.
          Trying pattern rule with stem 'checkrom.py.web'.
          Trying implicit prerequisite 'scripts/RCS/checkrom.py.web'.
          Trying pattern rule with stem 'checkrom.py.web'.
          Trying implicit prerequisite 'scripts/s.checkrom.py.web'.
          Trying pattern rule with stem 'checkrom.py.web'.
          Trying implicit prerequisite 'scripts/SCCS/s.checkrom.py.web'.
        Trying pattern rule with stem 'checkrom.py'.
        Trying implicit prerequisite 'scripts/checkrom.py.f'.
        Looking for a rule with intermediate file 'scripts/checkrom.py.f'.
         Avoiding implicit rule recursion.
         Avoiding implicit rule recursion.
         Trying pattern rule with stem 'checkrom.py'.
         Trying implicit prerequisite 'scripts/checkrom.py.F'.
         Trying pattern rule with stem 'checkrom.py'.
         Trying implicit prerequisite 'scripts/checkrom.py.r'.
         Trying pattern rule with stem 'checkrom.py.f'.
         Trying implicit prerequisite 'scripts/checkrom.py.f,v'.
         Trying pattern rule with stem 'checkrom.py.f'.
         Trying implicit prerequisite 'scripts/RCS/checkrom.py.f,v'.
         Trying pattern rule with stem 'checkrom.py.f'.
         Trying implicit prerequisite 'scripts/RCS/checkrom.py.f'.
         Trying pattern rule with stem 'checkrom.py.f'.
         Trying implicit prerequisite 'scripts/s.checkrom.py.f'.
         Trying pattern rule with stem 'checkrom.py.f'.
         Trying implicit prerequisite 'scripts/SCCS/s.checkrom.py.f'.
         Trying pattern rule with stem 'checkrom.py'.
         Trying implicit prerequisite 'scripts/checkrom.py.F'.
         Looking for a rule with intermediate file 'scripts/checkrom.py.F'.
          Avoiding implicit rule recursion.
          Avoiding implicit rule recursion.
          Avoiding implicit rule recursion.
          Trying pattern rule with stem 'checkrom.py.F'.
          Trying implicit prerequisite 'scripts/checkrom.py.F,v'.
          Trying pattern rule with stem 'checkrom.py.F'.
          Trying implicit prerequisite 'scripts/RCS/checkrom.py.F,v'.
          Trying pattern rule with stem 'checkrom.py.F'.
          Trying implicit prerequisite 'scripts/RCS/checkrom.py.F'.
          Trying pattern rule with stem 'checkrom.py.F'.
          Trying implicit prerequisite 'scripts/s.checkrom.py.F'.
          Trying pattern rule with stem 'checkrom.py.F'.
          Trying implicit prerequisite 'scripts/SCCS/s.checkrom.py.F'.
         Trying pattern rule with stem 'checkrom.py'.
         Trying implicit prerequisite 'scripts/checkrom.py.r'.
         Looking for a rule with intermediate file 'scripts/checkrom.py.r'.
          Avoiding implicit rule recursion.
          Avoiding implicit rule recursion.
          Avoiding implicit rule recursion.
          Trying pattern rule with stem 'checkrom.py'.
          Rejecting impossible implicit prerequisite 'scripts/checkrom.py.l'.
          Trying pattern rule with stem 'checkrom.py.r'.
          Trying implicit prerequisite 'scripts/checkrom.py.r,v'.
          Trying pattern rule with stem 'checkrom.py.r'.
          Trying implicit prerequisite 'scripts/RCS/checkrom.py.r,v'.
          Trying pattern rule with stem 'checkrom.py.r'.
          Trying implicit prerequisite 'scripts/RCS/checkrom.py.r'.
          Trying pattern rule with stem 'checkrom.py.r'.
          Trying implicit prerequisite 'scripts/s.checkrom.py.r'.
          Trying pattern rule with stem 'checkrom.py.r'.
          Trying implicit prerequisite 'scripts/SCCS/s.checkrom.py.r'.
        Trying pattern rule with stem 'checkrom.py'.
        Rejecting impossible implicit prerequisite 'scripts/checkrom.py.F'.
        Trying pattern rule with stem 'checkrom.py'.
        Trying implicit prerequisite 'scripts/checkrom.py.m'.
        Looking for a rule with intermediate file 'scripts/checkrom.py.m'.
         Avoiding implicit rule recursion.
         Avoiding implicit rule recursion.
         Trying pattern rule with stem 'checkrom.py'.
         Trying implicit prerequisite 'scripts/checkrom.py.ym'.
         Trying pattern rule with stem 'checkrom.py.m'.
         Trying implicit prerequisite 'scripts/checkrom.py.m,v'.
         Trying pattern rule with stem 'checkrom.py.m'.
         Trying implicit prerequisite 'scripts/RCS/checkrom.py.m,v'.
         Trying pattern rule with stem 'checkrom.py.m'.
         Trying implicit prerequisite 'scripts/RCS/checkrom.py.m'.
         Trying pattern rule with stem 'checkrom.py.m'.
         Trying implicit prerequisite 'scripts/s.checkrom.py.m'.
         Trying pattern rule with stem 'checkrom.py.m'.
         Trying implicit prerequisite 'scripts/SCCS/s.checkrom.py.m'.
         Trying pattern rule with stem 'checkrom.py'.
         Trying implicit prerequisite 'scripts/checkrom.py.ym'.
         Looking for a rule with intermediate file 'scripts/checkrom.py.ym'.
          Avoiding implicit rule recursion.
          Avoiding implicit rule recursion.
          Avoiding implicit rule recursion.
          Trying pattern rule with stem 'checkrom.py.ym'.
          Trying implicit prerequisite 'scripts/checkrom.py.ym,v'.
          Trying pattern rule with stem 'checkrom.py.ym'.
          Trying implicit prerequisite 'scripts/RCS/checkrom.py.ym,v'.
          Trying pattern rule with stem 'checkrom.py.ym'.
          Trying implicit prerequisite 'scripts/RCS/checkrom.py.ym'.
          Trying pattern rule with stem 'checkrom.py.ym'.
          Trying implicit prerequisite 'scripts/s.checkrom.py.ym'.
          Trying pattern rule with stem 'checkrom.py.ym'.
          Trying implicit prerequisite 'scripts/SCCS/s.checkrom.py.ym'.
        Trying pattern rule with stem 'checkrom.py'.
        Rejecting impossible implicit prerequisite 'scripts/checkrom.py.r'.
        Trying pattern rule with stem 'checkrom.py'.
        Trying implicit prerequisite 'scripts/checkrom.py.s'.
        Looking for a rule with intermediate file 'scripts/checkrom.py.s'.
         Avoiding implicit rule recursion.
         Avoiding implicit rule recursion.
         Trying pattern rule with stem 'checkrom.py'.
         Trying implicit prerequisite 'scripts/checkrom.py.S'.
         Trying pattern rule with stem 'checkrom.py.s'.
         Trying implicit prerequisite 'scripts/checkrom.py.s,v'.
         Trying pattern rule with stem 'checkrom.py.s'.
         Trying implicit prerequisite 'scripts/RCS/checkrom.py.s,v'.
         Trying pattern rule with stem 'checkrom.py.s'.
         Trying implicit prerequisite 'scripts/RCS/checkrom.py.s'.
         Trying pattern rule with stem 'checkrom.py.s'.
         Trying implicit prerequisite 'scripts/s.checkrom.py.s'.
         Trying pattern rule with stem 'checkrom.py.s'.
         Trying implicit prerequisite 'scripts/SCCS/s.checkrom.py.s'.
         Trying pattern rule with stem 'checkrom.py'.
         Trying implicit prerequisite 'scripts/checkrom.py.S'.
         Looking for a rule with intermediate file 'scripts/checkrom.py.S'.
          Avoiding implicit rule recursion.
          Avoiding implicit rule recursion.
          Avoiding implicit rule recursion.
          Trying pattern rule with stem 'checkrom.py.S'.
          Trying implicit prerequisite 'scripts/checkrom.py.S,v'.
          Trying pattern rule with stem 'checkrom.py.S'.
          Trying implicit prerequisite 'scripts/RCS/checkrom.py.S,v'.
          Trying pattern rule with stem 'checkrom.py.S'.
          Trying implicit prerequisite 'scripts/RCS/checkrom.py.S'.
          Trying pattern rule with stem 'checkrom.py.S'.
          Trying implicit prerequisite 'scripts/s.checkrom.py.S'.
          Trying pattern rule with stem 'checkrom.py.S'.
          Trying implicit prerequisite 'scripts/SCCS/s.checkrom.py.S'.
        Trying pattern rule with stem 'checkrom.py'.
        Rejecting impossible implicit prerequisite 'scripts/checkrom.py.S'.
        Trying pattern rule with stem 'checkrom.py'.
        Trying implicit prerequisite 'scripts/checkrom.py.mod'.
        Looking for a rule with intermediate file 'scripts/checkrom.py.mod'.
         Avoiding implicit rule recursion.
         Avoiding implicit rule recursion.
         Trying pattern rule with stem 'checkrom.py.mod'.
         Trying implicit prerequisite 'scripts/checkrom.py.mod,v'.
         Trying pattern rule with stem 'checkrom.py.mod'.
         Trying implicit prerequisite 'scripts/RCS/checkrom.py.mod,v'.
         Trying pattern rule with stem 'checkrom.py.mod'.
         Trying implicit prerequisite 'scripts/RCS/checkrom.py.mod'.
         Trying pattern rule with stem 'checkrom.py.mod'.
         Trying implicit prerequisite 'scripts/s.checkrom.py.mod'.
         Trying pattern rule with stem 'checkrom.py.mod'.
         Trying implicit prerequisite 'scripts/SCCS/s.checkrom.py.mod'.
       Trying pattern rule with stem 'checkrom.py'.
       Rejecting impossible implicit prerequisite 'scripts/checkrom.py.c'.
       Trying pattern rule with stem 'checkrom.py'.
       Rejecting impossible implicit prerequisite 'scripts/checkrom.py.cc'.
       Trying pattern rule with stem 'checkrom.py'.
       Rejecting impossible implicit prerequisite 'scripts/checkrom.py.C'.
       Trying pattern rule with stem 'checkrom.py'.
       Rejecting impossible implicit prerequisite 'scripts/checkrom.py.cpp'.
       Trying pattern rule with stem 'checkrom.py'.
       Rejecting impossible implicit prerequisite 'scripts/checkrom.py.p'.
       Trying pattern rule with stem 'checkrom.py'.
       Rejecting impossible implicit prerequisite 'scripts/checkrom.py.f'.
       Trying pattern rule with stem 'checkrom.py'.
       Rejecting impossible implicit prerequisite 'scripts/checkrom.py.F'.
       Trying pattern rule with stem 'checkrom.py'.
       Rejecting impossible implicit prerequisite 'scripts/checkrom.py.m'.
       Trying pattern rule with stem 'checkrom.py'.
       Rejecting impossible implicit prerequisite 'scripts/checkrom.py.r'.
       Trying pattern rule with stem 'checkrom.py'.
       Rejecting impossible implicit prerequisite 'scripts/checkrom.py.s'.
       Trying pattern rule with stem 'checkrom.py'.
       Rejecting impossible implicit prerequisite 'scripts/checkrom.py.S'.
       Trying pattern rule with stem 'checkrom.py'.
       Rejecting impossible implicit prerequisite 'scripts/checkrom.py.mod'.
       Trying pattern rule with stem 'checkrom.py'.
       Trying implicit prerequisite 'scripts/checkrom.py.sh'.
       Looking for a rule with intermediate file 'scripts/checkrom.py.sh'.
        Avoiding implicit rule recursion.
        Trying pattern rule with stem 'checkrom.py.sh'.
        Trying implicit prerequisite 'scripts/checkrom.py.sh,v'.
        Trying pattern rule with stem 'checkrom.py.sh'.
        Trying implicit prerequisite 'scripts/RCS/checkrom.py.sh,v'.
        Trying pattern rule with stem 'checkrom.py.sh'.
        Trying implicit prerequisite 'scripts/RCS/checkrom.py.sh'.
        Trying pattern rule with stem 'checkrom.py.sh'.
        Trying implicit prerequisite 'scripts/s.checkrom.py.sh'.
        Trying pattern rule with stem 'checkrom.py.sh'.
        Trying implicit prerequisite 'scripts/SCCS/s.checkrom.py.sh'.
       No implicit rule found for 'scripts/checkrom.py'.
       Finished prerequisites of target file 'scripts/checkrom.py'.
      No need to remake target 'scripts/checkrom.py'.
     Finished prerequisites of target file 'out/bios.bin.prep'.
    Must remake target 'out/bios.bin.prep'.
Putting child 0x218fb720 (out/bios.bin.prep) PID 5440 on the chain.
Live child 0x218fb720 (out/bios.bin.prep) PID 5440 
  Prepping out/bios.bin.prep
Reaping winning child 0x218fb720 PID 5440 
Live child 0x218fb720 (out/bios.bin.prep) PID 5441 
Reaping winning child 0x218fb720 PID 5441 
Live child 0x218fb720 (out/bios.bin.prep) PID 5442 
Reaping winning child 0x218fb720 PID 5442 
Live child 0x218fb720 (out/bios.bin.prep) PID 5444 
Reaping winning child 0x218fb720 PID 5444 
Live child 0x218fb720 (out/bios.bin.prep) PID 5445 
Total size: 181952  Fixed: 90752  Free: 80192 (used 69.4% of 256KiB rom)
Reaping winning child 0x218fb720 PID 5445 
Removing child 0x218fb720 PID 5445 from chain.
    Successfully remade target file 'out/bios.bin.prep'.
   Finished prerequisites of target file 'out/bios.bin'.
  Must remake target 'out/bios.bin'.
Putting child 0x218fba10 (out/bios.bin) PID 5446 on the chain.
Live child 0x218fba10 (out/bios.bin) PID 5446 
  Creating out/bios.bin
Reaping winning child 0x218fba10 PID 5446 
Live child 0x218fba10 (out/bios.bin) PID 5447 
Reaping winning child 0x218fba10 PID 5447 
Removing child 0x218fba10 PID 5447 from chain.
  Successfully remade target file 'out/bios.bin'.
 Finished prerequisites of target file 'all'.
Must remake target 'all'.
Successfully remade target file 'all'.
